paper_id,journal,year,active,passive,total,active_ratio,citations_total,citations_per_year,years_since,jif
10.1002_cncr.20745,Cancer,2005,167,55,222,0.7522522522522522,96.0,4.571,21,4.8
10.1002_cncr.20771,Cancer,2005,163,42,205,0.7951219512195122,79.0,3.762,21,4.8
10.1002_cncr.20792,Cancer,2005,216,47,263,0.8212927756653993,174.0,8.286,21,4.8
10.1002_cncr.20795,Cancer,2005,126,58,184,0.6847826086956522,20.0,0.952,21,4.8
10.1002_cncr.20871,Cancer,2005,175,73,248,0.7056451612903226,57.0,2.714,21,4.8
10.1002_cncr.20887,Cancer,2005,263,77,340,0.7735294117647059,70.0,3.333,21,4.8
10.1002_cncr.20902,Cancer,2005,134,61,195,0.6871794871794872,57.0,2.714,21,4.8
10.1002_cncr.20903,Cancer,2005,167,38,205,0.8146341463414634,305.0,14.524,21,4.8
10.1002_cncr.20914,Cancer,2005,201,47,248,0.8104838709677419,38.0,1.81,21,4.8
10.1002_cncr.20915,Cancer,2005,115,83,198,0.5808080808080808,37.0,1.762,21,4.8
10.1002_cncr.20935,Cancer,2005,50,22,72,0.6944444444444444,8.0,0.381,21,4.8
10.1002_cncr.20945,Cancer,2005,112,53,165,0.6787878787878788,192.0,9.143,21,4.8
10.1002_cncr.20949,Cancer,2005,216,88,304,0.7105263157894737,20.0,0.952,21,4.8
10.1002_cncr.20951,Cancer,2005,131,65,196,0.6683673469387755,97.0,4.619,21,4.8
10.1002_cncr.21003,Cancer,2005,198,58,256,0.7734375,72.0,3.429,21,4.8
10.1002_cncr.21030,Cancer,2005,214,46,260,0.823076923076923,231.0,11.0,21,4.8
10.1002_cncr.21048,Cancer,2005,183,82,265,0.690566037735849,27.0,1.286,21,4.8
10.1002_cncr.21054,Cancer,2005,131,63,194,0.6752577319587629,9.0,0.429,21,4.8
10.1002_cncr.21118,Cancer,2005,82,21,103,0.7961165048543689,0.0,0.0,21,4.8
10.1002_cncr.21156,Cancer,2005,258,50,308,0.8376623376623377,38.0,1.81,21,4.8
10.1002_cncr.21169,Cancer,2005,213,55,268,0.7947761194029851,71.0,3.381,21,4.8
10.1002_cncr.21184,Cancer,2005,145,45,190,0.7631578947368421,30.0,1.429,21,4.8
10.1002_cncr.21256,Cancer,2005,159,45,204,0.7794117647058824,12.0,0.571,21,4.8
10.1002_cncr.21259,Cancer,2005,153,70,223,0.6860986547085202,39.0,1.857,21,4.8
10.1002_cncr.21265,Cancer,2005,67,36,103,0.6504854368932039,227.0,10.81,21,4.8
10.1002_cncr.21266,Cancer,2005,181,96,277,0.6534296028880866,70.0,3.333,21,4.8
10.1002_cncr.21303,Cancer,2005,151,77,228,0.6622807017543859,109.0,5.19,21,4.8
10.1002_cncr.21313,Cancer,2005,179,41,220,0.8136363636363636,35.0,1.667,21,4.8
10.1002_cncr.21331,Cancer,2005,152,71,223,0.6816143497757847,220.0,10.476,21,4.8
10.1002_cncr.21334,Cancer,2005,145,44,189,0.7671957671957672,233.0,11.095,21,4.8
10.1002_cncr.21344,Cancer,2005,31,7,38,0.8157894736842105,3.0,0.143,21,4.8
10.1002_cncr.21347,Cancer,2005,149,106,255,0.5843137254901961,8.0,0.381,21,4.8
10.1002_cncr.21373,Cancer,2005,179,89,268,0.667910447761194,48.0,2.286,21,4.8
10.1002_cncr.21394,Cancer,2005,148,53,201,0.736318407960199,20.0,0.952,21,4.8
10.1002_cncr.21462,Cancer,2005,278,92,370,0.7513513513513513,163.0,7.762,21,4.8
10.1002_cncr.21485,Cancer,2005,168,57,225,0.7466666666666667,18.0,0.857,21,4.8
10.1002_cncr.21496,Cancer,2005,190,46,236,0.8050847457627118,574.0,27.333,21,4.8
10.1002_cncr.21504,Cancer,2005,68,7,75,0.9066666666666666,2.0,0.095,21,4.8
10.1002_cncr.21574,Cancer,2005,114,37,151,0.7549668874172185,160.0,7.619,21,4.8
10.1002_cncr.21589,Cancer,2005,116,74,190,0.6105263157894737,186.0,8.857,21,4.8
10.1002_cncr.24794,Cancer,2010,122,74,196,0.6224489795918368,18.0,1.125,16,5.131
10.1002_cncr.24857,Cancer,2010,150,62,212,0.7075471698113207,77.0,4.812,16,5.131
10.1002_cncr.24862,Cancer,2010,303,51,354,0.8559322033898306,290.0,18.125,16,5.131
10.1002_cncr.24877,Cancer,2010,173,41,214,0.8084112149532711,109.0,6.812,16,5.131
10.1002_cncr.24884,Cancer,2010,161,107,268,0.6007462686567164,188.0,11.75,16,5.131
10.1002_cncr.24887,Cancer,2010,208,81,289,0.7197231833910035,42.0,2.625,16,5.131
10.1002_cncr.24900,Cancer,2010,116,81,197,0.5888324873096447,7.0,0.438,16,5.131
10.1002_cncr.24917,Cancer,2010,176,58,234,0.7521367521367521,102.0,6.375,16,5.131
10.1002_cncr.24925,Cancer,2010,139,50,189,0.7354497354497355,51.0,3.188,16,5.131
10.1002_cncr.24943,Cancer,2010,134,56,190,0.7052631578947368,25.0,1.562,16,5.131
10.1002_cncr.24946,Cancer,2010,103,49,152,0.6776315789473685,40.0,2.5,16,5.131
10.1002_cncr.24973,Cancer,2010,174,94,268,0.6492537313432836,49.0,3.062,16,5.131
10.1002_cncr.24991,Cancer,2010,15,7,22,0.6818181818181818,9.0,0.562,16,5.131
10.1002_cncr.24992,Cancer,2010,27,2,29,0.9310344827586208,0.0,0.0,16,5.131
10.1002_cncr.25016,Cancer,2010,204,51,255,0.8,106.0,6.625,16,5.131
10.1002_cncr.25028,Cancer,2010,145,62,207,0.7004830917874396,36.0,2.25,16,5.131
10.1002_cncr.25047,Cancer,2010,153,72,225,0.68,52.0,3.25,16,5.131
10.1002_cncr.25125,Cancer,2010,145,112,257,0.5642023346303502,74.0,4.625,16,5.131
10.1002_cncr.25142,Cancer,2010,164,77,241,0.6804979253112033,109.0,6.812,16,5.131
10.1002_cncr.25170,Cancer,2010,61,11,72,0.8472222222222222,18.0,1.125,16,5.131
10.1002_cncr.25180,Cancer,2010,253,83,336,0.7529761904761905,40.0,2.5,16,5.131
10.1002_cncr.25207,Cancer,2010,146,48,194,0.7525773195876289,37.0,2.312,16,5.131
10.1002_cncr.25209,Cancer,2010,190,46,236,0.8050847457627118,260.0,16.25,16,5.131
10.1002_cncr.25211,Cancer,2010,136,79,215,0.6325581395348837,35.0,2.188,16,5.131
10.1002_cncr.25239,Cancer,2010,31,8,39,0.7948717948717948,2.0,0.125,16,5.131
10.1002_cncr.25280,Cancer,2010,187,71,258,0.7248062015503876,19.0,1.188,16,5.131
10.1002_cncr.25366,Cancer,2010,171,75,246,0.6951219512195121,1.0,0.062,16,5.131
10.1002_cncr.25411,Cancer,2010,28,6,34,0.8235294117647058,0.0,0.0,16,5.131
10.1002_cncr.25414,Cancer,2010,204,28,232,0.8793103448275862,171.0,10.688,16,5.131
10.1002_cncr.25417,Cancer,2010,195,70,265,0.7358490566037735,33.0,2.062,16,5.131
10.1002_cncr.25426,Cancer,2010,185,165,350,0.5285714285714286,92.0,5.75,16,5.131
10.1002_cncr.25454,Cancer,2010,288,54,342,0.8421052631578947,143.0,8.938,16,5.131
10.1002_cncr.25486,Cancer,2010,137,67,204,0.6715686274509803,37.0,2.312,16,5.131
10.1002_cncr.25561,Cancer,2010,156,51,207,0.7536231884057971,35.0,2.188,16,5.131
10.1002_cncr.2820710206,Cancer,2010,88,32,120,0.7333333333333333,169.0,10.562,16,5.131
10.1002_cncr.29235,Cancer,2015,213,112,325,0.6553846153846153,66.0,6.0,11,5.649
10.1002_cncr.29238,Cancer,2015,114,58,172,0.6627906976744186,33.0,3.0,11,5.649
10.1002_cncr.29288,Cancer,2015,168,52,220,0.7636363636363637,43.0,3.909,11,5.649
10.1002_cncr.29297,Cancer,2015,134,47,181,0.7403314917127072,39.0,3.545,11,5.649
10.1002_cncr.29302,Cancer,2015,217,39,256,0.84765625,93.0,8.455,11,5.649
10.1002_cncr.29309,Cancer,2015,112,48,160,0.7,44.0,4.0,11,5.649
10.1002_cncr.29325,Cancer,2015,111,46,157,0.7070063694267515,144.0,13.091,11,5.649
10.1002_cncr.29334,Cancer,2015,163,45,208,0.7836538461538461,38.0,3.455,11,5.649
10.1002_cncr.29338,Cancer,2015,169,68,237,0.7130801687763713,50.0,4.545,11,5.649
10.1002_cncr.29350,Cancer,2015,193,82,275,0.7018181818181818,230.0,20.909,11,5.649
10.1002_cncr.29379,Cancer,2015,185,65,250,0.74,121.0,11.0,11,5.649
10.1002_cncr.29389,Cancer,2015,112,39,151,0.7417218543046358,18.0,1.636,11,5.649
10.1002_cncr.29400,Cancer,2015,199,51,250,0.796,157.0,14.273,11,5.649
10.1002_cncr.29402,Cancer,2015,180,44,224,0.8035714285714286,63.0,5.727,11,5.649
10.1002_cncr.29408,Cancer,2015,53,16,69,0.7681159420289855,2.0,0.182,11,5.649
10.1002_cncr.29409,Cancer,2015,151,58,209,0.722488038277512,49.0,4.455,11,5.649
10.1002_cncr.29415,Cancer,2015,148,57,205,0.7219512195121951,32.0,2.909,11,5.649
10.1002_cncr.29425,Cancer,2015,20,8,28,0.7142857142857143,3.0,0.273,11,5.649
10.1002_cncr.29461,Cancer,2015,129,29,158,0.8164556962025317,30.0,2.727,11,5.649
10.1002_cncr.29478,Cancer,2015,26,3,29,0.896551724137931,0.0,0.0,11,5.649
10.1002_cncr.29482,Cancer,2015,39,13,52,0.75,0.0,0.0,11,5.649
10.1002_cncr.29488,Cancer,2015,169,53,222,0.7612612612612613,109.0,9.909,11,5.649
10.1002_cncr.29494,Cancer,2015,155,42,197,0.7868020304568528,112.0,10.182,11,5.649
10.1002_cncr.29513,Cancer,2015,17,9,26,0.6538461538461539,10.0,0.909,11,5.649
10.1002_cncr.29539,Cancer,2015,31,6,37,0.8378378378378378,0.0,0.0,11,5.649
10.1002_cncr.29548,Cancer,2015,195,80,275,0.7090909090909091,20.0,1.818,11,5.649
10.1002_cncr.29604,Cancer,2015,169,73,242,0.6983471074380165,79.0,7.182,11,5.649
10.1002_cncr.29642,Cancer,2015,178,23,201,0.8855721393034826,34.0,3.091,11,5.649
10.1002_cncr.29757,Cancer,2015,24,3,27,0.8888888888888888,0.0,0.0,11,5.649
10.1002_cncr.32678,Cancer,2020,174,46,220,0.7909090909090909,21.0,3.5,6,6.86
10.1002_cncr.32693,Cancer,2020,175,45,220,0.7954545454545454,55.0,9.167,6,6.86
10.1002_cncr.32743,Cancer,2020,27,5,32,0.84375,0.0,0.0,6,6.86
10.1002_cncr.32785,Cancer,2020,70,14,84,0.8333333333333334,1.0,0.167,6,6.86
10.1002_cncr.32792,Cancer,2020,196,61,257,0.7626459143968871,74.0,12.333,6,6.86
10.1002_cncr.32794,Cancer,2020,114,16,130,0.8769230769230769,49.0,8.167,6,6.86
10.1002_cncr.32807,Cancer,2020,177,63,240,0.7375,52.0,8.667,6,6.86
10.1002_cncr.32808,Cancer,2020,140,61,201,0.6965174129353234,21.0,3.5,6,6.86
10.1002_cncr.32812,Cancer,2020,53,8,61,0.8688524590163934,0.0,0.0,6,6.86
10.1002_cncr.32815,Cancer,2020,162,89,251,0.6454183266932271,24.0,4.0,6,6.86
10.1002_cncr.32851,Cancer,2020,136,53,189,0.7195767195767195,73.0,12.167,6,6.86
10.1002_cncr.32901,Cancer,2020,127,49,176,0.7215909090909091,23.0,3.833,6,6.86
10.1002_cncr.32921,Cancer,2020,152,69,221,0.6877828054298643,28.0,4.667,6,6.86
10.1002_cncr.32926,Cancer,2020,157,57,214,0.7336448598130841,13.0,2.167,6,6.86
10.1002_cncr.32976,Cancer,2020,173,66,239,0.7238493723849372,16.0,2.667,6,6.86
10.1002_cncr.32996,Cancer,2020,190,69,259,0.7335907335907336,45.0,7.5,6,6.86
10.1002_cncr.33041,Cancer,2020,212,57,269,0.7881040892193308,51.0,8.5,6,6.86
10.1002_cncr.33050,Cancer,2020,149,57,206,0.7233009708737864,88.0,14.667,6,6.86
10.1002_cncr.33054,Cancer,2020,175,65,240,0.7291666666666666,15.0,2.5,6,6.86
10.1002_cncr.33069,Cancer,2020,35,18,53,0.660377358490566,0.0,0.0,6,6.86
10.1002_cncr.33072,Cancer,2020,148,48,196,0.7551020408163265,8.0,1.333,6,6.86
10.1002_cncr.33078,Cancer,2020,228,49,277,0.8231046931407943,87.0,14.5,6,6.86
10.1002_cncr.33110,Cancer,2020,26,5,31,0.8387096774193549,0.0,0.0,6,6.86
10.1002_cncr.33181,Cancer,2020,164,81,245,0.6693877551020408,37.0,6.167,6,6.86
10.1002_cncr.33196,Cancer,2020,181,37,218,0.8302752293577982,33.0,5.5,6,6.86
10.1002_cncr.33210,Cancer,2020,90,30,120,0.75,8.0,1.333,6,6.86
10.1002_cncr.33233,Cancer,2020,148,70,218,0.6788990825688074,74.0,12.333,6,6.86
10.1002_cncr.33277,Cancer,2020,45,12,57,0.7894736842105263,0.0,0.0,6,6.86
10.1002_cncr.35677,Cancer,2025,243,53,296,0.8209459459459459,2.0,2.0,1,5.6
10.1002_cncr.35686,Cancer,2025,43,3,46,0.9347826086956522,0.0,0.0,1,5.6
10.1002_cncr.35694,Cancer,2025,287,68,355,0.8084507042253521,2.0,2.0,1,5.6
10.1002_cncr.35707,Cancer,2025,184,68,252,0.7301587301587301,9.0,9.0,1,5.6
10.1002_cncr.35744,Cancer,2025,29,6,35,0.8285714285714286,0.0,0.0,1,5.6
10.1002_cncr.35761,Cancer,2025,31,9,40,0.775,0.0,0.0,1,5.6
10.1002_cncr.35771,Cancer,2025,195,63,258,0.7558139534883721,4.0,4.0,1,5.6
10.1002_cncr.35774,Cancer,2025,70,13,83,0.8433734939759037,0.0,0.0,1,5.6
10.1002_cncr.35780,Cancer,2025,453,55,508,0.8917322834645669,11.0,11.0,1,5.6
10.1002_cncr.35793,Cancer,2025,227,38,265,0.8566037735849057,3.0,3.0,1,5.6
10.1002_cncr.35799,Cancer,2025,197,61,258,0.7635658914728682,20.0,20.0,1,5.6
10.1002_cncr.35801,Cancer,2025,239,60,299,0.7993311036789298,14.0,14.0,1,5.6
10.1002_cncr.35836,Cancer,2025,223,62,285,0.7824561403508772,2.0,2.0,1,5.6
10.1002_cncr.35845,Cancer,2025,185,59,244,0.7581967213114754,2.0,2.0,1,5.6
10.1002_cncr.35870,Cancer,2025,429,106,535,0.8018691588785046,3.0,3.0,1,5.6
10.1002_cncr.35898,Cancer,2025,41,16,57,0.7192982456140351,0.0,0.0,1,5.6
10.1002_cncr.35914,Cancer,2025,19,6,25,0.76,0.0,0.0,1,5.6
10.1002_cncr.35918,Cancer,2025,163,72,235,0.6936170212765957,5.0,5.0,1,5.6
10.1002_cncr.35929,Cancer,2025,223,51,274,0.8138686131386861,5.0,5.0,1,5.6
10.1002_cncr.35946,Cancer,2025,188,30,218,0.8623853211009175,0.0,0.0,1,5.6
10.1002_cncr.70002,Cancer,2025,17,7,24,0.7083333333333334,0.0,0.0,1,5.6
10.1002_cncr.70028,Cancer,2025,272,67,339,0.8023598820058997,4.0,4.0,1,5.6
10.1002_cncr.70038,Cancer,2025,222,38,260,0.8538461538461538,10.0,10.0,1,5.6
10.1002_cncr.70064,Cancer,2025,158,67,225,0.7022222222222222,6.0,6.0,1,5.6
10.1002_cncr.70085,Cancer,2025,464,43,507,0.9151873767258384,2.0,2.0,1,5.6
10.1002_cncr.70093,Cancer,2025,228,57,285,0.8,0.0,0.0,1,5.6
10.1002_cncr.70133,Cancer,2025,182,38,220,0.8272727272727273,1.0,1.0,1,5.6
10.1002_cncr.70157,Cancer,2025,305,87,392,0.7780612244897959,1.0,1.0,1,5.6
10.1002_cncr.70168,Cancer,2025,244,51,295,0.8271186440677966,3.0,3.0,1,5.6
10.1002_cncr.70204,Cancer,2025,358,58,416,0.8605769230769231,4.0,4.0,1,5.6
10.1002_cncr.70211,Cancer,2025,265,58,323,0.8204334365325078,1.0,1.0,1,5.6
10.1111_j.1399-0004.2004.00400.x,Clinical_Genetics,2005,138,73,211,0.6540284360189573,10.0,0.476,21,3.276
10.1111_j.1399-0004.2005.00401.x,Clinical_Genetics,2005,106,50,156,0.6794871794871795,58.0,2.762,21,3.276
10.1111_j.1399-0004.2005.00406.x,Clinical_Genetics,2005,240,80,320,0.75,33.0,1.571,21,3.276
10.1111_j.1399-0004.2005.00413.x,Clinical_Genetics,2005,112,41,153,0.7320261437908496,62.0,2.952,21,3.276
10.1111_j.1399-0004.2005.00415.x,Clinical_Genetics,2005,22,10,32,0.6875,0.0,0.0,21,3.276
10.1111_j.1399-0004.2005.00419.x,Clinical_Genetics,2005,28,10,38,0.7368421052631579,0.0,0.0,21,3.276
10.1111_j.1399-0004.2005.00424.x,Clinical_Genetics,2005,204,65,269,0.758364312267658,75.0,3.571,21,3.276
10.1111_j.1399-0004.2005.00425.x,Clinical_Genetics,2005,155,39,194,0.7989690721649485,72.0,3.429,21,3.276
10.1111_j.1399-0004.2005.00445.x,Clinical_Genetics,2005,158,76,234,0.6752136752136753,30.0,1.429,21,3.276
10.1111_j.1399-0004.2005.00450.x,Clinical_Genetics,2005,114,48,162,0.7037037037037037,36.0,1.714,21,3.276
10.1111_j.1399-0004.2005.00455.x,Clinical_Genetics,2005,230,73,303,0.759075907590759,29.0,1.381,21,3.276
10.1111_j.1399-0004.2005.00461.x,Clinical_Genetics,2005,205,52,257,0.7976653696498055,10.0,0.476,21,3.276
10.1111_j.1399-0004.2005.00469.x,Clinical_Genetics,2005,197,50,247,0.7975708502024291,41.0,1.952,21,3.276
10.1111_j.1399-0004.2005.00471.x,Clinical_Genetics,2005,158,69,227,0.6960352422907489,30.0,1.429,21,3.276
10.1111_j.1399-0004.2005.00480.x,Clinical_Genetics,2005,291,46,337,0.8635014836795252,62.0,2.952,21,3.276
10.1111_j.1399-0004.2005.00483.x,Clinical_Genetics,2005,159,52,211,0.7535545023696683,25.0,1.19,21,3.276
10.1111_j.1399-0004.2005.00504.x,Clinical_Genetics,2005,117,51,168,0.6964285714285714,89.0,4.238,21,3.276
10.1111_j.1399-0004.2005.00527.x,Clinical_Genetics,2005,79,24,103,0.7669902912621359,17.0,0.81,21,3.276
10.1111_j.1399-0004.2005.0430a.x,Clinical_Genetics,2005,70,39,109,0.6422018348623854,0.0,0.0,21,3.276
10.1111_j.1399-0004.2005.0453a.x,Clinical_Genetics,2005,57,31,88,0.6477272727272727,2.0,0.095,21,3.276
10.1111_j.1399-0004.2005.0473b.x,Clinical_Genetics,2005,65,41,106,0.6132075471698113,0.0,0.0,21,3.276
10.1111_j.1399-0004.2005.0473d.x,Clinical_Genetics,2005,65,41,106,0.6132075471698113,0.0,0.0,21,3.276
10.1111_j.1399-0004.2005.0479b.x,Clinical_Genetics,2005,121,45,166,0.7289156626506024,0.0,0.0,21,3.276
10.1111_j.1399-0004.2005.0526b.x,Clinical_Genetics,2005,87,44,131,0.6641221374045801,1.0,0.048,21,3.276
10.1111_j.1399-0004.2005.0526c.x,Clinical_Genetics,2005,87,44,131,0.6641221374045801,0.0,0.0,21,3.276
10.1111_j.1399-0004.2009.01302.x,Clinical_Genetics,2010,34,10,44,0.7727272727272727,1.0,0.062,16,2.942
10.1111_j.1399-0004.2009.01315.x,Clinical_Genetics,2010,195,52,247,0.7894736842105263,106.0,6.625,16,2.942
10.1111_j.1399-0004.2009.01325.x,Clinical_Genetics,2010,238,80,318,0.7484276729559748,89.0,5.562,16,2.942
10.1111_j.1399-0004.2009.01329.x,Clinical_Genetics,2010,201,39,240,0.8375,119.0,7.438,16,2.942
10.1111_j.1399-0004.2009.01343.x,Clinical_Genetics,2010,94,38,132,0.7121212121212122,2.0,0.125,16,2.942
10.1111_j.1399-0004.2009.01357.x,Clinical_Genetics,2010,123,46,169,0.727810650887574,34.0,2.125,16,2.942
10.1111_j.1399-0004.2009.01365_3.x,Clinical_Genetics,2010,31,7,38,0.8157894736842105,10.0,0.625,16,2.942
10.1111_j.1399-0004.2009.01366_1.x,Clinical_Genetics,2010,50,14,64,0.78125,12.0,0.75,16,2.942
10.1111_j.1399-0004.2010.01370.x,Clinical_Genetics,2010,314,71,385,0.8155844155844156,94.0,5.875,16,2.942
10.1111_j.1399-0004.2010.01374.x,Clinical_Genetics,2010,192,74,266,0.7218045112781954,151.0,9.438,16,2.942
10.1111_j.1399-0004.2010.01380.x,Clinical_Genetics,2010,176,49,225,0.7822222222222223,87.0,5.438,16,2.942
10.1111_j.1399-0004.2010.01388.x,Clinical_Genetics,2010,136,34,170,0.8,75.0,4.688,16,2.942
10.1111_j.1399-0004.2010.01391.x,Clinical_Genetics,2010,224,62,286,0.7832167832167832,26.0,1.625,16,2.942
10.1111_j.1399-0004.2010.01397.x,Clinical_Genetics,2010,407,94,501,0.812375249500998,85.0,5.312,16,2.942
10.1111_j.1399-0004.2010.01403.x,Clinical_Genetics,2010,81,30,111,0.7297297297297297,30.0,1.875,16,2.942
10.1111_j.1399-0004.2010.01404.x,Clinical_Genetics,2010,122,22,144,0.8472222222222222,33.0,2.062,16,2.942
10.1111_j.1399-0004.2010.01417.x,Clinical_Genetics,2010,160,57,217,0.7373271889400922,34.0,2.125,16,2.942
10.1111_j.1399-0004.2010.01424.x,Clinical_Genetics,2010,130,56,186,0.6989247311827957,22.0,1.375,16,2.942
10.1111_j.1399-0004.2010.01452_3.x,Clinical_Genetics,2010,31,12,43,0.7209302325581395,4.0,0.25,16,2.942
10.1111_j.1399-0004.2010.01530_2.x,Clinical_Genetics,2010,28,14,42,0.6666666666666666,8.0,0.5,16,2.942
10.1111_j.1399-0004.2010.01530_3.x,Clinical_Genetics,2010,44,13,57,0.7719298245614035,0.0,0.0,16,2.942
10.1111_j.1399-0004.2010.01559.x,Clinical_Genetics,2010,36,23,59,0.6101694915254238,0.0,0.0,16,2.942
10.1111_j.1399-0004.2010.01566.x,Clinical_Genetics,2010,199,173,372,0.5349462365591398,0.0,0.0,16,2.942
10.1111_j.1399-0004.2010.01571.x,Clinical_Genetics,2010,23,11,34,0.6764705882352942,0.0,0.0,16,2.942
10.1111_j.1399-0004.2010.01584.x,Clinical_Genetics,2010,520,323,843,0.6168446026097272,0.0,0.0,16,2.942
10.1111_cge.12534,Clinical_Genetics,2015,113,33,146,0.773972602739726,11.0,1.0,11,3.892
10.1111_cge.12536,Clinical_Genetics,2015,228,32,260,0.8769230769230769,15.0,1.364,11,3.892
10.1111_cge.12548,Clinical_Genetics,2015,235,81,316,0.7436708860759493,46.0,4.182,11,3.892
10.1111_cge.12550,Clinical_Genetics,2015,191,71,262,0.7290076335877863,54.0,4.909,11,3.892
10.1111_cge.12551,Clinical_Genetics,2015,150,53,203,0.7389162561576355,93.0,8.455,11,3.892
10.1111_cge.12552,Clinical_Genetics,2015,139,58,197,0.7055837563451777,19.0,1.727,11,3.892
10.1111_cge.12553,Clinical_Genetics,2015,151,82,233,0.648068669527897,35.0,3.182,11,3.892
10.1111_cge.12557,Clinical_Genetics,2015,334,64,398,0.8391959798994975,31.0,2.818,11,3.892
10.1111_cge.12560,Clinical_Genetics,2015,165,77,242,0.6818181818181818,32.0,2.909,11,3.892
10.1111_cge.12561,Clinical_Genetics,2015,139,43,182,0.7637362637362637,28.0,2.545,11,3.892
10.1111_cge.12563,Clinical_Genetics,2015,193,54,247,0.7813765182186235,43.0,3.909,11,3.892
10.1111_cge.12568,Clinical_Genetics,2015,256,55,311,0.8231511254019293,47.0,4.273,11,3.892
10.1111_cge.12580,Clinical_Genetics,2015,129,38,167,0.7724550898203593,5.0,0.455,11,3.892
10.1111_cge.12583,Clinical_Genetics,2015,27,12,39,0.6923076923076923,0.0,0.0,11,3.892
10.1111_cge.12584,Clinical_Genetics,2015,25,9,34,0.7352941176470589,1.0,0.091,11,3.892
10.1111_cge.12611,Clinical_Genetics,2015,32,15,47,0.6808510638297872,3.0,0.273,11,3.892
10.1111_cge.12615,Clinical_Genetics,2015,29,16,45,0.6444444444444445,3.0,0.273,11,3.892
10.1111_cge.12624,Clinical_Genetics,2015,27,13,40,0.675,0.0,0.0,11,3.892
10.1111_cge.12634,Clinical_Genetics,2015,75,43,118,0.635593220338983,41.0,3.727,11,3.892
10.1111_cge.12637,Clinical_Genetics,2015,147,82,229,0.6419213973799127,58.0,5.273,11,3.892
10.1111_cge.12681,Clinical_Genetics,2015,27,4,31,0.8709677419354839,17.0,1.545,11,3.892
10.1111_cge.13691,Clinical_Genetics,2020,87,37,124,0.7016129032258065,8.0,1.333,6,4.438
10.1111_cge.13694,Clinical_Genetics,2020,99,43,142,0.6971830985915493,39.0,6.5,6,4.438
10.1111_cge.13700,Clinical_Genetics,2020,89,38,127,0.7007874015748031,24.0,4.0,6,4.438
10.1111_cge.13702,Clinical_Genetics,2020,117,39,156,0.75,46.0,7.667,6,4.438
10.1111_cge.13705,Clinical_Genetics,2020,401,94,495,0.8101010101010101,52.0,8.667,6,4.438
10.1111_cge.13712,Clinical_Genetics,2020,89,36,125,0.712,27.0,4.5,6,4.438
10.1111_cge.13722,Clinical_Genetics,2020,95,28,123,0.7723577235772358,38.0,6.333,6,4.438
10.1111_cge.13731,Clinical_Genetics,2020,122,34,156,0.782051282051282,17.0,2.833,6,4.438
10.1111_cge.13736,Clinical_Genetics,2020,156,79,235,0.6638297872340425,15.0,2.5,6,4.438
10.1111_cge.13738,Clinical_Genetics,2020,246,77,323,0.7616099071207431,3.0,0.5,6,4.438
10.1111_cge.13739,Clinical_Genetics,2020,102,45,147,0.6938775510204082,8.0,1.333,6,4.438
10.1111_cge.13740,Clinical_Genetics,2020,88,52,140,0.6285714285714286,21.0,3.5,6,4.438
10.1111_cge.13756,Clinical_Genetics,2020,117,47,164,0.7134146341463414,18.0,3.0,6,4.438
10.1111_cge.13765,Clinical_Genetics,2020,82,46,128,0.640625,47.0,7.833,6,4.438
10.1111_cge.13773,Clinical_Genetics,2020,202,106,308,0.6558441558441559,34.0,5.667,6,4.438
10.1111_cge.13793,Clinical_Genetics,2020,86,28,114,0.7543859649122807,22.0,3.667,6,4.438
10.1111_cge.13801,Clinical_Genetics,2020,270,109,379,0.712401055408971,26.0,4.333,6,4.438
10.1111_cge.13804,Clinical_Genetics,2020,85,25,110,0.7727272727272727,15.0,2.5,6,4.438
10.1111_cge.13812,Clinical_Genetics,2020,193,80,273,0.706959706959707,18.0,3.0,6,4.438
10.1111_cge.13813,Clinical_Genetics,2020,105,35,140,0.75,9.0,1.5,6,4.438
10.1111_cge.13814,Clinical_Genetics,2020,239,90,329,0.7264437689969605,9.0,1.5,6,4.438
10.1111_cge.13822,Clinical_Genetics,2020,111,59,170,0.6529411764705882,10.0,1.667,6,4.438
10.1111_cge.13824,Clinical_Genetics,2020,130,37,167,0.7784431137724551,7.0,1.167,6,4.438
10.1111_cge.13826,Clinical_Genetics,2020,253,82,335,0.755223880597015,21.0,3.5,6,4.438
10.1111_cge.13834,Clinical_Genetics,2020,136,31,167,0.8143712574850299,11.0,1.833,6,4.438
10.1111_cge.14692,Clinical_Genetics,2025,148,64,212,0.6981132075471698,5.0,5.0,1,2.1
10.1111_cge.14697,Clinical_Genetics,2025,173,34,207,0.8357487922705314,10.0,10.0,1,2.1
10.1111_cge.14698,Clinical_Genetics,2025,78,28,106,0.7358490566037735,2.0,2.0,1,2.1
10.1111_cge.14703,Clinical_Genetics,2025,82,31,113,0.7256637168141593,1.0,1.0,1,2.1
10.1111_cge.14709,Clinical_Genetics,2025,103,35,138,0.7463768115942029,2.0,2.0,1,2.1
10.1111_cge.14713,Clinical_Genetics,2025,114,60,174,0.6551724137931034,3.0,3.0,1,2.1
10.1111_cge.14719,Clinical_Genetics,2025,162,86,248,0.6532258064516129,3.0,3.0,1,2.1
10.1111_cge.14725,Clinical_Genetics,2025,48,15,63,0.7619047619047619,2.0,2.0,1,2.1
10.1111_cge.14737,Clinical_Genetics,2025,31,10,41,0.7560975609756098,1.0,1.0,1,2.1
10.1111_cge.14744,Clinical_Genetics,2025,94,46,140,0.6714285714285714,1.0,1.0,1,2.1
10.1111_cge.14746,Clinical_Genetics,2025,246,64,310,0.7935483870967742,1.0,1.0,1,2.1
10.1111_cge.14748,Clinical_Genetics,2025,90,45,135,0.6666666666666666,1.0,1.0,1,2.1
10.1111_cge.14764,Clinical_Genetics,2025,162,82,244,0.6639344262295082,3.0,3.0,1,2.1
10.1111_cge.14769,Clinical_Genetics,2025,109,97,206,0.529126213592233,0.0,0.0,1,2.1
10.1111_cge.14773,Clinical_Genetics,2025,85,61,146,0.5821917808219178,0.0,0.0,1,2.1
10.1111_cge.14774,Clinical_Genetics,2025,89,24,113,0.7876106194690266,0.0,0.0,1,2.1
10.1111_cge.14778,Clinical_Genetics,2025,162,77,239,0.6778242677824268,2.0,2.0,1,2.1
10.1111_cge.14782,Clinical_Genetics,2025,129,70,199,0.6482412060301508,2.0,2.0,1,2.1
10.1111_cge.14783,Clinical_Genetics,2025,84,36,120,0.7,1.0,1.0,1,2.1
10.1111_cge.70007,Clinical_Genetics,2025,41,15,56,0.7321428571428571,1.0,1.0,1,2.1
10.1111_cge.70025,Clinical_Genetics,2025,39,17,56,0.6964285714285714,1.0,1.0,1,2.1
10.1111_cge.70054,Clinical_Genetics,2025,44,17,61,0.7213114754098361,2.0,2.0,1,2.1
10.1111_cge.70066,Clinical_Genetics,2025,149,67,216,0.6898148148148148,0.0,0.0,1,2.1
10.1002_dvdy.20225,Developmental_Dynamics,2005,58,28,86,0.6744186046511628,15.0,0.714,21,3.333
10.1002_dvdy.20227,Developmental_Dynamics,2005,397,131,528,0.7518939393939394,51.0,2.429,21,3.333
10.1002_dvdy.20254,Developmental_Dynamics,2005,80,36,116,0.6896551724137931,55.0,2.619,21,3.333
10.1002_dvdy.20288,Developmental_Dynamics,2005,178,138,316,0.5632911392405063,76.0,3.619,21,3.333
10.1002_dvdy.20290,Developmental_Dynamics,2005,186,98,284,0.6549295774647887,54.0,2.571,21,3.333
10.1002_dvdy.20291,Developmental_Dynamics,2005,418,45,463,0.9028077753779696,64.0,3.048,21,3.333
10.1002_dvdy.20307,Developmental_Dynamics,2005,81,18,99,0.8181818181818182,19.0,0.905,21,3.333
10.1002_dvdy.20313,Developmental_Dynamics,2005,225,104,329,0.6838905775075987,45.0,2.143,21,3.333
10.1002_dvdy.20318,Developmental_Dynamics,2005,379,141,520,0.7288461538461538,31.0,1.476,21,3.333
10.1002_dvdy.20322,Developmental_Dynamics,2005,224,118,342,0.6549707602339181,19.0,0.905,21,3.333
10.1002_dvdy.20345,Developmental_Dynamics,2005,441,74,515,0.8563106796116505,649.0,30.905,21,3.333
10.1002_dvdy.20348,Developmental_Dynamics,2005,289,160,449,0.643652561247216,14.0,0.667,21,3.333
10.1002_dvdy.20359,Developmental_Dynamics,2005,219,53,272,0.8051470588235294,8.0,0.381,21,3.333
10.1002_dvdy.20364,Developmental_Dynamics,2005,282,120,402,0.7014925373134329,28.0,1.333,21,3.333
10.1002_dvdy.20382,Developmental_Dynamics,2005,194,147,341,0.5689149560117303,131.0,6.238,21,3.333
10.1002_dvdy.20391,Developmental_Dynamics,2005,167,107,274,0.6094890510948905,4.0,0.19,21,3.333
10.1002_dvdy.20409,Developmental_Dynamics,2005,306,166,472,0.6483050847457628,20.0,0.952,21,3.333
10.1002_dvdy.20434,Developmental_Dynamics,2005,322,132,454,0.7092511013215859,20.0,0.952,21,3.333
10.1002_dvdy.20435,Developmental_Dynamics,2005,148,65,213,0.6948356807511737,11.0,0.524,21,3.333
10.1002_dvdy.20436,Developmental_Dynamics,2005,226,121,347,0.6512968299711815,21.0,1.0,21,3.333
10.1002_dvdy.20444,Developmental_Dynamics,2005,182,82,264,0.6893939393939394,59.0,2.81,21,3.333
10.1002_dvdy.20454,Developmental_Dynamics,2005,211,97,308,0.685064935064935,37.0,1.762,21,3.333
10.1002_dvdy.20464,Developmental_Dynamics,2005,184,82,266,0.6917293233082706,17.0,0.81,21,3.333
10.1002_dvdy.20470,Developmental_Dynamics,2005,134,47,181,0.7403314917127072,11.0,0.524,21,3.333
10.1002_dvdy.20474,Developmental_Dynamics,2005,142,68,210,0.6761904761904762,30.0,1.429,21,3.333
10.1002_dvdy.20494,Developmental_Dynamics,2005,301,120,421,0.7149643705463183,48.0,2.286,21,3.333
10.1002_dvdy.20502,Developmental_Dynamics,2005,198,58,256,0.7734375,42.0,2.0,21,3.333
10.1002_dvdy.20503,Developmental_Dynamics,2005,167,58,225,0.7422222222222222,9.0,0.429,21,3.333
10.1002_dvdy.20506,Developmental_Dynamics,2005,134,89,223,0.600896860986547,15.0,0.714,21,3.333
10.1002_dvdy.20508,Developmental_Dynamics,2005,179,65,244,0.7336065573770492,19.0,0.905,21,3.333
10.1002_dvdy.20554,Developmental_Dynamics,2005,266,106,372,0.7150537634408602,79.0,3.762,21,3.333
10.1002_dvdy.20560,Developmental_Dynamics,2005,277,25,302,0.9172185430463576,0.0,0.0,21,3.333
10.1002_dvdy.20563,Developmental_Dynamics,2005,133,72,205,0.6487804878048781,4.0,0.19,21,3.333
10.1002_dvdy.20581,Developmental_Dynamics,2005,267,155,422,0.6327014218009479,64.0,3.048,21,3.333
10.1002_dvdy.20625,Developmental_Dynamics,2005,257,88,345,0.744927536231884,20.0,0.952,21,3.333
10.1002_dvdy.22161,Developmental_Dynamics,2010,232,98,330,0.703030303030303,127.0,7.938,16,2.864
10.1002_dvdy.22172,Developmental_Dynamics,2010,193,61,254,0.7598425196850394,57.0,3.562,16,2.864
10.1002_dvdy.22186,Developmental_Dynamics,2010,361,109,470,0.7680851063829788,11.0,0.688,16,2.864
10.1002_dvdy.22189,Developmental_Dynamics,2010,174,102,276,0.6304347826086957,13.0,0.812,16,2.864
10.1002_dvdy.22190,Developmental_Dynamics,2010,311,112,423,0.735224586288416,39.0,2.438,16,2.864
10.1002_dvdy.22192,Developmental_Dynamics,2010,272,139,411,0.6618004866180048,89.0,5.562,16,2.864
10.1002_dvdy.22206,Developmental_Dynamics,2010,234,141,375,0.624,30.0,1.875,16,2.864
10.1002_dvdy.22213,Developmental_Dynamics,2010,208,121,329,0.6322188449848024,36.0,2.25,16,2.864
10.1002_dvdy.22214,Developmental_Dynamics,2010,25,9,34,0.7352941176470589,0.0,0.0,16,2.864
10.1002_dvdy.22220,Developmental_Dynamics,2010,215,99,314,0.6847133757961783,101.0,6.312,16,2.864
10.1002_dvdy.22238,Developmental_Dynamics,2010,205,93,298,0.6879194630872483,26.0,1.625,16,2.864
10.1002_dvdy.22253,Developmental_Dynamics,2010,159,39,198,0.803030303030303,52.0,3.25,16,2.864
10.1002_dvdy.22255,Developmental_Dynamics,2010,344,68,412,0.8349514563106796,89.0,5.562,16,2.864
10.1002_dvdy.22264,Developmental_Dynamics,2010,268,126,394,0.6802030456852792,20.0,1.25,16,2.864
10.1002_dvdy.22265,Developmental_Dynamics,2010,341,88,429,0.7948717948717948,106.0,6.625,16,2.864
10.1002_dvdy.22270,Developmental_Dynamics,2010,229,78,307,0.745928338762215,20.0,1.25,16,2.864
10.1002_dvdy.22277,Developmental_Dynamics,2010,221,95,316,0.6993670886075949,54.0,3.375,16,2.864
10.1002_dvdy.22281,Developmental_Dynamics,2010,225,93,318,0.7075471698113207,4.0,0.25,16,2.864
10.1002_dvdy.22302,Developmental_Dynamics,2010,231,92,323,0.7151702786377709,90.0,5.625,16,2.864
10.1002_dvdy.22305,Developmental_Dynamics,2010,217,98,315,0.6888888888888889,42.0,2.625,16,2.864
10.1002_dvdy.22316,Developmental_Dynamics,2010,224,134,358,0.6256983240223464,86.0,5.375,16,2.864
10.1002_dvdy.22317,Developmental_Dynamics,2010,164,70,234,0.7008547008547008,9.0,0.562,16,2.864
10.1002_dvdy.22325,Developmental_Dynamics,2010,278,144,422,0.6587677725118484,25.0,1.562,16,2.864
10.1002_dvdy.22328,Developmental_Dynamics,2010,185,76,261,0.7088122605363985,51.0,3.188,16,2.864
10.1002_dvdy.22344,Developmental_Dynamics,2010,156,81,237,0.6582278481012658,21.0,1.312,16,2.864
10.1002_dvdy.22356,Developmental_Dynamics,2010,194,106,300,0.6466666666666666,17.0,1.062,16,2.864
10.1002_dvdy.22374,Developmental_Dynamics,2010,161,89,250,0.644,6.0,0.375,16,2.864
10.1002_dvdy.22428,Developmental_Dynamics,2010,233,103,336,0.6934523809523809,110.0,6.875,16,2.864
10.1002_dvdy.22433,Developmental_Dynamics,2010,172,117,289,0.5951557093425606,17.0,1.062,16,2.864
10.1002_dvdy.22434,Developmental_Dynamics,2010,296,81,377,0.7851458885941645,4.0,0.25,16,2.864
10.1002_dvdy.22442,Developmental_Dynamics,2010,198,82,280,0.7071428571428572,26.0,1.625,16,2.864
10.1002_dvdy.22468,Developmental_Dynamics,2010,237,145,382,0.6204188481675392,57.0,3.562,16,2.864
10.1002_dvdy.22484,Developmental_Dynamics,2010,414,202,616,0.672077922077922,36.0,2.25,16,2.864
10.1002_dvdy.24192,Developmental_Dynamics,2015,186,89,275,0.6763636363636364,24.0,2.182,11,2.233
10.1002_dvdy.24232,Developmental_Dynamics,2015,425,81,506,0.8399209486166008,45.0,4.091,11,2.233
10.1002_dvdy.24243,Developmental_Dynamics,2015,283,161,444,0.6373873873873874,53.0,4.818,11,2.233
10.1002_dvdy.24248,Developmental_Dynamics,2015,175,87,262,0.6679389312977099,78.0,7.091,11,2.233
10.1002_dvdy.24252,Developmental_Dynamics,2015,717,194,911,0.7870472008781558,173.0,15.727,11,2.233
10.1002_dvdy.24255,Developmental_Dynamics,2015,569,153,722,0.7880886426592798,49.0,4.455,11,2.233
10.1002_dvdy.24256,Developmental_Dynamics,2015,390,129,519,0.7514450867052023,58.0,5.273,11,2.233
10.1002_dvdy.24265,Developmental_Dynamics,2015,332,79,411,0.8077858880778589,18.0,1.636,11,2.233
10.1002_dvdy.24274,Developmental_Dynamics,2015,287,83,370,0.7756756756756756,17.0,1.545,11,2.233
10.1002_dvdy.24277,Developmental_Dynamics,2015,313,149,462,0.6774891774891775,37.0,3.364,11,2.233
10.1002_dvdy.24281,Developmental_Dynamics,2015,611,154,765,0.7986928104575164,23.0,2.091,11,2.233
10.1002_dvdy.24282,Developmental_Dynamics,2015,142,70,212,0.6698113207547169,24.0,2.182,11,2.233
10.1002_dvdy.24284,Developmental_Dynamics,2015,293,108,401,0.7306733167082294,68.0,6.182,11,2.233
10.1002_dvdy.24286,Developmental_Dynamics,2015,199,114,313,0.6357827476038339,11.0,1.0,11,2.233
10.1002_dvdy.24288,Developmental_Dynamics,2015,108,85,193,0.5595854922279793,15.0,1.364,11,2.233
10.1002_dvdy.24303,Developmental_Dynamics,2015,286,144,430,0.6651162790697674,55.0,5.0,11,2.233
10.1002_dvdy.24305,Developmental_Dynamics,2015,310,70,380,0.8157894736842105,5.0,0.455,11,2.233
10.1002_dvdy.24306,Developmental_Dynamics,2015,163,103,266,0.6127819548872181,10.0,0.909,11,2.233
10.1002_dvdy.24312,Developmental_Dynamics,2015,352,79,431,0.8167053364269141,16.0,1.455,11,2.233
10.1002_dvdy.24315,Developmental_Dynamics,2015,246,83,329,0.7477203647416414,21.0,1.909,11,2.233
10.1002_dvdy.24316,Developmental_Dynamics,2015,196,66,262,0.7480916030534351,29.0,2.636,11,2.233
10.1002_dvdy.24317,Developmental_Dynamics,2015,421,148,569,0.7398945518453427,27.0,2.455,11,2.233
10.1002_dvdy.24321,Developmental_Dynamics,2015,206,111,317,0.6498422712933754,11.0,1.0,11,2.233
10.1002_dvdy.24322,Developmental_Dynamics,2015,352,140,492,0.7154471544715447,23.0,2.091,11,2.233
10.1002_dvdy.24336,Developmental_Dynamics,2015,477,125,602,0.792358803986711,55.0,5.0,11,2.233
10.1002_dvdy.24337,Developmental_Dynamics,2015,357,192,549,0.6502732240437158,29.0,2.636,11,2.233
10.1002_dvdy.24338,Developmental_Dynamics,2015,463,83,546,0.847985347985348,56.0,5.091,11,2.233
10.1002_dvdy.143,Developmental_Dynamics,2020,189,96,285,0.6631578947368421,6.0,1.0,6,3.78
10.1002_dvdy.147,Developmental_Dynamics,2020,320,48,368,0.8695652173913043,22.0,3.667,6,3.78
10.1002_dvdy.150,Developmental_Dynamics,2020,284,87,371,0.7654986522911051,4.0,0.667,6,3.78
10.1002_dvdy.158,Developmental_Dynamics,2020,138,76,214,0.6448598130841121,6.0,1.0,6,3.78
10.1002_dvdy.160,Developmental_Dynamics,2020,287,141,428,0.6705607476635514,4.0,0.667,6,3.78
10.1002_dvdy.174,Developmental_Dynamics,2020,322,144,466,0.6909871244635193,6.0,1.0,6,3.78
10.1002_dvdy.175,Developmental_Dynamics,2020,446,109,555,0.8036036036036036,96.0,16.0,6,3.78
10.1002_dvdy.176,Developmental_Dynamics,2020,268,148,416,0.6442307692307693,17.0,2.833,6,3.78
10.1002_dvdy.179,Developmental_Dynamics,2020,393,178,571,0.6882661996497373,33.0,5.5,6,3.78
10.1002_dvdy.180,Developmental_Dynamics,2020,159,68,227,0.7004405286343612,5.0,0.833,6,3.78
10.1002_dvdy.181,Developmental_Dynamics,2020,307,73,380,0.8078947368421052,10.0,1.667,6,3.78
10.1002_dvdy.183,Developmental_Dynamics,2020,477,115,592,0.8057432432432432,64.0,10.667,6,3.78
10.1002_dvdy.195,Developmental_Dynamics,2020,244,42,286,0.8531468531468531,4.0,0.667,6,3.78
10.1002_dvdy.208,Developmental_Dynamics,2020,300,123,423,0.7092198581560284,4.0,0.667,6,3.78
10.1002_dvdy.212,Developmental_Dynamics,2020,324,80,404,0.801980198019802,2.0,0.333,6,3.78
10.1002_dvdy.213,Developmental_Dynamics,2020,219,81,300,0.73,5.0,0.833,6,3.78
10.1002_dvdy.215,Developmental_Dynamics,2020,241,80,321,0.7507788161993769,32.0,5.333,6,3.78
10.1002_dvdy.218,Developmental_Dynamics,2020,459,68,527,0.8709677419354839,19.0,3.167,6,3.78
10.1002_dvdy.222,Developmental_Dynamics,2020,243,91,334,0.7275449101796407,2.0,0.333,6,3.78
10.1002_dvdy.224,Developmental_Dynamics,2020,99,46,145,0.6827586206896552,0.0,0.0,6,3.78
10.1002_dvdy.234,Developmental_Dynamics,2020,185,51,236,0.7838983050847458,14.0,2.333,6,3.78
10.1002_dvdy.242,Developmental_Dynamics,2020,164,99,263,0.623574144486692,39.0,6.5,6,3.78
10.1002_dvdy.70000,Developmental_Dynamics,2025,169,53,222,0.7612612612612613,2.0,2.0,1,1.5
10.1002_dvdy.70001,Developmental_Dynamics,2025,370,97,467,0.7922912205567452,1.0,1.0,1,1.5
10.1002_dvdy.70008,Developmental_Dynamics,2025,316,105,421,0.7505938242280285,5.0,5.0,1,1.5
10.1002_dvdy.70015,Developmental_Dynamics,2025,371,113,484,0.7665289256198347,3.0,3.0,1,1.5
10.1002_dvdy.70028,Developmental_Dynamics,2025,170,74,244,0.6967213114754098,5.0,5.0,1,1.5
10.1002_dvdy.70041,Developmental_Dynamics,2025,303,133,436,0.694954128440367,2.0,2.0,1,1.5
10.1002_dvdy.70051,Developmental_Dynamics,2025,210,77,287,0.7317073170731707,1.0,1.0,1,1.5
10.1002_dvdy.70090,Developmental_Dynamics,2025,294,84,378,0.7777777777777778,0.0,0.0,1,1.5
10.1002_dvdy.70108,Developmental_Dynamics,2025,290,106,396,0.7323232323232324,2.0,2.0,1,1.5
10.1002_dvdy.763,Developmental_Dynamics,2025,297,119,416,0.7139423076923077,1.0,1.0,1,1.5
10.1002_dvdy.765,Developmental_Dynamics,2025,229,99,328,0.698170731707317,2.0,2.0,1,1.5
10.1002_dvdy.766,Developmental_Dynamics,2025,278,184,462,0.6017316017316018,4.0,4.0,1,1.5
10.1002_dvdy.771,Developmental_Dynamics,2025,205,153,358,0.5726256983240223,1.0,1.0,1,1.5
001-10.1890_05-0195,Ecology,2005,204,70,274,0.7445255474452555,133.0,6.333,21,4.506
003-10.1890_04-1400,Ecology,2005,175,62,237,0.7383966244725738,54.0,2.571,21,4.506
007-10.1890_04-1920,Ecology,2005,199,40,239,0.8326359832635983,134.0,6.381,21,4.506
009-10.1890_03-0290,Ecology,2005,217,61,278,0.7805755395683454,51.0,2.429,21,4.506
010-10.1890_03-3187,Ecology,2005,139,32,171,0.8128654970760234,111.0,5.286,21,4.506
012-10.1890_04-1237,Ecology,2005,232,100,332,0.6987951807228916,315.0,15.0,21,4.506
014-10.1890_05-0479,Ecology,2005,350,81,431,0.8120649651972158,345.0,16.429,21,4.506
015-10.1890_04-1122,Ecology,2005,196,69,265,0.7396226415094339,26.0,1.238,21,4.506
016-10.1890_04-1078,Ecology,2005,226,83,309,0.7313915857605178,142.0,6.762,21,4.506
017-10.1890_04-1710,Ecology,2005,131,76,207,0.6328502415458938,166.0,7.905,21,4.506
018-10.1890_04-0410,Ecology,2005,357,88,445,0.802247191011236,66.0,3.143,21,4.506
020-10.1890_04-1700,Ecology,2005,193,96,289,0.6678200692041523,275.0,13.095,21,4.506
011-10.1890_09-1849,Ecology,2010,226,80,306,0.738562091503268,12.0,0.75,16,5.073
012-10.1890_09-0339,Ecology,2010,69,25,94,0.7340425531914894,0.0,0.0,16,5.073
013-10.1890_08-1868.1,Ecology,2010,124,41,165,0.7515151515151515,23.0,1.438,16,5.073
014-10.1890_08-1375.1,Ecology,2010,277,71,348,0.7959770114942529,78.0,4.875,16,5.073
015-10.1890_0012-9658-91.6.1869,Ecology,2010,63,24,87,0.7241379310344828,18.0,1.125,16,5.073
016-10.1890_09-0332.1,Ecology,2010,222,45,267,0.8314606741573034,85.0,5.312,16,5.073
018-10.1890_09-0543.1,Ecology,2010,190,120,310,0.6129032258064516,36.0,2.25,16,5.073
019-10.1890_10-0807.1,Ecology,2010,141,51,192,0.734375,44.0,2.75,16,5.073
021-10.1890_09-1849,Ecology,2010,226,80,306,0.738562091503268,12.0,0.75,16,5.073
022-10.1890_09-0339,Ecology,2010,69,25,94,0.7340425531914894,0.0,0.0,16,5.073
023-10.1890_08-1868.1,Ecology,2010,124,41,165,0.7515151515151515,23.0,1.438,16,5.073
024-10.1890_08-1375.1,Ecology,2010,277,71,348,0.7959770114942529,78.0,4.875,16,5.073
025-10.1890_0012-9658-91.6.1869,Ecology,2010,63,24,87,0.7241379310344828,18.0,1.125,16,5.073
026-10.1890_09-0332.1,Ecology,2010,222,45,267,0.8314606741573034,85.0,5.312,16,5.073
028-10.1890_09-0543.1,Ecology,2010,190,120,310,0.6129032258064516,36.0,2.25,16,5.073
029-10.1890_10-0807.1,Ecology,2010,141,51,192,0.734375,44.0,2.75,16,5.073
032-10.1890_09-0017.1,Ecology,2010,268,64,332,0.8072289156626506,53.0,3.312,16,5.073
033-10.1890_09-0330.1,Ecology,2010,175,75,250,0.7,124.0,7.75,16,5.073
034-10.1890_08-1634.1,Ecology,2010,261,82,343,0.760932944606414,59.0,3.688,16,5.073
035-10.1890_09-1236.1,Ecology,2010,197,68,265,0.7433962264150943,96.0,6.0,16,5.073
036-10.1890_09-1968.1,Ecology,2010,370,80,450,0.8222222222222222,542.0,33.875,16,5.073
038-10.1890_08-2317.1,Ecology,2010,265,123,388,0.6829896907216495,33.0,2.062,16,5.073
039-10.1890_08-2323,Ecology,2010,276,63,339,0.8141592920353983,131.0,8.188,16,5.073
040-10.1890_09-0554.1,Ecology,2010,213,79,292,0.7294520547945206,32.0,2.0,16,5.073
042-10.1890_14-1526.1,Ecology,2015,225,94,319,0.7053291536050157,22.0,2.0,11,4.733
043-10.1890_15-0300.1,Ecology,2015,228,78,306,0.7450980392156863,59.0,5.364,11,4.733
044-10.1890_14-1531.1,Ecology,2015,166,23,189,0.8783068783068783,19.0,1.727,11,4.733
045-10.1890_14-1311.1,Ecology,2015,207,63,270,0.7666666666666667,76.0,6.909,11,4.733
047-10.1890_14-0487.1,Ecology,2015,303,50,353,0.8583569405099151,181.0,16.455,11,4.733
048-10.1890_14-0774.1,Ecology,2015,214,39,253,0.8458498023715415,31.0,2.818,11,4.733
049-10.1890_14-0595.1,Ecology,2015,237,67,304,0.7796052631578947,131.0,11.909,11,4.733
050-10.1890_14-1124.1,Ecology,2015,228,60,288,0.7916666666666666,99.0,9.0,11,4.733
051-10.1890_14-0391.1,Ecology,2015,170,40,210,0.8095238095238095,74.0,6.727,11,4.733
053-10.1890_14-1687.1,Ecology,2015,279,63,342,0.8157894736842105,14.0,1.273,11,4.733
054-10.1890_14-0550.1,Ecology,2015,274,135,409,0.6699266503667481,98.0,8.909,11,4.733
055-10.1890_14-2205.1,Ecology,2015,283,80,363,0.7796143250688705,56.0,5.091,11,4.733
056-10.1890_15-0188.1,Ecology,2015,253,90,343,0.7376093294460642,130.0,11.818,11,4.733
057-10.1890_14-0014.1,Ecology,2015,208,55,263,0.7908745247148289,69.0,6.273,11,4.733
058-10.1890_14-2228.1,Ecology,2015,169,73,242,0.6983471074380165,65.0,5.909,11,4.733
059-10.1890_14-1538.1,Ecology,2015,291,53,344,0.8459302325581395,33.0,3.0,11,4.733
060-10.1890_14-1992.1,Ecology,2015,213,79,292,0.7294520547945206,64.0,5.818,11,4.733
062-10.1890_15-0191.1,Ecology,2015,247,81,328,0.7530487804878049,38.0,3.455,11,4.733
10.1002_ecy.2015.96.10.i,Ecology,2015,57,12,69,0.8260869565217391,0.0,0.0,11,4.733
10.1002_ecy.2015.96.11.i,Ecology,2015,55,11,66,0.8333333333333334,0.0,0.0,11,4.733
10.1002_ecy.2015.96.2.i,Ecology,2015,74,12,86,0.8604651162790697,0.0,0.0,11,4.733
10.1002_ecy.2015.96.4.i,Ecology,2015,61,12,73,0.8356164383561644,0.0,0.0,11,4.733
10.1002_ecy.2015.96.5.i,Ecology,2015,79,12,91,0.8681318681318682,0.0,0.0,11,4.733
10.1002_ecy.2015.96.9.i,Ecology,2015,56,11,67,0.835820895522388,0.0,0.0,11,4.733
10.1002_ecy.2969,Ecology,2020,351,99,450,0.78,29.0,4.833,6,5.499
10.1002_ecy.2986,Ecology,2020,345,56,401,0.8603491271820449,33.0,5.5,6,5.499
10.1002_ecy.2995,Ecology,2020,230,63,293,0.7849829351535836,34.0,5.667,6,5.499
10.1002_ecy.3004,Ecology,2020,247,49,296,0.8344594594594594,33.0,5.5,6,5.499
10.1002_ecy.3008,Ecology,2020,241,59,300,0.8033333333333333,63.0,10.5,6,5.499
10.1002_ecy.3032,Ecology,2020,68,13,81,0.8395061728395061,2.0,0.333,6,5.499
10.1002_ecy.3045,Ecology,2020,79,9,88,0.8977272727272727,8.0,1.333,6,5.499
10.1002_ecy.3047,Ecology,2020,361,76,437,0.8260869565217391,36.0,6.0,6,5.499
10.1002_ecy.3051,Ecology,2020,191,17,208,0.9182692307692308,91.0,15.167,6,5.499
10.1002_ecy.3062,Ecology,2020,189,57,246,0.7682926829268293,28.0,4.667,6,5.499
10.1002_ecy.3066,Ecology,2020,55,14,69,0.7971014492753623,30.0,5.0,6,5.499
10.1002_ecy.3075,Ecology,2020,58,18,76,0.7631578947368421,11.0,1.833,6,5.499
10.1002_ecy.3084,Ecology,2020,250,68,318,0.7861635220125787,14.0,2.333,6,5.499
10.1002_ecy.3085,Ecology,2020,95,8,103,0.9223300970873788,9.0,1.5,6,5.499
10.1002_ecy.3094,Ecology,2020,271,135,406,0.6674876847290641,46.0,7.667,6,5.499
10.1002_ecy.3106,Ecology,2020,353,85,438,0.8059360730593608,12.0,2.0,6,5.499
10.1002_ecy.3117,Ecology,2020,57,14,71,0.8028169014084507,18.0,3.0,6,5.499
10.1002_ecy.3125,Ecology,2020,61,27,88,0.6931818181818182,3.0,0.5,6,5.499
10.1002_ecy.3129,Ecology,2020,94,27,121,0.7768595041322314,6.0,1.0,6,5.499
10.1002_ecy.3136,Ecology,2020,234,56,290,0.8068965517241379,23.0,3.833,6,5.499
10.1002_ecy.3139,Ecology,2020,340,71,411,0.8272506082725061,144.0,24.0,6,5.499
10.1002_ecy.3145,Ecology,2020,231,91,322,0.717391304347826,16.0,2.667,6,5.499
10.1002_ecy.3151,Ecology,2020,259,60,319,0.8119122257053292,19.0,3.167,6,5.499
10.1002_ecy.3153,Ecology,2020,147,44,191,0.7696335078534031,195.0,32.5,6,5.499
10.1002_ecy.3157,Ecology,2020,249,58,307,0.8110749185667753,17.0,2.833,6,5.499
10.1002_ecy.3158,Ecology,2020,318,43,361,0.8808864265927978,34.0,5.667,6,5.499
10.1002_ecy.3159,Ecology,2020,186,65,251,0.7410358565737052,22.0,3.667,6,5.499
10.1002_ecy.3161,Ecology,2020,85,18,103,0.8252427184466019,18.0,3.0,6,5.499
10.1002_ecy.3167,Ecology,2020,269,104,373,0.7211796246648794,14.0,2.333,6,5.499
10.1002_ecy.3175,Ecology,2020,281,68,349,0.8051575931232091,19.0,3.167,6,5.499
10.1002_ecy.3177,Ecology,2020,330,70,400,0.825,16.0,2.667,6,5.499
10.1002_ecy.3185,Ecology,2020,228,64,292,0.7808219178082192,33.0,5.5,6,5.499
10.1002_ecy.3186,Ecology,2020,396,66,462,0.8571428571428571,35.0,5.833,6,5.499
10.1002_ecy.3188,Ecology,2020,242,65,307,0.7882736156351792,26.0,4.333,6,5.499
081-10.1002_ecy.70070,Ecology,2025,61,32,93,0.6559139784946236,4.0,4.0,1,4.1
10.1002_ecy.4519,Ecology,2025,24,5,29,0.8275862068965517,7.0,7.0,1,4.1
10.1002_ecy.4521,Ecology,2025,283,61,344,0.8226744186046512,3.0,3.0,1,4.1
10.1002_ecy.70013,Ecology,2025,232,72,304,0.7631578947368421,8.0,8.0,1,4.1
10.1002_ecy.70028,Ecology,2025,85,28,113,0.7522123893805309,3.0,3.0,1,4.1
10.1002_ecy.70051,Ecology,2025,25,6,31,0.8064516129032258,1.0,1.0,1,4.1
10.1002_ecy.70058,Ecology,2025,134,32,166,0.8072289156626506,7.0,7.0,1,4.1
10.1002_ecy.70068,Ecology,2025,278,29,307,0.9055374592833876,3.0,3.0,1,4.1
10.1002_ecy.70107,Ecology,2025,90,33,123,0.7317073170731707,1.0,1.0,1,4.1
10.1002_ecy.70109,Ecology,2025,14,7,21,0.6666666666666666,6.0,6.0,1,4.1
10.1002_ecy.70110,Ecology,2025,294,48,342,0.8596491228070176,5.0,5.0,1,4.1
10.1002_ecy.70111,Ecology,2025,126,20,146,0.863013698630137,0.0,0.0,1,4.1
10.1002_ecy.70129,Ecology,2025,316,86,402,0.7860696517412935,4.0,4.0,1,4.1
10.1002_ecy.70133,Ecology,2025,327,63,390,0.8384615384615385,4.0,4.0,1,4.1
10.1002_ecy.70138,Ecology,2025,325,36,361,0.9002770083102493,8.0,8.0,1,4.1
10.1002_ecy.70143,Ecology,2025,147,47,194,0.7577319587628866,3.0,3.0,1,4.1
10.1002_ecy.70161,Ecology,2025,162,24,186,0.8709677419354839,1.0,1.0,1,4.1
10.1002_ecy.70164,Ecology,2025,253,51,304,0.8322368421052632,9.0,9.0,1,4.1
10.1002_ecy.70172,Ecology,2025,241,66,307,0.7850162866449512,3.0,3.0,1,4.1
10.1002_ecy.70181,Ecology,2025,156,32,188,0.8297872340425532,2.0,2.0,1,4.1
10.1002_ecy.70182,Ecology,2025,93,7,100,0.93,1.0,1.0,1,4.1
10.1002_ecy.70183,Ecology,2025,257,70,327,0.7859327217125383,5.0,5.0,1,4.1
10.1002_ecy.70185,Ecology,2025,207,73,280,0.7392857142857143,2.0,2.0,1,4.1
10.1002_ecy.70203,Ecology,2025,282,58,340,0.8294117647058824,0.0,0.0,1,4.1
10.1002_ecy.70213,Ecology,2025,94,28,122,0.7704918032786885,4.0,4.0,1,4.1
10.1002_ecy.70216,Ecology,2025,290,64,354,0.8192090395480226,2.0,2.0,1,4.1
10.1002_ecy.70219,Ecology,2025,19,12,31,0.6129032258064516,1.0,1.0,1,4.1
10.1002_ecy.70224,Ecology,2025,172,35,207,0.8309178743961353,2.0,2.0,1,4.1
10.1002_ecy.70232,Ecology,2025,105,15,120,0.875,0.0,0.0,1,4.1
10.1002_ecy.70238,Ecology,2025,236,67,303,0.7788778877887789,0.0,0.0,1,4.1
10.1002_ecy.70240,Ecology,2025,240,75,315,0.7619047619047619,2.0,2.0,1,4.1
10.1002_ecy.70256,Ecology,2025,223,69,292,0.7636986301369864,2.0,2.0,1,4.1
10.1002_ecy.70258,Ecology,2025,177,62,239,0.7405857740585774,0.0,0.0,1,4.1
10.1002_jnr.20379,Journal_of_Neuroscience_Research,2005,148,70,218,0.6788990825688074,52.0,2.476,21,3.239
10.1002_jnr.20393,Journal_of_Neuroscience_Research,2005,157,111,268,0.585820895522388,50.0,2.381,21,3.239
10.1002_jnr.20405,Journal_of_Neuroscience_Research,2005,126,107,233,0.5407725321888412,10.0,0.476,21,3.239
10.1002_jnr.20420,Journal_of_Neuroscience_Research,2005,277,70,347,0.7982708933717579,81.0,3.857,21,3.239
10.1002_jnr.20423,Journal_of_Neuroscience_Research,2005,290,117,407,0.7125307125307125,84.0,4.0,21,3.239
10.1002_jnr.20438,Journal_of_Neuroscience_Research,2005,215,86,301,0.7142857142857143,21.0,1.0,21,3.239
10.1002_jnr.20445,Journal_of_Neuroscience_Research,2005,177,109,286,0.6188811188811189,9.0,0.429,21,3.239
10.1002_jnr.20464,Journal_of_Neuroscience_Research,2005,222,96,318,0.6981132075471698,78.0,3.714,21,3.239
10.1002_jnr.20480,Journal_of_Neuroscience_Research,2005,140,89,229,0.611353711790393,194.0,9.238,21,3.239
10.1002_jnr.20493,Journal_of_Neuroscience_Research,2005,165,95,260,0.6346153846153846,32.0,1.524,21,3.239
10.1002_jnr.20498,Journal_of_Neuroscience_Research,2005,220,105,325,0.676923076923077,34.0,1.619,21,3.239
10.1002_jnr.20508,Journal_of_Neuroscience_Research,2005,269,147,416,0.6466346153846154,94.0,4.476,21,3.239
10.1002_jnr.20511,Journal_of_Neuroscience_Research,2005,120,86,206,0.5825242718446602,17.0,0.81,21,3.239
10.1002_jnr.20518,Journal_of_Neuroscience_Research,2005,217,84,301,0.7209302325581395,145.0,6.905,21,3.239
10.1002_jnr.20521,Journal_of_Neuroscience_Research,2005,163,85,248,0.657258064516129,44.0,2.095,21,3.239
10.1002_jnr.20529,Journal_of_Neuroscience_Research,2005,223,125,348,0.6408045977011494,58.0,2.762,21,3.239
10.1002_jnr.20541,Journal_of_Neuroscience_Research,2005,277,111,388,0.7139175257731959,64.0,3.048,21,3.239
10.1002_jnr.20547,Journal_of_Neuroscience_Research,2005,191,73,264,0.7234848484848485,121.0,5.762,21,3.239
10.1002_jnr.20572,Journal_of_Neuroscience_Research,2005,143,64,207,0.6908212560386473,15.0,0.714,21,3.239
10.1002_jnr.20576,Journal_of_Neuroscience_Research,2005,163,88,251,0.649402390438247,12.0,0.571,21,3.239
10.1002_jnr.20584,Journal_of_Neuroscience_Research,2005,244,110,354,0.6892655367231638,70.0,3.333,21,3.239
10.1002_jnr.20589,Journal_of_Neuroscience_Research,2005,270,87,357,0.7563025210084033,63.0,3.0,21,3.239
10.1002_jnr.20618,Journal_of_Neuroscience_Research,2005,212,92,304,0.6973684210526315,44.0,2.095,21,3.239
10.1002_jnr.20619,Journal_of_Neuroscience_Research,2005,379,82,461,0.8221258134490239,18.0,0.857,21,3.239
10.1002_jnr.20620,Journal_of_Neuroscience_Research,2005,152,120,272,0.5588235294117647,6.0,0.286,21,3.239
10.1002_jnr.20623,Journal_of_Neuroscience_Research,2005,227,137,364,0.6236263736263736,136.0,6.476,21,3.239
10.1002_jnr.20624,Journal_of_Neuroscience_Research,2005,220,67,287,0.7665505226480837,28.0,1.333,21,3.239
10.1002_jnr.20645,Journal_of_Neuroscience_Research,2005,316,200,516,0.6124031007751938,11.0,0.524,21,3.239
10.1002_jnr.20657,Journal_of_Neuroscience_Research,2005,166,63,229,0.7248908296943232,16.0,0.762,21,3.239
10.1002_jnr.20665,Journal_of_Neuroscience_Research,2005,181,75,256,0.70703125,30.0,1.429,21,3.239
10.1002_jnr.20686,Journal_of_Neuroscience_Research,2005,199,65,264,0.7537878787878788,49.0,2.333,21,3.239
10.1002_jnr.20691,Journal_of_Neuroscience_Research,2005,197,151,348,0.5660919540229885,11.0,0.524,21,3.239
10.1002_jnr.22323,Journal_of_Neuroscience_Research,2010,197,86,283,0.696113074204947,89.0,5.562,16,2.958
10.1002_jnr.22338,Journal_of_Neuroscience_Research,2010,230,100,330,0.696969696969697,43.0,2.688,16,2.958
10.1002_jnr.22340,Journal_of_Neuroscience_Research,2010,160,112,272,0.5882352941176471,18.0,1.125,16,2.958
10.1002_jnr.22345,Journal_of_Neuroscience_Research,2010,248,121,369,0.6720867208672087,40.0,2.5,16,2.958
10.1002_jnr.22354,Journal_of_Neuroscience_Research,2010,173,83,256,0.67578125,3.0,0.188,16,2.958
10.1002_jnr.22355,Journal_of_Neuroscience_Research,2010,204,153,357,0.5714285714285714,21.0,1.312,16,2.958
10.1002_jnr.22363,Journal_of_Neuroscience_Research,2010,199,140,339,0.5870206489675516,45.0,2.812,16,2.958
10.1002_jnr.22366,Journal_of_Neuroscience_Research,2010,181,117,298,0.6073825503355704,9.0,0.562,16,2.958
10.1002_jnr.22371,Journal_of_Neuroscience_Research,2010,350,166,516,0.6782945736434108,30.0,1.875,16,2.958
10.1002_jnr.22375,Journal_of_Neuroscience_Research,2010,184,91,275,0.6690909090909091,24.0,1.5,16,2.958
10.1002_jnr.22379,Journal_of_Neuroscience_Research,2010,221,100,321,0.6884735202492211,7.0,0.438,16,2.958
10.1002_jnr.22395,Journal_of_Neuroscience_Research,2010,228,146,374,0.6096256684491979,50.0,3.125,16,2.958
10.1002_jnr.22397,Journal_of_Neuroscience_Research,2010,192,125,317,0.6056782334384858,10.0,0.625,16,2.958
10.1002_jnr.22398,Journal_of_Neuroscience_Research,2010,236,156,392,0.6020408163265306,12.0,0.75,16,2.958
10.1002_jnr.22402,Journal_of_Neuroscience_Research,2010,215,107,322,0.6677018633540373,37.0,2.312,16,2.958
10.1002_jnr.22418,Journal_of_Neuroscience_Research,2010,247,127,374,0.660427807486631,52.0,3.25,16,2.958
10.1002_jnr.22421,Journal_of_Neuroscience_Research,2010,239,122,361,0.6620498614958449,10.0,0.625,16,2.958
10.1002_jnr.22422,Journal_of_Neuroscience_Research,2010,317,109,426,0.744131455399061,89.0,5.562,16,2.958
10.1002_jnr.22433,Journal_of_Neuroscience_Research,2010,248,147,395,0.6278481012658228,16.0,1.0,16,2.958
10.1002_jnr.22439,Journal_of_Neuroscience_Research,2010,253,136,389,0.6503856041131105,31.0,1.938,16,2.958
10.1002_jnr.22444,Journal_of_Neuroscience_Research,2010,375,55,430,0.872093023255814,245.0,15.312,16,2.958
10.1002_jnr.22450,Journal_of_Neuroscience_Research,2010,184,87,271,0.6789667896678967,38.0,2.375,16,2.958
10.1002_jnr.22454,Journal_of_Neuroscience_Research,2010,278,108,386,0.7202072538860104,13.0,0.812,16,2.958
10.1002_jnr.22460,Journal_of_Neuroscience_Research,2010,211,84,295,0.7152542372881356,49.0,3.062,16,2.958
10.1002_jnr.22463,Journal_of_Neuroscience_Research,2010,231,51,282,0.8191489361702128,26.0,1.625,16,2.958
10.1002_jnr.22465,Journal_of_Neuroscience_Research,2010,181,96,277,0.6534296028880866,22.0,1.375,16,2.958
10.1002_jnr.22466,Journal_of_Neuroscience_Research,2010,241,163,404,0.5965346534653465,13.0,0.812,16,2.958
10.1002_jnr.22467,Journal_of_Neuroscience_Research,2010,170,76,246,0.6910569105691057,31.0,1.938,16,2.958
10.1002_jnr.22469,Journal_of_Neuroscience_Research,2010,226,84,310,0.7290322580645161,58.0,3.625,16,2.958
10.1002_jnr.22473,Journal_of_Neuroscience_Research,2010,187,102,289,0.6470588235294118,35.0,2.188,16,2.958
10.1002_jnr.22491,Journal_of_Neuroscience_Research,2010,192,108,300,0.64,11.0,0.688,16,2.958
10.1002_jnr.22492,Journal_of_Neuroscience_Research,2010,203,145,348,0.5833333333333334,17.0,1.062,16,2.958
10.1002_jnr.22495,Journal_of_Neuroscience_Research,2010,155,48,203,0.7635467980295566,198.0,12.375,16,2.958
10.1002_jnr.22499,Journal_of_Neuroscience_Research,2010,226,88,314,0.7197452229299363,26.0,1.625,16,2.958
10.1002_jnr.22504,Journal_of_Neuroscience_Research,2010,183,107,290,0.6310344827586207,18.0,1.125,16,2.958
10.1002_jnr.22513,Journal_of_Neuroscience_Research,2010,197,68,265,0.7433962264150943,14.0,0.875,16,2.958
10.1002_jnr.22519,Journal_of_Neuroscience_Research,2010,284,121,405,0.7012345679012346,66.0,4.125,16,2.958
10.1002_jnr.22528,Journal_of_Neuroscience_Research,2010,254,143,397,0.6397984886649875,38.0,2.375,16,2.958
10.1002_jnr.23538,Journal_of_Neuroscience_Research,2015,212,104,316,0.6708860759493671,8.0,0.727,11,2.689
10.1002_jnr.23541,Journal_of_Neuroscience_Research,2015,220,105,325,0.676923076923077,3.0,0.273,11,2.689
10.1002_jnr.23543,Journal_of_Neuroscience_Research,2015,195,95,290,0.6724137931034483,14.0,1.273,11,2.689
10.1002_jnr.23546,Journal_of_Neuroscience_Research,2015,145,155,300,0.4833333333333333,2.0,0.182,11,2.689
10.1002_jnr.23547,Journal_of_Neuroscience_Research,2015,165,25,190,0.868421052631579,12.0,1.091,11,2.689
10.1002_jnr.23549,Journal_of_Neuroscience_Research,2015,161,101,262,0.6145038167938931,23.0,2.091,11,2.689
10.1002_jnr.23551,Journal_of_Neuroscience_Research,2015,191,90,281,0.6797153024911032,5.0,0.455,11,2.689
10.1002_jnr.23556,Journal_of_Neuroscience_Research,2015,167,138,305,0.5475409836065573,26.0,2.364,11,2.689
10.1002_jnr.23561,Journal_of_Neuroscience_Research,2015,422,128,550,0.7672727272727272,68.0,6.182,11,2.689
10.1002_jnr.23568,Journal_of_Neuroscience_Research,2015,161,130,291,0.5532646048109966,17.0,1.545,11,2.689
10.1002_jnr.23571,Journal_of_Neuroscience_Research,2015,248,106,354,0.7005649717514124,15.0,1.364,11,2.689
10.1002_jnr.23572,Journal_of_Neuroscience_Research,2015,286,148,434,0.6589861751152074,13.0,1.182,11,2.689
10.1002_jnr.23573,Journal_of_Neuroscience_Research,2015,303,109,412,0.7354368932038835,16.0,1.455,11,2.689
10.1002_jnr.23580,Journal_of_Neuroscience_Research,2015,162,86,248,0.6532258064516129,14.0,1.273,11,2.689
10.1002_jnr.23583,Journal_of_Neuroscience_Research,2015,419,131,550,0.7618181818181818,289.0,26.273,11,2.689
10.1002_jnr.23585,Journal_of_Neuroscience_Research,2015,229,105,334,0.6856287425149701,6.0,0.545,11,2.689
10.1002_jnr.23589,Journal_of_Neuroscience_Research,2015,220,97,317,0.694006309148265,16.0,1.455,11,2.689
10.1002_jnr.23590,Journal_of_Neuroscience_Research,2015,252,92,344,0.7325581395348837,40.0,3.636,11,2.689
10.1002_jnr.23593,Journal_of_Neuroscience_Research,2015,372,87,459,0.8104575163398693,211.0,19.182,11,2.689
10.1002_jnr.23594,Journal_of_Neuroscience_Research,2015,241,140,381,0.6325459317585301,33.0,3.0,11,2.689
10.1002_jnr.23595,Journal_of_Neuroscience_Research,2015,321,97,418,0.7679425837320574,57.0,5.182,11,2.689
10.1002_jnr.23596,Journal_of_Neuroscience_Research,2015,245,75,320,0.765625,2.0,0.182,11,2.689
10.1002_jnr.23599,Journal_of_Neuroscience_Research,2015,168,143,311,0.5401929260450161,10.0,0.909,11,2.689
10.1002_jnr.23602,Journal_of_Neuroscience_Research,2015,424,167,591,0.7174280879864636,57.0,5.182,11,2.689
10.1002_jnr.23609,Journal_of_Neuroscience_Research,2015,256,62,318,0.8050314465408805,20.0,1.818,11,2.689
10.1002_jnr.23612,Journal_of_Neuroscience_Research,2015,151,88,239,0.6317991631799164,56.0,5.091,11,2.689
10.1002_jnr.23618,Journal_of_Neuroscience_Research,2015,237,112,349,0.6790830945558739,24.0,2.182,11,2.689
10.1002_jnr.23619,Journal_of_Neuroscience_Research,2015,294,134,428,0.6869158878504673,28.0,2.545,11,2.689
10.1002_jnr.23621,Journal_of_Neuroscience_Research,2015,301,81,382,0.7879581151832461,7.0,0.636,11,2.689
10.1002_jnr.23626,Journal_of_Neuroscience_Research,2015,179,103,282,0.6347517730496454,14.0,1.273,11,2.689
10.1002_jnr.23631,Journal_of_Neuroscience_Research,2015,157,99,256,0.61328125,9.0,0.818,11,2.689
10.1002_jnr.23666,Journal_of_Neuroscience_Research,2015,237,71,308,0.7694805194805194,27.0,2.455,11,2.689
10.1002_jnr.24579,Journal_of_Neuroscience_Research,2020,916,171,1087,0.8426862925482981,43.0,7.167,6,4.164
10.1002_jnr.24590,Journal_of_Neuroscience_Research,2020,661,97,758,0.8720316622691293,69.0,11.5,6,4.164
10.1002_jnr.24597,Journal_of_Neuroscience_Research,2020,308,94,402,0.7661691542288557,19.0,3.167,6,4.164
10.1002_jnr.24601,Journal_of_Neuroscience_Research,2020,415,187,602,0.6893687707641196,23.0,3.833,6,4.164
10.1002_jnr.24609,Journal_of_Neuroscience_Research,2020,217,113,330,0.6575757575757576,13.0,2.167,6,4.164
10.1002_jnr.24619,Journal_of_Neuroscience_Research,2020,366,81,447,0.8187919463087249,76.0,12.667,6,4.164
10.1002_jnr.24630,Journal_of_Neuroscience_Research,2020,289,200,489,0.591002044989775,5.0,0.833,6,4.164
10.1002_jnr.24637,Journal_of_Neuroscience_Research,2020,339,166,505,0.6712871287128713,10.0,1.667,6,4.164
10.1002_jnr.24639,Journal_of_Neuroscience_Research,2020,227,107,334,0.6796407185628742,16.0,2.667,6,4.164
10.1002_jnr.24649,Journal_of_Neuroscience_Research,2020,273,96,369,0.7398373983739838,14.0,2.333,6,4.164
10.1002_jnr.24651,Journal_of_Neuroscience_Research,2020,557,207,764,0.7290575916230366,45.0,7.5,6,4.164
10.1002_jnr.24665,Journal_of_Neuroscience_Research,2020,238,80,318,0.7484276729559748,1.0,0.167,6,4.164
10.1002_jnr.24677,Journal_of_Neuroscience_Research,2020,75,28,103,0.7281553398058253,4.0,0.667,6,4.164
10.1002_jnr.24684,Journal_of_Neuroscience_Research,2020,305,80,385,0.7922077922077922,9.0,1.5,6,4.164
10.1002_jnr.24687,Journal_of_Neuroscience_Research,2020,271,95,366,0.7404371584699454,4.0,0.667,6,4.164
10.1002_jnr.24692,Journal_of_Neuroscience_Research,2020,433,117,550,0.7872727272727272,12.0,2.0,6,4.164
10.1002_jnr.24698,Journal_of_Neuroscience_Research,2020,296,138,434,0.6820276497695853,9.0,1.5,6,4.164
10.1002_jnr.24711,Journal_of_Neuroscience_Research,2020,149,16,165,0.9030303030303032,3.0,0.5,6,4.164
10.1002_jnr.24713,Journal_of_Neuroscience_Research,2020,89,18,107,0.8317757009345794,1.0,0.167,6,4.164
10.1002_jnr.24717,Journal_of_Neuroscience_Research,2020,187,51,238,0.7857142857142857,66.0,11.0,6,4.164
10.1002_jnr.70016,Journal_of_Neuroscience_Research,2025,326,121,447,0.7293064876957495,11.0,11.0,1,3.1
10.1002_jnr.70022,Journal_of_Neuroscience_Research,2025,274,145,419,0.6539379474940334,1.0,1.0,1,3.1
10.1002_jnr.70027,Journal_of_Neuroscience_Research,2025,267,93,360,0.7416666666666667,3.0,3.0,1,3.1
10.1002_jnr.70043,Journal_of_Neuroscience_Research,2025,231,153,384,0.6015625,3.0,3.0,1,3.1
10.1002_jnr.70044,Journal_of_Neuroscience_Research,2025,266,118,384,0.6927083333333334,5.0,5.0,1,3.1
10.1002_jnr.70050,Journal_of_Neuroscience_Research,2025,207,131,338,0.6124260355029586,1.0,1.0,1,3.1
10.1002_jnr.70051,Journal_of_Neuroscience_Research,2025,234,132,366,0.639344262295082,1.0,1.0,1,3.1
10.1002_jnr.70052,Journal_of_Neuroscience_Research,2025,174,82,256,0.6796875,3.0,3.0,1,3.1
10.1002_jnr.70053,Journal_of_Neuroscience_Research,2025,469,185,654,0.7171253822629969,9.0,9.0,1,3.1
10.1002_jnr.70055,Journal_of_Neuroscience_Research,2025,168,106,274,0.6131386861313869,6.0,6.0,1,3.1
10.1002_jnr.70061,Journal_of_Neuroscience_Research,2025,193,116,309,0.6245954692556634,0.0,0.0,1,3.1
10.1002_jnr.70062,Journal_of_Neuroscience_Research,2025,198,94,292,0.678082191780822,2.0,2.0,1,3.1
10.1002_jnr.70065,Journal_of_Neuroscience_Research,2025,285,53,338,0.8431952662721893,2.0,2.0,1,3.1
10.1002_jnr.70070,Journal_of_Neuroscience_Research,2025,184,117,301,0.6112956810631229,1.0,1.0,1,3.1
10.1002_jnr.70071,Journal_of_Neuroscience_Research,2025,159,81,240,0.6625,0.0,0.0,1,3.1
10.1002_jnr.70078,Journal_of_Neuroscience_Research,2025,187,83,270,0.6925925925925925,1.0,1.0,1,3.1
10.1002_jnr.70081,Journal_of_Neuroscience_Research,2025,207,164,371,0.5579514824797843,0.0,0.0,1,3.1
10.1002_jnr.70083,Journal_of_Neuroscience_Research,2025,215,49,264,0.8143939393939394,0.0,0.0,1,3.1
10.1002_jnr.70088,Journal_of_Neuroscience_Research,2025,179,124,303,0.5907590759075908,0.0,0.0,1,3.1
10.1002_jnr.70090,Journal_of_Neuroscience_Research,2025,258,192,450,0.5733333333333334,3.0,3.0,1,3.1
10.1002_jnr.70091,Journal_of_Neuroscience_Research,2025,171,121,292,0.5856164383561644,0.0,0.0,1,3.1
10.1002_jnr.70092,Journal_of_Neuroscience_Research,2025,164,116,280,0.5857142857142857,1.0,1.0,1,3.1
10.1002_jnr.70093,Journal_of_Neuroscience_Research,2025,158,67,225,0.7022222222222222,0.0,0.0,1,3.1
10.1002_jnr.70094,Journal_of_Neuroscience_Research,2025,193,97,290,0.6655172413793103,0.0,0.0,1,3.1
10.1002_jnr.70098,Journal_of_Neuroscience_Research,2025,284,113,397,0.7153652392947103,3.0,3.0,1,3.1
10.1111_j.1365-294x.2005.02441.x,Molecular_Ecology,2005,282,80,362,0.7790055248618785,65.0,3.095,21,4.301
10.1111_j.1365-294x.2005.02445.x,Molecular_Ecology,2005,138,60,198,0.696969696969697,127.0,6.048,21,4.301
10.1111_j.1365-294x.2005.02448.x,Molecular_Ecology,2005,175,83,258,0.6782945736434108,174.0,8.286,21,4.301
10.1111_j.1365-294x.2005.02453.x,Molecular_Ecology,2005,139,105,244,0.569672131147541,67.0,3.19,21,4.301
10.1111_j.1365-294x.2005.02458.x,Molecular_Ecology,2005,39,18,57,0.6842105263157895,10.0,0.476,21,4.301
10.1111_j.1365-294x.2005.02459.x,Molecular_Ecology,2005,60,10,70,0.8571428571428571,19.0,0.905,21,4.301
10.1111_j.1365-294x.2005.02477.x,Molecular_Ecology,2005,207,122,329,0.6291793313069909,60.0,2.857,21,4.301
10.1111_j.1365-294x.2005.02484.x,Molecular_Ecology,2005,301,92,393,0.7659033078880407,98.0,4.667,21,4.301
10.1111_j.1365-294x.2005.02498.x,Molecular_Ecology,2005,218,81,299,0.7290969899665551,98.0,4.667,21,4.301
10.1111_j.1365-294x.2005.02528.x,Molecular_Ecology,2005,259,71,330,0.7848484848484848,73.0,3.476,21,4.301
10.1111_j.1365-294x.2005.02559.x,Molecular_Ecology,2005,164,60,224,0.7321428571428571,40.0,1.905,21,4.301
10.1111_j.1365-294x.2005.02566.x,Molecular_Ecology,2005,145,77,222,0.6531531531531531,132.0,6.286,21,4.301
10.1111_j.1365-294x.2005.02589.x,Molecular_Ecology,2005,218,81,299,0.7290969899665551,73.0,3.476,21,4.301
10.1111_j.1365-294x.2005.02632.x,Molecular_Ecology,2005,366,97,463,0.7904967602591793,197.0,9.381,21,4.301
10.1111_j.1365-294x.2005.02633.x,Molecular_Ecology,2005,172,53,225,0.7644444444444445,91.0,4.333,21,4.301
10.1111_j.1365-294x.2005.02634.x,Molecular_Ecology,2005,272,108,380,0.7157894736842105,90.0,4.286,21,4.301
10.1111_j.1365-294x.2005.02642.x,Molecular_Ecology,2005,65,12,77,0.8441558441558441,11.0,0.524,21,4.301
10.1111_j.1365-294x.2005.02667.x,Molecular_Ecology,2005,153,86,239,0.6401673640167364,38.0,1.81,21,4.301
10.1111_j.1365-294x.2005.02719.x,Molecular_Ecology,2005,190,62,252,0.753968253968254,72.0,3.429,21,4.301
10.1111_j.1365-294x.2005.02726.x,Molecular_Ecology,2005,254,96,350,0.7257142857142858,57.0,2.714,21,4.301
10.1111_j.1365-294x.2005.02730.x,Molecular_Ecology,2005,237,96,333,0.7117117117117117,127.0,6.048,21,4.301
10.1111_j.1365-294x.2005.02733.x,Molecular_Ecology,2005,206,72,278,0.7410071942446043,33.0,1.571,21,4.301
10.1111_j.1365-294x.2005.02741.x,Molecular_Ecology,2005,183,80,263,0.6958174904942965,66.0,3.143,21,4.301
10.1111_j.1365-294x.2009.04444.x,Molecular_Ecology,2010,170,60,230,0.7391304347826086,81.0,5.062,16,6.457
10.1111_j.1365-294x.2009.04520.x,Molecular_Ecology,2010,306,100,406,0.7536945812807881,74.0,4.625,16,6.457
10.1111_j.1365-294x.2010.04534.x,Molecular_Ecology,2010,239,107,346,0.6907514450867052,147.0,9.188,16,6.457
10.1111_j.1365-294x.2010.04536.x,Molecular_Ecology,2010,55,15,70,0.7857142857142857,2.0,0.125,16,6.457
10.1111_j.1365-294x.2010.04583.x,Molecular_Ecology,2010,339,94,433,0.7829099307159353,20.0,1.25,16,6.457
10.1111_j.1365-294x.2010.04584.x,Molecular_Ecology,2010,184,143,327,0.5626911314984709,47.0,2.938,16,6.457
10.1111_j.1365-294x.2010.04591.x,Molecular_Ecology,2010,275,75,350,0.7857142857142857,18.0,1.125,16,6.457
10.1111_j.1365-294x.2010.04611.x,Molecular_Ecology,2010,313,106,419,0.747016706443914,84.0,5.25,16,6.457
10.1111_j.1365-294x.2010.04630.x,Molecular_Ecology,2010,297,163,460,0.6456521739130435,41.0,2.562,16,6.457
10.1111_j.1365-294x.2010.04667.x,Molecular_Ecology,2010,70,16,86,0.813953488372093,17.0,1.062,16,6.457
10.1111_j.1365-294x.2010.04688.x,Molecular_Ecology,2010,417,67,484,0.8615702479338843,1051.0,65.688,16,6.457
10.1111_j.1365-294x.2010.04694.x,Molecular_Ecology,2010,377,113,490,0.7693877551020408,125.0,7.812,16,6.457
10.1111_j.1365-294x.2010.04700.x,Molecular_Ecology,2010,224,121,345,0.6492753623188405,27.0,1.688,16,6.457
10.1111_j.1365-294x.2010.04752.x,Molecular_Ecology,2010,151,46,197,0.766497461928934,25.0,1.562,16,6.457
10.1111_j.1365-294x.2010.04788.x,Molecular_Ecology,2010,338,91,429,0.7878787878787878,69.0,4.312,16,6.457
10.1111_j.1365-294x.2010.04791.x,Molecular_Ecology,2010,281,108,389,0.7223650385604113,181.0,11.312,16,6.457
10.1111_j.1365-294x.2010.04795.x,Molecular_Ecology,2010,184,92,276,0.6666666666666666,40.0,2.5,16,6.457
10.1111_j.1365-294x.2010.04812.x,Molecular_Ecology,2010,60,13,73,0.821917808219178,6.0,0.375,16,6.457
10.1111_j.1365-294x.2010.04817.x,Molecular_Ecology,2010,204,82,286,0.7132867132867133,43.0,2.688,16,6.457
10.1111_j.1365-294x.2010.04822.x,Molecular_Ecology,2010,224,136,360,0.6222222222222222,125.0,7.812,16,6.457
10.1111_j.1365-294x.2010.04824.x,Molecular_Ecology,2010,149,50,199,0.7487437185929648,50.0,3.125,16,6.457
10.1111_j.1365-294x.2010.04896.x,Molecular_Ecology,2010,118,18,136,0.8676470588235294,27.0,1.688,16,6.457
10.1111_mec.13030,Molecular_Ecology,2015,373,94,467,0.7987152034261242,18.0,1.636,11,5.947
10.1111_mec.13042,Molecular_Ecology,2015,228,51,279,0.8172043010752689,35.0,3.182,11,5.947
10.1111_mec.13051,Molecular_Ecology,2015,423,128,551,0.7676950998185118,192.0,17.455,11,5.947
10.1111_mec.13061,Molecular_Ecology,2015,273,100,373,0.7319034852546917,73.0,6.636,11,5.947
10.1111_mec.13065,Molecular_Ecology,2015,255,148,403,0.6327543424317618,42.0,3.818,11,5.947
10.1111_mec.13072,Molecular_Ecology,2015,258,155,413,0.6246973365617433,44.0,4.0,11,5.947
10.1111_mec.13087,Molecular_Ecology,2015,480,114,594,0.8080808080808081,196.0,17.818,11,5.947
10.1111_mec.13099,Molecular_Ecology,2015,331,53,384,0.8619791666666666,45.0,4.091,11,5.947
10.1111_mec.13150,Molecular_Ecology,2015,390,102,492,0.7926829268292683,124.0,11.273,11,5.947
10.1111_mec.13154,Molecular_Ecology,2015,251,67,318,0.789308176100629,195.0,17.727,11,5.947
10.1111_mec.13168,Molecular_Ecology,2015,328,87,415,0.7903614457831325,87.0,7.909,11,5.947
10.1111_mec.13229,Molecular_Ecology,2015,200,67,267,0.7490636704119851,22.0,2.0,11,5.947
10.1111_mec.13310,Molecular_Ecology,2015,225,82,307,0.7328990228013029,33.0,3.0,11,5.947
10.1111_mec.13314,Molecular_Ecology,2015,314,98,412,0.7621359223300971,86.0,7.818,11,5.947
10.1111_mec.13319,Molecular_Ecology,2015,235,81,316,0.7436708860759493,119.0,10.818,11,5.947
10.1111_mec.13400,Molecular_Ecology,2015,612,85,697,0.8780487804878049,289.0,26.273,11,5.947
10.1111_mec.13409,Molecular_Ecology,2015,369,145,514,0.7178988326848249,111.0,10.091,11,5.947
10.1111_mec.13435,Molecular_Ecology,2015,295,95,390,0.7564102564102564,52.0,4.727,11,5.947
10.1111_mec.13444,Molecular_Ecology,2015,239,50,289,0.8269896193771626,75.0,6.818,11,5.947
10.1111_mec.13479,Molecular_Ecology,2015,291,83,374,0.7780748663101604,58.0,5.273,11,5.947
10.1111_mec.15326,Molecular_Ecology,2020,360,77,437,0.8237986270022883,31.0,5.167,6,6.185
10.1111_mec.15337,Molecular_Ecology,2020,631,94,725,0.8703448275862069,111.0,18.5,6,6.185
10.1111_mec.15350,Molecular_Ecology,2020,341,77,418,0.8157894736842105,48.0,8.0,6,6.185
10.1111_mec.15383,Molecular_Ecology,2020,400,170,570,0.7017543859649122,18.0,3.0,6,6.185
10.1111_mec.15396,Molecular_Ecology,2020,400,125,525,0.7619047619047619,25.0,4.167,6,6.185
10.1111_mec.15424,Molecular_Ecology,2020,370,106,476,0.7773109243697479,40.0,6.667,6,6.185
10.1111_mec.15428,Molecular_Ecology,2020,294,150,444,0.6621621621621622,197.0,32.833,6,6.185
10.1111_mec.15436,Molecular_Ecology,2020,76,6,82,0.926829268292683,2.0,0.333,6,6.185
10.1111_mec.15454,Molecular_Ecology,2020,336,131,467,0.7194860813704497,65.0,10.833,6,6.185
10.1111_mec.15462,Molecular_Ecology,2020,361,161,522,0.6915708812260536,50.0,8.333,6,6.185
10.1111_mec.15475,Molecular_Ecology,2020,385,48,433,0.8891454965357968,26.0,4.333,6,6.185
10.1111_mec.15493,Molecular_Ecology,2020,366,115,481,0.760914760914761,36.0,6.0,6,6.185
10.1111_mec.15526,Molecular_Ecology,2020,265,75,340,0.7794117647058824,79.0,13.167,6,6.185
10.1111_mec.15559,Molecular_Ecology,2020,616,103,719,0.8567454798331016,33.0,5.5,6,6.185
10.1111_mec.15562,Molecular_Ecology,2020,356,137,493,0.7221095334685599,27.0,4.5,6,6.185
10.1111_mec.15568,Molecular_Ecology,2020,71,8,79,0.8987341772151899,12.0,2.0,6,6.185
10.1111_mec.15577,Molecular_Ecology,2020,94,3,97,0.9690721649484536,3.0,0.5,6,6.185
10.1111_mec.15578,Molecular_Ecology,2020,68,13,81,0.8395061728395061,3.0,0.5,6,6.185
10.1111_mec.15596,Molecular_Ecology,2020,348,103,451,0.7716186252771619,50.0,8.333,6,6.185
10.1111_mec.15617,Molecular_Ecology,2020,170,87,257,0.6614785992217899,33.0,5.5,6,6.185
10.1111_mec.15668,Molecular_Ecology,2020,344,102,446,0.7713004484304933,34.0,5.667,6,6.185
10.1111_mec.15697,Molecular_Ecology,2020,54,9,63,0.8571428571428571,4.0,0.667,6,6.185
10.1111_mec.17640,Molecular_Ecology,2025,324,126,450,0.72,5.0,5.0,1,3.7
10.1111_mec.17659,Molecular_Ecology,2025,366,117,483,0.7577639751552795,2.0,2.0,1,3.7
10.1111_mec.17661,Molecular_Ecology,2025,186,114,300,0.62,3.0,3.0,1,3.7
10.1111_mec.17662,Molecular_Ecology,2025,212,91,303,0.6996699669966997,8.0,8.0,1,3.7
10.1111_mec.17679,Molecular_Ecology,2025,334,131,465,0.7182795698924731,0.0,0.0,1,3.7
10.1111_mec.17718,Molecular_Ecology,2025,256,121,377,0.6790450928381963,5.0,5.0,1,3.7
10.1111_mec.17730,Molecular_Ecology,2025,263,150,413,0.6368038740920097,10.0,10.0,1,3.7
10.1111_mec.17735,Molecular_Ecology,2025,274,142,416,0.6586538461538461,4.0,4.0,1,3.7
10.1111_mec.17752,Molecular_Ecology,2025,225,58,283,0.7950530035335689,1.0,1.0,1,3.7
10.1111_mec.17756,Molecular_Ecology,2025,251,89,340,0.7382352941176471,9.0,9.0,1,3.7
10.1111_mec.17757,Molecular_Ecology,2025,333,71,404,0.8242574257425742,5.0,5.0,1,3.7
10.1111_mec.17762,Molecular_Ecology,2025,286,140,426,0.6713615023474179,13.0,13.0,1,3.7
10.1111_mec.17773,Molecular_Ecology,2025,340,83,423,0.8037825059101655,4.0,4.0,1,3.7
10.1111_mec.70013,Molecular_Ecology,2025,258,113,371,0.6954177897574124,4.0,4.0,1,3.7
10.1111_mec.70019,Molecular_Ecology,2025,295,101,396,0.7449494949494949,7.0,7.0,1,3.7
10.1111_mec.70028,Molecular_Ecology,2025,299,88,387,0.772609819121447,3.0,3.0,1,3.7
10.1111_mec.70046,Molecular_Ecology,2025,317,141,458,0.6921397379912664,7.0,7.0,1,3.7
10.1111_mec.70076,Molecular_Ecology,2025,211,104,315,0.6698412698412698,1.0,1.0,1,3.7
10.1111_mec.70084,Molecular_Ecology,2025,331,83,414,0.7995169082125604,1.0,1.0,1,3.7
10.1111_mec.70149,Molecular_Ecology,2025,247,68,315,0.7841269841269841,1.0,1.0,1,3.7
10.1111_mec.70151,Molecular_Ecology,2025,335,143,478,0.700836820083682,0.0,0.0,1,3.7
10.1111_mec.70159,Molecular_Ecology,2025,63,18,81,0.7777777777777778,0.0,0.0,1,3.7
10.1111_mec.70186,Molecular_Ecology,2025,186,117,303,0.6138613861386139,1.0,1.0,1,3.7
10.1111_j.1365-2958.2004.04465.x,Molecular_Microbiology,2005,267,173,440,0.6068181818181818,196.0,9.333,21,6.203
10.1111_j.1365-2958.2004.04474.x,Molecular_Microbiology,2005,457,147,604,0.7566225165562914,114.0,5.429,21,6.203
10.1111_j.1365-2958.2004.04529.x,Molecular_Microbiology,2005,396,123,519,0.7630057803468208,75.0,3.571,21,6.203
10.1111_j.1365-2958.2005.04417.x,Molecular_Microbiology,2005,234,103,337,0.6943620178041543,6.0,0.286,21,6.203
10.1111_j.1365-2958.2005.04473.x,Molecular_Microbiology,2005,360,192,552,0.6521739130434783,83.0,3.952,21,6.203
10.1111_j.1365-2958.2005.04480.x,Molecular_Microbiology,2005,146,53,199,0.7336683417085427,7.0,0.333,21,6.203
10.1111_j.1365-2958.2005.04485.x,Molecular_Microbiology,2005,299,144,443,0.6749435665914221,95.0,4.524,21,6.203
10.1111_j.1365-2958.2005.04494.x,Molecular_Microbiology,2005,228,123,351,0.6495726495726496,26.0,1.238,21,6.203
10.1111_j.1365-2958.2005.04514.x,Molecular_Microbiology,2005,212,128,340,0.6235294117647059,71.0,3.381,21,6.203
10.1111_j.1365-2958.2005.04534.x,Molecular_Microbiology,2005,292,113,405,0.7209876543209877,106.0,5.048,21,6.203
10.1111_j.1365-2958.2005.04545.x,Molecular_Microbiology,2005,317,113,430,0.7372093023255814,79.0,3.762,21,6.203
10.1111_j.1365-2958.2005.04555.x,Molecular_Microbiology,2005,228,118,346,0.6589595375722543,115.0,5.476,21,6.203
10.1111_j.1365-2958.2005.04567.x,Molecular_Microbiology,2005,398,192,590,0.6745762711864407,108.0,5.143,21,6.203
10.1111_j.1365-2958.2005.04571.x,Molecular_Microbiology,2005,361,139,500,0.722,101.0,4.81,21,6.203
10.1111_j.1365-2958.2005.04582.x,Molecular_Microbiology,2005,205,138,343,0.597667638483965,33.0,1.571,21,6.203
10.1111_j.1365-2958.2005.04605.x,Molecular_Microbiology,2005,335,138,473,0.7082452431289641,189.0,9.0,21,6.203
10.1111_j.1365-2958.2005.04607.x,Molecular_Microbiology,2005,186,101,287,0.6480836236933798,17.0,0.81,21,6.203
10.1111_j.1365-2958.2005.04638.x,Molecular_Microbiology,2005,323,176,499,0.6472945891783567,80.0,3.81,21,6.203
10.1111_j.1365-2958.2005.04653.x,Molecular_Microbiology,2005,172,139,311,0.5530546623794212,87.0,4.143,21,6.203
10.1111_j.1365-2958.2005.04661.x,Molecular_Microbiology,2005,281,119,400,0.7025,53.0,2.524,21,6.203
10.1111_j.1365-2958.2005.04691.x,Molecular_Microbiology,2005,309,118,427,0.7236533957845434,76.0,3.619,21,6.203
10.1111_j.1365-2958.2005.04700.x,Molecular_Microbiology,2005,288,135,423,0.6808510638297872,135.0,6.429,21,6.203
10.1111_j.1365-2958.2005.04726.x,Molecular_Microbiology,2005,266,107,373,0.7131367292225201,7.0,0.333,21,6.203
10.1111_j.1365-2958.2005.04744.x,Molecular_Microbiology,2005,240,169,409,0.58679706601467,105.0,5.0,21,6.203
10.1111_j.1365-2958.2005.04763.x,Molecular_Microbiology,2005,256,115,371,0.6900269541778976,41.0,1.952,21,6.203
10.1111_j.1365-2958.2005.04780.x,Molecular_Microbiology,2005,235,217,452,0.5199115044247787,104.0,4.952,21,6.203
10.1111_j.1365-2958.2005.04802.x,Molecular_Microbiology,2005,348,231,579,0.6010362694300518,118.0,5.619,21,6.203
10.1111_j.1365-2958.2005.04815.x,Molecular_Microbiology,2005,55,21,76,0.7236842105263158,16.0,0.762,21,6.203
10.1111_j.1365-2958.2005.04819.x,Molecular_Microbiology,2005,275,143,418,0.6578947368421053,85.0,4.048,21,6.203
10.1111_j.1365-2958.2005.04820.x,Molecular_Microbiology,2005,221,114,335,0.6597014925373135,28.0,1.333,21,6.203
10.1111_j.1365-2958.2005.04840.x,Molecular_Microbiology,2005,261,163,424,0.6155660377358491,51.0,2.429,21,6.203
10.1111_j.1365-2958.2005.04858.x,Molecular_Microbiology,2005,372,132,504,0.7380952380952381,122.0,5.81,21,6.203
10.1111_j.1365-2958.2005.04862.x,Molecular_Microbiology,2005,306,224,530,0.5773584905660377,55.0,2.619,21,6.203
10.1111_j.1365-2958.2005.04887.x,Molecular_Microbiology,2005,161,111,272,0.5919117647058824,106.0,5.048,21,6.203
10.1111_j.1365-2958.2005.04891.x,Molecular_Microbiology,2005,266,161,427,0.6229508196721312,65.0,3.095,21,6.203
10.1111_j.1365-2958.2005.04902.x,Molecular_Microbiology,2005,361,107,468,0.7713675213675214,331.0,15.762,21,6.203
10.1111_j.1365-2958.2009.06957.x,Molecular_Microbiology,2010,259,160,419,0.6181384248210023,124.0,7.75,16,4.819
10.1111_j.1365-2958.2009.06965.x,Molecular_Microbiology,2010,361,194,555,0.6504504504504505,46.0,2.875,16,4.819
10.1111_j.1365-2958.2009.06969.x,Molecular_Microbiology,2010,315,166,481,0.6548856548856549,234.0,14.625,16,4.819
10.1111_j.1365-2958.2009.06989.x,Molecular_Microbiology,2010,331,190,521,0.6353166986564299,87.0,5.438,16,4.819
10.1111_j.1365-2958.2009.06999.x,Molecular_Microbiology,2010,293,94,387,0.7571059431524548,82.0,5.125,16,4.819
10.1111_j.1365-2958.2009.07000.x,Molecular_Microbiology,2010,200,185,385,0.5194805194805194,30.0,1.875,16,4.819
10.1111_j.1365-2958.2009.07002.x,Molecular_Microbiology,2010,303,169,472,0.6419491525423728,73.0,4.562,16,4.819
10.1111_j.1365-2958.2009.07016.x,Molecular_Microbiology,2010,174,95,269,0.6468401486988847,16.0,1.0,16,4.819
10.1111_j.1365-2958.2009.07019.x,Molecular_Microbiology,2010,413,153,566,0.7296819787985865,50.0,3.125,16,4.819
10.1111_j.1365-2958.2010.07048.x,Molecular_Microbiology,2010,234,130,364,0.6428571428571429,72.0,4.5,16,4.819
10.1111_j.1365-2958.2010.07057.x,Molecular_Microbiology,2010,316,103,419,0.7541766109785203,30.0,1.875,16,4.819
10.1111_j.1365-2958.2010.07070.x,Molecular_Microbiology,2010,267,83,350,0.7628571428571429,69.0,4.312,16,4.819
10.1111_j.1365-2958.2010.07077.x,Molecular_Microbiology,2010,209,126,335,0.6238805970149254,51.0,3.188,16,4.819
10.1111_j.1365-2958.2010.07100.x,Molecular_Microbiology,2010,314,175,489,0.6421267893660532,25.0,1.562,16,4.819
10.1111_j.1365-2958.2010.07144.x,Molecular_Microbiology,2010,254,198,452,0.5619469026548672,31.0,1.938,16,4.819
10.1111_j.1365-2958.2010.07164.x,Molecular_Microbiology,2010,282,224,506,0.5573122529644269,88.0,5.5,16,4.819
10.1111_j.1365-2958.2010.07191.x,Molecular_Microbiology,2010,345,179,524,0.6583969465648855,84.0,5.25,16,4.819
10.1111_j.1365-2958.2010.07199.x,Molecular_Microbiology,2010,334,146,480,0.6958333333333333,70.0,4.375,16,4.819
10.1111_j.1365-2958.2010.07201.x,Molecular_Microbiology,2010,175,100,275,0.6363636363636364,116.0,7.25,16,4.819
10.1111_j.1365-2958.2010.07205.x,Molecular_Microbiology,2010,419,301,720,0.5819444444444445,94.0,5.875,16,4.819
10.1111_j.1365-2958.2010.07213.x,Molecular_Microbiology,2010,392,157,549,0.7140255009107468,70.0,4.375,16,4.819
10.1111_j.1365-2958.2010.07220.x,Molecular_Microbiology,2010,285,152,437,0.6521739130434783,69.0,4.312,16,4.819
10.1111_j.1365-2958.2010.07227.x,Molecular_Microbiology,2010,247,155,402,0.6144278606965174,57.0,3.562,16,4.819
10.1111_j.1365-2958.2010.07296.x,Molecular_Microbiology,2010,191,108,299,0.6387959866220736,79.0,4.938,16,4.819
10.1111_j.1365-2958.2010.07301.x,Molecular_Microbiology,2010,285,159,444,0.6418918918918919,66.0,4.125,16,4.819
10.1111_j.1365-2958.2010.07306.x,Molecular_Microbiology,2010,231,156,387,0.5968992248062015,75.0,4.688,16,4.819
10.1111_j.1365-2958.2010.07307.x,Molecular_Microbiology,2010,371,241,612,0.6062091503267973,225.0,14.062,16,4.819
10.1111_j.1365-2958.2010.07310.x,Molecular_Microbiology,2010,243,167,410,0.5926829268292683,89.0,5.562,16,4.819
10.1111_j.1365-2958.2010.07349.x,Molecular_Microbiology,2010,122,27,149,0.8187919463087249,10.0,0.625,16,4.819
10.1111_j.1365-2958.2010.07360.x,Molecular_Microbiology,2010,234,102,336,0.6964285714285714,93.0,5.812,16,4.819
10.1111_j.1365-2958.2010.07382.x,Molecular_Microbiology,2010,379,257,636,0.5959119496855346,47.0,2.938,16,4.819
10.1111_j.1365-2958.2010.07384.x,Molecular_Microbiology,2010,337,154,491,0.6863543788187373,100.0,6.25,16,4.819
10.1111_j.1365-2958.2010.07394.x,Molecular_Microbiology,2010,549,173,722,0.760387811634349,55.0,3.438,16,4.819
10.1111_j.1365-2958.2010.07395.x,Molecular_Microbiology,2010,260,97,357,0.7282913165266106,24.0,1.5,16,4.819
10.1111_j.1365-2958.2010.07406.x,Molecular_Microbiology,2010,385,65,450,0.8555555555555555,87.0,5.438,16,4.819
10.1111_j.1365-2958.2010.07410.x,Molecular_Microbiology,2010,177,132,309,0.5728155339805825,43.0,2.688,16,4.819
10.1111_mmi.12900,Molecular_Microbiology,2015,298,160,458,0.6506550218340611,19.0,1.727,11,3.761
10.1111_mmi.12918,Molecular_Microbiology,2015,248,127,375,0.6613333333333333,133.0,12.091,11,3.761
10.1111_mmi.12922,Molecular_Microbiology,2015,299,91,390,0.7666666666666667,20.0,1.818,11,3.761
10.1111_mmi.12923,Molecular_Microbiology,2015,501,325,826,0.6065375302663438,30.0,2.727,11,3.761
10.1111_mmi.12936,Molecular_Microbiology,2015,242,148,390,0.6205128205128205,22.0,2.0,11,3.761
10.1111_mmi.12950,Molecular_Microbiology,2015,303,136,439,0.6902050113895216,11.0,1.0,11,3.761
10.1111_mmi.12959,Molecular_Microbiology,2015,241,139,380,0.6342105263157894,24.0,2.182,11,3.761
10.1111_mmi.12976,Molecular_Microbiology,2015,241,133,374,0.6443850267379679,11.0,1.0,11,3.761
10.1111_mmi.12993,Molecular_Microbiology,2015,386,213,599,0.6444073455759599,64.0,5.818,11,3.761
10.1111_mmi.13004,Molecular_Microbiology,2015,302,194,496,0.6088709677419355,36.0,3.273,11,3.761
10.1111_mmi.13010,Molecular_Microbiology,2015,205,166,371,0.5525606469002695,73.0,6.636,11,3.761
10.1111_mmi.13013,Molecular_Microbiology,2015,435,170,605,0.71900826446281,16.0,1.455,11,3.761
10.1111_mmi.13018,Molecular_Microbiology,2015,316,132,448,0.7053571428571429,81.0,7.364,11,3.761
10.1111_mmi.13019,Molecular_Microbiology,2015,388,166,554,0.7003610108303249,82.0,7.455,11,3.761
10.1111_mmi.13022,Molecular_Microbiology,2015,416,226,642,0.6479750778816199,59.0,5.364,11,3.761
10.1111_mmi.13030,Molecular_Microbiology,2015,395,137,532,0.7424812030075187,54.0,4.909,11,3.761
10.1111_mmi.13046,Molecular_Microbiology,2015,226,110,336,0.6726190476190477,29.0,2.636,11,3.761
10.1111_mmi.13049,Molecular_Microbiology,2015,288,165,453,0.6357615894039735,39.0,3.545,11,3.761
10.1111_mmi.13060,Molecular_Microbiology,2015,96,36,132,0.7272727272727273,94.0,8.545,11,3.761
10.1111_mmi.13063,Molecular_Microbiology,2015,109,22,131,0.8320610687022901,7.0,0.636,11,3.761
10.1111_mmi.13086,Molecular_Microbiology,2015,389,151,540,0.7203703703703703,34.0,3.091,11,3.761
10.1111_mmi.13088,Molecular_Microbiology,2015,311,148,459,0.6775599128540305,56.0,5.091,11,3.761
10.1111_mmi.13112,Molecular_Microbiology,2015,181,156,337,0.5370919881305638,21.0,1.909,11,3.761
10.1111_mmi.13119,Molecular_Microbiology,2015,261,91,352,0.7414772727272727,42.0,3.818,11,3.761
10.1111_mmi.13120,Molecular_Microbiology,2015,331,195,526,0.629277566539924,61.0,5.545,11,3.761
10.1111_mmi.13121,Molecular_Microbiology,2015,374,146,520,0.7192307692307692,75.0,6.818,11,3.761
10.1111_mmi.13145,Molecular_Microbiology,2015,217,123,340,0.638235294117647,117.0,10.636,11,3.761
10.1111_mmi.13160,Molecular_Microbiology,2015,326,185,511,0.6379647749510763,30.0,2.727,11,3.761
10.1111_mmi.13172,Molecular_Microbiology,2015,298,207,505,0.5900990099009901,46.0,4.182,11,3.761
10.1111_mmi.14460,Molecular_Microbiology,2020,244,185,429,0.5687645687645687,18.0,3.0,6,3.501
10.1111_mmi.14461,Molecular_Microbiology,2020,353,70,423,0.83451536643026,85.0,14.167,6,3.501
10.1111_mmi.14474,Molecular_Microbiology,2020,145,48,193,0.7512953367875648,70.0,11.667,6,3.501
10.1111_mmi.14477,Molecular_Microbiology,2020,277,146,423,0.6548463356973995,18.0,3.0,6,3.501
10.1111_mmi.14484,Molecular_Microbiology,2020,279,164,443,0.6297968397291196,8.0,1.333,6,3.501
10.1111_mmi.14489,Molecular_Microbiology,2020,323,149,472,0.684322033898305,14.0,2.333,6,3.501
10.1111_mmi.14498,Molecular_Microbiology,2020,292,119,411,0.7104622871046229,28.0,4.667,6,3.501
10.1111_mmi.14500,Molecular_Microbiology,2020,277,169,446,0.6210762331838565,15.0,2.5,6,3.501
10.1111_mmi.14507,Molecular_Microbiology,2020,396,121,517,0.7659574468085106,27.0,4.5,6,3.501
10.1111_mmi.14508,Molecular_Microbiology,2020,285,175,460,0.6195652173913043,25.0,4.167,6,3.501
10.1111_mmi.14511,Molecular_Microbiology,2020,302,86,388,0.7783505154639175,39.0,6.5,6,3.501
10.1111_mmi.14512,Molecular_Microbiology,2020,334,194,528,0.6325757575757576,58.0,9.667,6,3.501
10.1111_mmi.14515,Molecular_Microbiology,2020,226,116,342,0.6608187134502924,12.0,2.0,6,3.501
10.1111_mmi.14516,Molecular_Microbiology,2020,385,212,597,0.644891122278057,33.0,5.5,6,3.501
10.1111_mmi.14522,Molecular_Microbiology,2020,514,90,604,0.8509933774834437,240.0,40.0,6,3.501
10.1111_mmi.14530,Molecular_Microbiology,2020,279,93,372,0.75,29.0,4.833,6,3.501
10.1111_mmi.14532,Molecular_Microbiology,2020,297,142,439,0.6765375854214123,1.0,0.167,6,3.501
10.1111_mmi.14559,Molecular_Microbiology,2020,252,187,439,0.5740318906605922,32.0,5.333,6,3.501
10.1111_mmi.14577,Molecular_Microbiology,2020,229,178,407,0.5626535626535627,8.0,1.333,6,3.501
10.1111_mmi.14583,Molecular_Microbiology,2020,427,123,550,0.7763636363636364,23.0,3.833,6,3.501
10.1111_mmi.14588,Molecular_Microbiology,2020,302,125,427,0.7072599531615925,17.0,2.833,6,3.501
10.1111_mmi.14594,Molecular_Microbiology,2020,311,158,469,0.6631130063965884,54.0,9.0,6,3.501
10.1111_mmi.15338,Molecular_Microbiology,2025,224,213,437,0.5125858123569794,3.0,3.0,1,3.1
10.1111_mmi.15339,Molecular_Microbiology,2025,205,96,301,0.6810631229235881,1.0,1.0,1,3.1
10.1111_mmi.15340,Molecular_Microbiology,2025,177,108,285,0.6210526315789474,4.0,4.0,1,3.1
10.1111_mmi.15343,Molecular_Microbiology,2025,204,206,410,0.4975609756097561,2.0,2.0,1,3.1
10.1111_mmi.15345,Molecular_Microbiology,2025,181,222,403,0.4491315136476427,3.0,3.0,1,3.1
10.1111_mmi.15346,Molecular_Microbiology,2025,178,177,355,0.5014084507042254,2.0,2.0,1,3.1
10.1111_mmi.15348,Molecular_Microbiology,2025,201,104,305,0.659016393442623,2.0,2.0,1,3.1
10.1111_mmi.15350,Molecular_Microbiology,2025,276,100,376,0.7340425531914894,13.0,13.0,1,3.1
10.1111_mmi.15355,Molecular_Microbiology,2025,269,110,379,0.7097625329815304,0.0,0.0,1,3.1
10.1111_mmi.15356,Molecular_Microbiology,2025,163,24,187,0.8716577540106952,2.0,2.0,1,3.1
10.1111_mmi.15357,Molecular_Microbiology,2025,206,163,369,0.5582655826558266,0.0,0.0,1,3.1
10.1111_mmi.15359,Molecular_Microbiology,2025,304,143,447,0.680089485458613,1.0,1.0,1,3.1
10.1111_mmi.15360,Molecular_Microbiology,2025,323,234,557,0.5798922800718133,0.0,0.0,1,3.1
10.1111_mmi.15361,Molecular_Microbiology,2025,202,199,401,0.5037406483790524,1.0,1.0,1,3.1
10.1111_mmi.15369,Molecular_Microbiology,2025,256,203,459,0.5577342047930284,1.0,1.0,1,3.1
10.1111_mmi.15370,Molecular_Microbiology,2025,184,78,262,0.7022900763358778,16.0,16.0,1,3.1
10.1111_mmi.15373,Molecular_Microbiology,2025,174,101,275,0.6327272727272727,5.0,5.0,1,3.1
10.1111_mmi.15376,Molecular_Microbiology,2025,196,163,359,0.5459610027855153,2.0,2.0,1,3.1
10.1111_mmi.15377,Molecular_Microbiology,2025,139,121,260,0.5346153846153846,1.0,1.0,1,3.1
10.1111_mmi.15378,Molecular_Microbiology,2025,213,96,309,0.6893203883495146,1.0,1.0,1,3.1
10.1111_mmi.70000,Molecular_Microbiology,2025,273,131,404,0.6757425742574258,13.0,13.0,1,3.1
10.1111_mmi.70002,Molecular_Microbiology,2025,281,187,468,0.6004273504273504,3.0,3.0,1,3.1
10.1111_mmi.70006,Molecular_Microbiology,2025,230,130,360,0.6388888888888888,1.0,1.0,1,3.1
10.1111_mmi.70008,Molecular_Microbiology,2025,215,110,325,0.6615384615384615,5.0,5.0,1,3.1
10.1111_mmi.70012,Molecular_Microbiology,2025,212,194,406,0.5221674876847291,0.0,0.0,1,3.1
10.1111_mmi.70014,Molecular_Microbiology,2025,146,156,302,0.4834437086092715,2.0,2.0,1,3.1
10.1111_mmi.70016,Molecular_Microbiology,2025,317,181,498,0.6365461847389559,2.0,2.0,1,3.1
10.1111_mmi.70020,Molecular_Microbiology,2025,247,239,486,0.5082304526748971,2.0,2.0,1,3.1
10.1111_mmi.70024,Molecular_Microbiology,2025,129,134,263,0.4904942965779467,2.0,2.0,1,3.1
10.1111_mmi.70030,Molecular_Microbiology,2025,203,160,363,0.559228650137741,2.0,2.0,1,3.1
