journal,year,n,mean_ratio,sd_ratio,se_ratio
Cancer,2005,40,0.7351413527920285,0.07433842049119632,0.01175393632057567
Cancer,2010,35,0.726700619957775,0.09161012165165196,0.01548493681801813
Cancer,2015,29,0.7575222734492273,0.06775682316868727,0.012582126192112086
Cancer,2020,28,0.7574014574076473,0.06456105038797905,0.012200891693407332
Cancer,2025,31,0.8030784858873208,0.05978834087527328,0.010738303020583229
Clinical_Genetics,2005,25,0.7152184394309127,0.06351764417074175,0.01270352883414835
Clinical_Genetics,2010,25,0.7404585865272008,0.07587226438154655,0.015174452876309311
Clinical_Genetics,2015,21,0.7359169389588317,0.07403209847718388,0.01615512833943429
Clinical_Genetics,2020,25,0.7243105232155634,0.05164622349504193,0.010329244699008385
Clinical_Genetics,2025,23,0.7012357385160122,0.0678144256223504,0.014140285223261474
Developmental_Dynamics,2005,35,0.7062314425237485,0.08184652841859803,0.013834588345547315
Developmental_Dynamics,2010,33,0.6972407009001583,0.058288886024626535,0.010146792647435822
Developmental_Dynamics,2015,27,0.7261368380885994,0.07735962321281514,0.014887866428775615
Developmental_Dynamics,2020,22,0.7403944535787514,0.07555457236439707,0.01610828895203126
Developmental_Dynamics,2025,13,0.7146637952470059,0.06498426640590352,0.018023392663453625
Ecology,2005,22,0.7517537563726562,0.05590510945087194,0.011919009382864705
Ecology,2010,34,0.7572158323438477,0.061736093238049135,0.010587652642551433
Ecology,2015,31,0.7842010502196393,0.05826941341760673,0.010465495595792268
Ecology,2020,34,0.802851230646868,0.057244069727832775,0.00981727696612244
Ecology,2025,37,0.7916730291849267,0.06857358040372713,0.011273427174275234
Journal_of_Neuroscience_Research,2005,32,0.6742034957551508,0.06960303591922366,0.012304194672413473
Journal_of_Neuroscience_Research,2010,38,0.671200995526862,0.06483272046272873,0.010517256049237323
Journal_of_Neuroscience_Research,2015,32,0.6874685400674058,0.08648082137801666,0.015287793809744531
Journal_of_Neuroscience_Research,2020,20,0.7528248548059222,0.07855489173315827,0.017565407788047816
Journal_of_Neuroscience_Research,2025,25,0.6633615304171175,0.0722601881569315,0.0144520376313863
Molecular_Ecology,2005,23,0.7248690976977121,0.06683356375921491,0.013935761386598846
Molecular_Ecology,2010,22,0.741122150229832,0.07705542642747257,0.016428272113424187
Molecular_Ecology,2015,20,0.7680287074459075,0.06326629401759933,0.014146773410784037
Molecular_Ecology,2020,22,0.7967332488225922,0.08553319847628904,0.01823573918733143
Molecular_Ecology,2025,23,0.7206080019469733,0.06146292263738805,0.012815905299970285
Molecular_Microbiology,2005,36,0.6666449499002289,0.06257805968695179,0.010429676614491965
Molecular_Microbiology,2010,36,0.6595330080542049,0.07476330226914354,0.01246055037819059
Molecular_Microbiology,2015,29,0.6673982409701644,0.06422828998329849,0.011926894028982367
Molecular_Microbiology,2020,22,0.6871904903047439,0.0821709715974144,0.01751891000820527
Molecular_Microbiology,2025,30,0.5999542040718348,0.09565353162015322,0.0174638656577972
