paper_id,journal,active,passive,total,active_ratio,year,citations_total,citations_per_year,years_since,jif
10.1002_cncr.20745,Cancer,99,55,154,0.6428571428571429,2005.0,96.0,4.571,21.0,4.8
10.1002_cncr.20771,Cancer,125,42,167,0.7485029940119761,2005.0,79.0,3.762,21.0,4.8
10.1002_cncr.20792,Cancer,90,46,136,0.6617647058823529,2005.0,174.0,8.286,21.0,4.8
10.1002_cncr.20795,Cancer,57,58,115,0.4956521739130435,2005.0,20.0,0.952,21.0,4.8
10.1002_cncr.20871,Cancer,52,73,125,0.416,2005.0,57.0,2.714,21.0,4.8
10.1002_cncr.20887,Cancer,110,73,183,0.6010928961748634,2005.0,70.0,3.333,21.0,4.8
10.1002_cncr.20902,Cancer,69,61,130,0.5307692307692308,2005.0,57.0,2.714,21.0,4.8
10.1002_cncr.20903,Cancer,104,38,142,0.7323943661971831,2005.0,305.0,14.524,21.0,4.8
10.1002_cncr.20914,Cancer,83,46,129,0.6434108527131783,2005.0,38.0,1.81,21.0,4.8
10.1002_cncr.20915,Cancer,77,83,160,0.48125,2005.0,37.0,1.762,21.0,4.8
10.1002_cncr.20935,Cancer,27,22,49,0.5510204081632653,2005.0,8.0,0.381,21.0,4.8
10.1002_cncr.20945,Cancer,55,51,106,0.5188679245283019,2005.0,192.0,9.143,21.0,4.8
10.1002_cncr.20949,Cancer,86,87,173,0.49710982658959535,2005.0,20.0,0.952,21.0,4.8
10.1002_cncr.20951,Cancer,59,62,121,0.48760330578512395,2005.0,97.0,4.619,21.0,4.8
10.1002_cncr.21003,Cancer,113,57,170,0.6647058823529411,2005.0,72.0,3.429,21.0,4.8
10.1002_cncr.21030,Cancer,53,29,82,0.6463414634146342,2005.0,231.0,11.0,21.0,4.8
10.1002_cncr.21048,Cancer,107,81,188,0.5691489361702128,2005.0,27.0,1.286,21.0,4.8
10.1002_cncr.21054,Cancer,89,63,152,0.5855263157894737,2005.0,9.0,0.429,21.0,4.8
10.1002_cncr.21156,Cancer,129,49,178,0.7247191011235955,2005.0,38.0,1.81,21.0,4.8
10.1002_cncr.21169,Cancer,89,55,144,0.6180555555555556,2005.0,71.0,3.381,21.0,4.8
10.1002_cncr.21184,Cancer,63,44,107,0.5887850467289719,2005.0,30.0,1.429,21.0,4.8
10.1002_cncr.21256,Cancer,34,41,75,0.4533333333333333,2005.0,12.0,0.571,21.0,4.8
10.1002_cncr.21259,Cancer,65,64,129,0.5038759689922481,2005.0,39.0,1.857,21.0,4.8
10.1002_cncr.21265,Cancer,37,36,73,0.5068493150684932,2005.0,227.0,10.81,21.0,4.8
10.1002_cncr.21266,Cancer,78,93,171,0.45614035087719296,2005.0,70.0,3.333,21.0,4.8
10.1002_cncr.21303,Cancer,73,77,150,0.4866666666666667,2005.0,109.0,5.19,21.0,4.8
10.1002_cncr.21313,Cancer,70,41,111,0.6306306306306306,2005.0,35.0,1.667,21.0,4.8
10.1002_cncr.21331,Cancer,85,71,156,0.5448717948717948,2005.0,220.0,10.476,21.0,4.8
10.1002_cncr.21334,Cancer,54,44,98,0.5510204081632653,2005.0,233.0,11.095,21.0,4.8
10.1002_cncr.21347,Cancer,98,105,203,0.4827586206896552,2005.0,8.0,0.381,21.0,4.8
10.1002_cncr.21373,Cancer,71,89,160,0.44375,2005.0,48.0,2.286,21.0,4.8
10.1002_cncr.21394,Cancer,73,53,126,0.5793650793650794,2005.0,20.0,0.952,21.0,4.8
10.1002_cncr.21462,Cancer,114,91,205,0.5560975609756098,2005.0,163.0,7.762,21.0,4.8
10.1002_cncr.21485,Cancer,56,55,111,0.5045045045045045,2005.0,18.0,0.857,21.0,4.8
10.1002_cncr.21496,Cancer,74,45,119,0.6218487394957983,2005.0,574.0,27.333,21.0,4.8
10.1002_cncr.21504,Cancer,65,7,72,0.9027777777777778,2005.0,2.0,0.095,21.0,4.8
10.1002_cncr.21574,Cancer,42,36,78,0.5384615384615384,2005.0,160.0,7.619,21.0,4.8
10.1002_cncr.21589,Cancer,61,74,135,0.45185185185185184,2005.0,186.0,8.857,21.0,4.8
10.1002_cncr.24794,Cancer,75,73,148,0.5067567567567568,2010.0,18.0,1.125,16.0,5.131
10.1002_cncr.24857,Cancer,86,62,148,0.581081081081081,2010.0,77.0,4.812,16.0,5.131
10.1002_cncr.24862,Cancer,57,46,103,0.5533980582524272,2010.0,290.0,18.125,16.0,5.131
10.1002_cncr.24877,Cancer,67,41,108,0.6203703703703703,2010.0,109.0,6.812,16.0,5.131
10.1002_cncr.24884,Cancer,102,107,209,0.4880382775119617,2010.0,188.0,11.75,16.0,5.131
10.1002_cncr.24887,Cancer,69,72,141,0.48936170212765956,2010.0,42.0,2.625,16.0,5.131
10.1002_cncr.24900,Cancer,82,81,163,0.5030674846625767,2010.0,7.0,0.438,16.0,5.131
10.1002_cncr.24917,Cancer,61,56,117,0.5213675213675214,2010.0,102.0,6.375,16.0,5.131
10.1002_cncr.24925,Cancer,83,50,133,0.6240601503759399,2010.0,51.0,3.188,16.0,5.131
10.1002_cncr.24943,Cancer,58,56,114,0.5087719298245614,2010.0,25.0,1.562,16.0,5.131
10.1002_cncr.24946,Cancer,77,49,126,0.6111111111111112,2010.0,40.0,2.5,16.0,5.131
10.1002_cncr.24973,Cancer,68,94,162,0.41975308641975306,2010.0,49.0,3.062,16.0,5.131
10.1002_cncr.25016,Cancer,87,51,138,0.6304347826086957,2010.0,106.0,6.625,16.0,5.131
10.1002_cncr.25028,Cancer,91,61,152,0.5986842105263158,2010.0,36.0,2.25,16.0,5.131
10.1002_cncr.25047,Cancer,65,71,136,0.47794117647058826,2010.0,52.0,3.25,16.0,5.131
10.1002_cncr.25125,Cancer,64,109,173,0.3699421965317919,2010.0,74.0,4.625,16.0,5.131
10.1002_cncr.25142,Cancer,66,77,143,0.46153846153846156,2010.0,109.0,6.812,16.0,5.131
10.1002_cncr.25170,Cancer,18,11,29,0.6206896551724138,2010.0,18.0,1.125,16.0,5.131
10.1002_cncr.25180,Cancer,59,73,132,0.44696969696969696,2010.0,40.0,2.5,16.0,5.131
10.1002_cncr.25207,Cancer,85,47,132,0.6439393939393939,2010.0,37.0,2.312,16.0,5.131
10.1002_cncr.25209,Cancer,133,46,179,0.7430167597765364,2010.0,260.0,16.25,16.0,5.131
10.1002_cncr.25211,Cancer,56,78,134,0.417910447761194,2010.0,35.0,2.188,16.0,5.131
10.1002_cncr.25280,Cancer,82,71,153,0.5359477124183006,2010.0,19.0,1.188,16.0,5.131
10.1002_cncr.25366,Cancer,81,75,156,0.5192307692307693,2010.0,1.0,0.062,16.0,5.131
10.1002_cncr.25414,Cancer,62,28,90,0.6888888888888889,2010.0,171.0,10.688,16.0,5.131
10.1002_cncr.25417,Cancer,67,67,134,0.5,2010.0,33.0,2.062,16.0,5.131
10.1002_cncr.25426,Cancer,98,160,258,0.3798449612403101,2010.0,92.0,5.75,16.0,5.131
10.1002_cncr.25454,Cancer,76,54,130,0.5846153846153846,2010.0,143.0,8.938,16.0,5.131
10.1002_cncr.25486,Cancer,62,66,128,0.484375,2010.0,37.0,2.312,16.0,5.131
10.1002_cncr.25561,Cancer,76,51,127,0.5984251968503937,2010.0,35.0,2.188,16.0,5.131
10.1002_cncr.2820710206,Cancer,78,32,110,0.7090909090909091,2010.0,169.0,10.562,16.0,5.131
10.1002_cncr.29235,Cancer,103,110,213,0.4835680751173709,2015.0,66.0,6.0,11.0,5.649
10.1002_cncr.29238,Cancer,73,58,131,0.5572519083969466,2015.0,33.0,3.0,11.0,5.649
10.1002_cncr.29288,Cancer,75,51,126,0.5952380952380952,2015.0,43.0,3.909,11.0,5.649
10.1002_cncr.29297,Cancer,84,47,131,0.6412213740458015,2015.0,39.0,3.545,11.0,5.649
10.1002_cncr.29302,Cancer,48,36,84,0.5714285714285714,2015.0,93.0,8.455,11.0,5.649
10.1002_cncr.29309,Cancer,61,48,109,0.5596330275229358,2015.0,44.0,4.0,11.0,5.649
10.1002_cncr.29325,Cancer,67,46,113,0.5929203539823009,2015.0,144.0,13.091,11.0,5.649
10.1002_cncr.29334,Cancer,81,43,124,0.6532258064516129,2015.0,38.0,3.455,11.0,5.649
10.1002_cncr.29338,Cancer,73,68,141,0.5177304964539007,2015.0,50.0,4.545,11.0,5.649
10.1002_cncr.29350,Cancer,110,81,191,0.5759162303664922,2015.0,230.0,20.909,11.0,5.649
10.1002_cncr.29379,Cancer,99,65,164,0.6036585365853658,2015.0,121.0,11.0,11.0,5.649
10.1002_cncr.29389,Cancer,48,39,87,0.5517241379310345,2015.0,18.0,1.636,11.0,5.649
10.1002_cncr.29400,Cancer,67,51,118,0.5677966101694916,2015.0,157.0,14.273,11.0,5.649
10.1002_cncr.29402,Cancer,90,44,134,0.6716417910447762,2015.0,63.0,5.727,11.0,5.649
10.1002_cncr.29408,Cancer,33,16,49,0.673469387755102,2015.0,2.0,0.182,11.0,5.649
10.1002_cncr.29409,Cancer,86,58,144,0.5972222222222222,2015.0,49.0,4.455,11.0,5.649
10.1002_cncr.29415,Cancer,67,57,124,0.5403225806451613,2015.0,32.0,2.909,11.0,5.649
10.1002_cncr.29461,Cancer,61,29,90,0.6777777777777778,2015.0,30.0,2.727,11.0,5.649
10.1002_cncr.29488,Cancer,92,51,143,0.6433566433566433,2015.0,109.0,9.909,11.0,5.649
10.1002_cncr.29494,Cancer,65,42,107,0.6074766355140186,2015.0,112.0,10.182,11.0,5.649
10.1002_cncr.29513,Cancer,14,9,23,0.6086956521739131,2015.0,10.0,0.909,11.0,5.649
10.1002_cncr.29539,Cancer,16,5,21,0.7619047619047619,2015.0,0.0,0.0,11.0,5.649
10.1002_cncr.29548,Cancer,110,79,189,0.582010582010582,2015.0,20.0,1.818,11.0,5.649
10.1002_cncr.29604,Cancer,74,73,147,0.5034013605442177,2015.0,79.0,7.182,11.0,5.649
10.1002_cncr.29642,Cancer,108,23,131,0.8244274809160306,2015.0,34.0,3.091,11.0,5.649
10.1002_cncr.32678,Cancer,114,46,160,0.7125,2020.0,21.0,3.5,6.0,6.86
10.1002_cncr.32693,Cancer,64,45,109,0.5871559633027523,2020.0,55.0,9.167,6.0,6.86
10.1002_cncr.32792,Cancer,85,41,126,0.6746031746031746,2020.0,74.0,12.333,6.0,6.86
10.1002_cncr.32794,Cancer,39,16,55,0.7090909090909091,2020.0,49.0,8.167,6.0,6.86
10.1002_cncr.32807,Cancer,102,62,164,0.6219512195121951,2020.0,52.0,8.667,6.0,6.86
10.1002_cncr.32808,Cancer,66,61,127,0.5196850393700787,2020.0,21.0,3.5,6.0,6.86
10.1002_cncr.32812,Cancer,53,8,61,0.8688524590163934,2020.0,0.0,0.0,6.0,6.86
10.1002_cncr.32815,Cancer,28,48,76,0.3684210526315789,2020.0,24.0,4.0,6.0,6.86
10.1002_cncr.32851,Cancer,68,52,120,0.5666666666666667,2020.0,73.0,12.167,6.0,6.86
10.1002_cncr.32901,Cancer,41,29,70,0.5857142857142857,2020.0,23.0,3.833,6.0,6.86
10.1002_cncr.32921,Cancer,100,68,168,0.5952380952380952,2020.0,28.0,4.667,6.0,6.86
10.1002_cncr.32926,Cancer,62,57,119,0.5210084033613446,2020.0,13.0,2.167,6.0,6.86
10.1002_cncr.32976,Cancer,113,64,177,0.6384180790960452,2020.0,16.0,2.667,6.0,6.86
10.1002_cncr.32996,Cancer,143,68,211,0.6777251184834123,2020.0,45.0,7.5,6.0,6.86
10.1002_cncr.33041,Cancer,130,57,187,0.6951871657754011,2020.0,51.0,8.5,6.0,6.86
10.1002_cncr.33050,Cancer,71,57,128,0.5546875,2020.0,88.0,14.667,6.0,6.86
10.1002_cncr.33054,Cancer,47,48,95,0.49473684210526314,2020.0,15.0,2.5,6.0,6.86
10.1002_cncr.33069,Cancer,29,17,46,0.6304347826086957,2020.0,0.0,0.0,6.0,6.86
10.1002_cncr.33072,Cancer,84,48,132,0.6363636363636364,2020.0,8.0,1.333,6.0,6.86
10.1002_cncr.33078,Cancer,148,49,197,0.751269035532995,2020.0,87.0,14.5,6.0,6.86
10.1002_cncr.33181,Cancer,102,80,182,0.5604395604395604,2020.0,37.0,6.167,6.0,6.86
10.1002_cncr.33196,Cancer,61,30,91,0.6703296703296703,2020.0,33.0,5.5,6.0,6.86
10.1002_cncr.33210,Cancer,45,30,75,0.6,2020.0,8.0,1.333,6.0,6.86
10.1002_cncr.33233,Cancer,77,69,146,0.5273972602739726,2020.0,74.0,12.333,6.0,6.86
10.1002_cncr.33277,Cancer,30,12,42,0.7142857142857143,2020.0,0.0,0.0,6.0,6.86
10.1002_cncr.35677,Cancer,110,51,161,0.6832298136645962,2025.0,2.0,2.0,1.0,5.6
10.1002_cncr.35686,Cancer,28,1,29,0.9655172413793104,2025.0,0.0,0.0,1.0,5.6
10.1002_cncr.35694,Cancer,118,67,185,0.6378378378378379,2025.0,2.0,2.0,1.0,5.6
10.1002_cncr.35707,Cancer,109,67,176,0.6193181818181818,2025.0,9.0,9.0,1.0,5.6
10.1002_cncr.35744,Cancer,14,6,20,0.7,2025.0,0.0,0.0,1.0,5.6
10.1002_cncr.35771,Cancer,107,62,169,0.6331360946745562,2025.0,4.0,4.0,1.0,5.6
10.1002_cncr.35774,Cancer,25,13,38,0.6578947368421053,2025.0,0.0,0.0,1.0,5.6
10.1002_cncr.35780,Cancer,33,19,52,0.6346153846153846,2025.0,11.0,11.0,1.0,5.6
10.1002_cncr.35793,Cancer,104,37,141,0.7375886524822695,2025.0,3.0,3.0,1.0,5.6
10.1002_cncr.35799,Cancer,73,58,131,0.5572519083969466,2025.0,20.0,20.0,1.0,5.6
10.1002_cncr.35801,Cancer,171,58,229,0.7467248908296943,2025.0,14.0,14.0,1.0,5.6
10.1002_cncr.35836,Cancer,82,61,143,0.5734265734265734,2025.0,2.0,2.0,1.0,5.6
10.1002_cncr.35845,Cancer,119,58,177,0.672316384180791,2025.0,2.0,2.0,1.0,5.6
10.1002_cncr.35870,Cancer,182,105,287,0.6341463414634146,2025.0,3.0,3.0,1.0,5.6
10.1002_cncr.35918,Cancer,99,70,169,0.5857988165680473,2025.0,5.0,5.0,1.0,5.6
10.1002_cncr.35929,Cancer,117,50,167,0.7005988023952096,2025.0,5.0,5.0,1.0,5.6
10.1002_cncr.35946,Cancer,68,27,95,0.7157894736842105,2025.0,0.0,0.0,1.0,5.6
10.1002_cncr.70028,Cancer,175,66,241,0.7261410788381742,2025.0,4.0,4.0,1.0,5.6
10.1002_cncr.70038,Cancer,92,37,129,0.7131782945736435,2025.0,10.0,10.0,1.0,5.6
10.1002_cncr.70064,Cancer,82,66,148,0.5540540540540541,2025.0,6.0,6.0,1.0,5.6
10.1002_cncr.70085,Cancer,66,42,108,0.6111111111111112,2025.0,2.0,2.0,1.0,5.6
10.1002_cncr.70093,Cancer,113,56,169,0.6686390532544378,2025.0,0.0,0.0,1.0,5.6
10.1002_cncr.70133,Cancer,97,37,134,0.7238805970149254,2025.0,1.0,1.0,1.0,5.6
10.1002_cncr.70157,Cancer,176,86,262,0.6717557251908397,2025.0,1.0,1.0,1.0,5.6
10.1002_cncr.70168,Cancer,141,50,191,0.7382198952879581,2025.0,3.0,3.0,1.0,5.6
10.1002_cncr.70204,Cancer,114,54,168,0.6785714285714286,2025.0,4.0,4.0,1.0,5.6
10.1002_cncr.70211,Cancer,112,56,168,0.6666666666666666,2025.0,1.0,1.0,1.0,5.6
10.1111_cge.12534,Clinical_Genetics,47,28,75,0.6266666666666667,2015.0,11.0,1.0,11.0,3.892
10.1111_cge.12536,Clinical_Genetics,111,32,143,0.7762237762237763,2015.0,15.0,1.364,11.0,3.892
10.1111_cge.12548,Clinical_Genetics,99,81,180,0.55,2015.0,46.0,4.182,11.0,3.892
10.1111_cge.12550,Clinical_Genetics,72,69,141,0.5106382978723404,2015.0,54.0,4.909,11.0,3.892
10.1111_cge.12551,Clinical_Genetics,76,53,129,0.5891472868217055,2015.0,93.0,8.455,11.0,3.892
10.1111_cge.12552,Clinical_Genetics,95,58,153,0.6209150326797386,2015.0,19.0,1.727,11.0,3.892
10.1111_cge.12553,Clinical_Genetics,94,82,176,0.5340909090909091,2015.0,35.0,3.182,11.0,3.892
10.1111_cge.12557,Clinical_Genetics,63,31,94,0.6702127659574468,2015.0,31.0,2.818,11.0,3.892
10.1111_cge.12560,Clinical_Genetics,93,76,169,0.5502958579881657,2015.0,32.0,2.909,11.0,3.892
10.1111_cge.12561,Clinical_Genetics,91,42,133,0.6842105263157895,2015.0,28.0,2.545,11.0,3.892
10.1111_cge.12563,Clinical_Genetics,80,52,132,0.6060606060606061,2015.0,43.0,3.909,11.0,3.892
10.1111_cge.12568,Clinical_Genetics,81,55,136,0.5955882352941176,2015.0,47.0,4.273,11.0,3.892
10.1111_cge.12580,Clinical_Genetics,34,37,71,0.4788732394366197,2015.0,5.0,0.455,11.0,3.892
10.1111_cge.12634,Clinical_Genetics,53,42,95,0.5578947368421052,2015.0,41.0,3.727,11.0,3.892
10.1111_cge.12637,Clinical_Genetics,90,79,169,0.5325443786982249,2015.0,58.0,5.273,11.0,3.892
10.1111_cge.13691,Clinical_Genetics,48,36,84,0.5714285714285714,2020.0,8.0,1.333,6.0,4.438
10.1111_cge.13694,Clinical_Genetics,42,41,83,0.5060240963855421,2020.0,39.0,6.5,6.0,4.438
10.1111_cge.13700,Clinical_Genetics,53,37,90,0.5888888888888889,2020.0,24.0,4.0,6.0,4.438
10.1111_cge.13702,Clinical_Genetics,46,34,80,0.575,2020.0,46.0,7.667,6.0,4.438
10.1111_cge.13705,Clinical_Genetics,49,83,132,0.3712121212121212,2020.0,52.0,8.667,6.0,4.438
10.1111_cge.13712,Clinical_Genetics,47,35,82,0.573170731707317,2020.0,27.0,4.5,6.0,4.438
10.1111_cge.13722,Clinical_Genetics,43,25,68,0.6323529411764706,2020.0,38.0,6.333,6.0,4.438
10.1111_cge.13731,Clinical_Genetics,38,32,70,0.5428571428571428,2020.0,17.0,2.833,6.0,4.438
10.1111_cge.13736,Clinical_Genetics,71,78,149,0.47651006711409394,2020.0,15.0,2.5,6.0,4.438
10.1111_cge.13738,Clinical_Genetics,103,76,179,0.5754189944134078,2020.0,3.0,0.5,6.0,4.438
10.1111_cge.13739,Clinical_Genetics,44,43,87,0.5057471264367817,2020.0,8.0,1.333,6.0,4.438
10.1111_cge.13740,Clinical_Genetics,65,51,116,0.5603448275862069,2020.0,21.0,3.5,6.0,4.438
10.1111_cge.13756,Clinical_Genetics,50,42,92,0.5434782608695652,2020.0,18.0,3.0,6.0,4.438
10.1111_cge.13765,Clinical_Genetics,50,44,94,0.5319148936170213,2020.0,47.0,7.833,6.0,4.438
10.1111_cge.13773,Clinical_Genetics,110,103,213,0.5164319248826291,2020.0,34.0,5.667,6.0,4.438
10.1111_cge.13793,Clinical_Genetics,40,27,67,0.5970149253731343,2020.0,22.0,3.667,6.0,4.438
10.1111_cge.13801,Clinical_Genetics,124,91,215,0.5767441860465117,2020.0,26.0,4.333,6.0,4.438
10.1111_cge.13804,Clinical_Genetics,40,21,61,0.6557377049180327,2020.0,15.0,2.5,6.0,4.438
10.1111_cge.13812,Clinical_Genetics,26,41,67,0.3880597014925373,2020.0,18.0,3.0,6.0,4.438
10.1111_cge.13813,Clinical_Genetics,52,34,86,0.6046511627906976,2020.0,9.0,1.5,6.0,4.438
10.1111_cge.13814,Clinical_Genetics,148,87,235,0.6297872340425532,2020.0,9.0,1.5,6.0,4.438
10.1111_cge.13822,Clinical_Genetics,69,58,127,0.5433070866141733,2020.0,10.0,1.667,6.0,4.438
10.1111_cge.13824,Clinical_Genetics,40,33,73,0.547945205479452,2020.0,7.0,1.167,6.0,4.438
10.1111_cge.13826,Clinical_Genetics,110,79,189,0.582010582010582,2020.0,21.0,3.5,6.0,4.438
10.1111_cge.13834,Clinical_Genetics,73,21,94,0.776595744680851,2020.0,11.0,1.833,6.0,4.438
10.1111_cge.14692,Clinical_Genetics,90,62,152,0.5921052631578947,2025.0,5.0,5.0,1.0,2.1
10.1111_cge.14697,Clinical_Genetics,136,32,168,0.8095238095238095,2025.0,10.0,10.0,1.0,2.1
10.1111_cge.14698,Clinical_Genetics,66,26,92,0.717391304347826,2025.0,2.0,2.0,1.0,2.1
10.1111_cge.14703,Clinical_Genetics,60,30,90,0.6666666666666666,2025.0,1.0,1.0,1.0,2.1
10.1111_cge.14709,Clinical_Genetics,84,33,117,0.717948717948718,2025.0,2.0,2.0,1.0,2.1
10.1111_cge.14713,Clinical_Genetics,80,59,139,0.5755395683453237,2025.0,3.0,3.0,1.0,2.1
10.1111_cge.14719,Clinical_Genetics,126,81,207,0.6086956521739131,2025.0,3.0,3.0,1.0,2.1
10.1111_cge.14725,Clinical_Genetics,43,14,57,0.7543859649122807,2025.0,2.0,2.0,1.0,2.1
10.1111_cge.14737,Clinical_Genetics,23,10,33,0.696969696969697,2025.0,1.0,1.0,1.0,2.1
10.1111_cge.14744,Clinical_Genetics,51,33,84,0.6071428571428571,2025.0,1.0,1.0,1.0,2.1
10.1111_cge.14746,Clinical_Genetics,212,63,275,0.7709090909090909,2025.0,1.0,1.0,1.0,2.1
10.1111_cge.14748,Clinical_Genetics,81,43,124,0.6532258064516129,2025.0,1.0,1.0,1.0,2.1
10.1111_cge.14764,Clinical_Genetics,98,80,178,0.550561797752809,2025.0,3.0,3.0,1.0,2.1
10.1111_cge.14769,Clinical_Genetics,78,94,172,0.45348837209302323,2025.0,0.0,0.0,1.0,2.1
10.1111_cge.14773,Clinical_Genetics,64,61,125,0.512,2025.0,0.0,0.0,1.0,2.1
10.1111_cge.14774,Clinical_Genetics,71,23,94,0.7553191489361702,2025.0,0.0,0.0,1.0,2.1
10.1111_cge.14778,Clinical_Genetics,120,74,194,0.6185567010309279,2025.0,2.0,2.0,1.0,2.1
10.1111_cge.14782,Clinical_Genetics,111,68,179,0.6201117318435754,2025.0,2.0,2.0,1.0,2.1
10.1111_cge.14783,Clinical_Genetics,74,35,109,0.6788990825688074,2025.0,1.0,1.0,1.0,2.1
10.1111_cge.70007,Clinical_Genetics,36,15,51,0.7058823529411765,2025.0,1.0,1.0,1.0,2.1
10.1111_cge.70025,Clinical_Genetics,34,15,49,0.6938775510204082,2025.0,1.0,1.0,1.0,2.1
10.1111_cge.70054,Clinical_Genetics,30,16,46,0.6521739130434783,2025.0,2.0,2.0,1.0,2.1
10.1111_cge.70066,Clinical_Genetics,29,33,62,0.46774193548387094,2025.0,0.0,0.0,1.0,2.1
10.1111_j.1399-0004.2004.00400.x,Clinical_Genetics,45,72,117,0.38461538461538464,2005.0,10.0,0.476,21.0,3.276
10.1111_j.1399-0004.2005.00401.x,Clinical_Genetics,41,48,89,0.4606741573033708,2005.0,58.0,2.762,21.0,3.276
10.1111_j.1399-0004.2005.00406.x,Clinical_Genetics,174,79,253,0.6877470355731226,2005.0,33.0,1.571,21.0,3.276
10.1111_j.1399-0004.2005.00413.x,Clinical_Genetics,65,39,104,0.625,2005.0,62.0,2.952,21.0,3.276
10.1111_j.1399-0004.2005.00415.x,Clinical_Genetics,22,10,32,0.6875,2005.0,0.0,0.0,21.0,3.276
10.1111_j.1399-0004.2005.00419.x,Clinical_Genetics,28,10,38,0.7368421052631579,2005.0,0.0,0.0,21.0,3.276
10.1111_j.1399-0004.2005.00424.x,Clinical_Genetics,113,64,177,0.6384180790960452,2005.0,75.0,3.571,21.0,3.276
10.1111_j.1399-0004.2005.00425.x,Clinical_Genetics,61,38,99,0.6161616161616161,2005.0,72.0,3.429,21.0,3.276
10.1111_j.1399-0004.2005.00445.x,Clinical_Genetics,83,74,157,0.5286624203821656,2005.0,30.0,1.429,21.0,3.276
10.1111_j.1399-0004.2005.00450.x,Clinical_Genetics,58,47,105,0.5523809523809524,2005.0,36.0,1.714,21.0,3.276
10.1111_j.1399-0004.2005.00455.x,Clinical_Genetics,108,71,179,0.6033519553072626,2005.0,29.0,1.381,21.0,3.276
10.1111_j.1399-0004.2005.00461.x,Clinical_Genetics,111,51,162,0.6851851851851852,2005.0,10.0,0.476,21.0,3.276
10.1111_j.1399-0004.2005.00469.x,Clinical_Genetics,79,50,129,0.6124031007751938,2005.0,41.0,1.952,21.0,3.276
10.1111_j.1399-0004.2005.00471.x,Clinical_Genetics,89,68,157,0.5668789808917197,2005.0,30.0,1.429,21.0,3.276
10.1111_j.1399-0004.2005.00480.x,Clinical_Genetics,151,44,195,0.7743589743589744,2005.0,62.0,2.952,21.0,3.276
10.1111_j.1399-0004.2005.00483.x,Clinical_Genetics,64,52,116,0.5517241379310345,2005.0,25.0,1.19,21.0,3.276
10.1111_j.1399-0004.2005.00504.x,Clinical_Genetics,41,49,90,0.45555555555555555,2005.0,89.0,4.238,21.0,3.276
10.1111_j.1399-0004.2005.00527.x,Clinical_Genetics,42,22,64,0.65625,2005.0,17.0,0.81,21.0,3.276
10.1111_j.1399-0004.2005.0430a.x,Clinical_Genetics,48,33,81,0.5925925925925926,2005.0,0.0,0.0,21.0,3.276
10.1111_j.1399-0004.2005.0453a.x,Clinical_Genetics,57,31,88,0.6477272727272727,2005.0,2.0,0.095,21.0,3.276
10.1111_j.1399-0004.2005.0473b.x,Clinical_Genetics,65,41,106,0.6132075471698113,2005.0,0.0,0.0,21.0,3.276
10.1111_j.1399-0004.2005.0473d.x,Clinical_Genetics,65,41,106,0.6132075471698113,2005.0,0.0,0.0,21.0,3.276
10.1111_j.1399-0004.2005.0479b.x,Clinical_Genetics,26,12,38,0.6842105263157895,2005.0,0.0,0.0,21.0,3.276
10.1111_j.1399-0004.2005.0526b.x,Clinical_Genetics,23,10,33,0.696969696969697,2005.0,1.0,0.048,21.0,3.276
10.1111_j.1399-0004.2005.0526c.x,Clinical_Genetics,23,10,33,0.696969696969697,2005.0,0.0,0.0,21.0,3.276
10.1111_j.1399-0004.2009.01302.x,Clinical_Genetics,26,10,36,0.7222222222222222,2010.0,1.0,0.062,16.0,2.942
10.1111_j.1399-0004.2009.01315.x,Clinical_Genetics,112,51,163,0.6871165644171779,2010.0,106.0,6.625,16.0,2.942
10.1111_j.1399-0004.2009.01325.x,Clinical_Genetics,115,80,195,0.5897435897435898,2010.0,89.0,5.562,16.0,2.942
10.1111_j.1399-0004.2009.01329.x,Clinical_Genetics,89,39,128,0.6953125,2010.0,119.0,7.438,16.0,2.942
10.1111_j.1399-0004.2009.01343.x,Clinical_Genetics,65,38,103,0.6310679611650486,2010.0,2.0,0.125,16.0,2.942
10.1111_j.1399-0004.2009.01357.x,Clinical_Genetics,85,46,131,0.648854961832061,2010.0,34.0,2.125,16.0,2.942
10.1111_j.1399-0004.2009.01365_3.x,Clinical_Genetics,16,7,23,0.6956521739130435,2010.0,10.0,0.625,16.0,2.942
10.1111_j.1399-0004.2009.01366_1.x,Clinical_Genetics,27,14,41,0.6585365853658537,2010.0,12.0,0.75,16.0,2.942
10.1111_j.1399-0004.2010.01370.x,Clinical_Genetics,78,62,140,0.5571428571428572,2010.0,94.0,5.875,16.0,2.942
10.1111_j.1399-0004.2010.01374.x,Clinical_Genetics,116,72,188,0.6170212765957447,2010.0,151.0,9.438,16.0,2.942
10.1111_j.1399-0004.2010.01380.x,Clinical_Genetics,120,46,166,0.7228915662650602,2010.0,87.0,5.438,16.0,2.942
10.1111_j.1399-0004.2010.01388.x,Clinical_Genetics,68,30,98,0.6938775510204082,2010.0,75.0,4.688,16.0,2.942
10.1111_j.1399-0004.2010.01391.x,Clinical_Genetics,34,18,52,0.6538461538461539,2010.0,26.0,1.625,16.0,2.942
10.1111_j.1399-0004.2010.01397.x,Clinical_Genetics,81,57,138,0.5869565217391305,2010.0,85.0,5.312,16.0,2.942
10.1111_j.1399-0004.2010.01403.x,Clinical_Genetics,46,30,76,0.6052631578947368,2010.0,30.0,1.875,16.0,2.942
10.1111_j.1399-0004.2010.01404.x,Clinical_Genetics,58,22,80,0.725,2010.0,33.0,2.062,16.0,2.942
10.1111_j.1399-0004.2010.01417.x,Clinical_Genetics,39,15,54,0.7222222222222222,2010.0,34.0,2.125,16.0,2.942
10.1111_j.1399-0004.2010.01424.x,Clinical_Genetics,81,56,137,0.5912408759124088,2010.0,22.0,1.375,16.0,2.942
10.1111_j.1399-0004.2010.01452_3.x,Clinical_Genetics,31,12,43,0.7209302325581395,2010.0,4.0,0.25,16.0,2.942
10.1111_j.1399-0004.2010.01530_2.x,Clinical_Genetics,28,14,42,0.6666666666666666,2010.0,8.0,0.5,16.0,2.942
10.1111_j.1399-0004.2010.01530_3.x,Clinical_Genetics,41,13,54,0.7592592592592593,2010.0,0.0,0.0,16.0,2.942
10.1111_j.1399-0004.2010.01559.x,Clinical_Genetics,36,23,59,0.6101694915254238,2010.0,0.0,0.0,16.0,2.942
10.1111_j.1399-0004.2010.01566.x,Clinical_Genetics,198,173,371,0.5336927223719676,2010.0,0.0,0.0,16.0,2.942
10.1111_j.1399-0004.2010.01571.x,Clinical_Genetics,23,11,34,0.6764705882352942,2010.0,0.0,0.0,16.0,2.942
10.1111_j.1399-0004.2010.01584.x,Clinical_Genetics,501,322,823,0.6087484811664642,2010.0,0.0,0.0,16.0,2.942
10.1002_dvdy.143,Developmental_Dynamics,116,95,211,0.5497630331753555,2020.0,6.0,1.0,6.0,3.78
10.1002_dvdy.147,Developmental_Dynamics,162,47,209,0.7751196172248804,2020.0,22.0,3.667,6.0,3.78
10.1002_dvdy.150,Developmental_Dynamics,169,86,255,0.6627450980392157,2020.0,4.0,0.667,6.0,3.78
10.1002_dvdy.158,Developmental_Dynamics,64,74,138,0.463768115942029,2020.0,6.0,1.0,6.0,3.78
10.1002_dvdy.160,Developmental_Dynamics,167,141,308,0.5422077922077922,2020.0,4.0,0.667,6.0,3.78
10.1002_dvdy.174,Developmental_Dynamics,187,138,325,0.5753846153846154,2020.0,6.0,1.0,6.0,3.78
10.1002_dvdy.175,Developmental_Dynamics,275,109,384,0.7161458333333334,2020.0,96.0,16.0,6.0,3.78
10.1002_dvdy.176,Developmental_Dynamics,158,146,304,0.5197368421052632,2020.0,17.0,2.833,6.0,3.78
10.1002_dvdy.179,Developmental_Dynamics,111,173,284,0.3908450704225352,2020.0,33.0,5.5,6.0,3.78
10.1002_dvdy.180,Developmental_Dynamics,92,66,158,0.5822784810126582,2020.0,5.0,0.833,6.0,3.78
10.1002_dvdy.181,Developmental_Dynamics,118,68,186,0.6344086021505376,2020.0,10.0,1.667,6.0,3.78
10.1002_dvdy.183,Developmental_Dynamics,21,13,34,0.6176470588235294,2020.0,64.0,10.667,6.0,3.78
10.1002_dvdy.195,Developmental_Dynamics,45,38,83,0.5421686746987951,2020.0,4.0,0.667,6.0,3.78
10.1002_dvdy.20225,Developmental_Dynamics,32,25,57,0.5614035087719298,2005.0,15.0,0.714,21.0,3.333
10.1002_dvdy.20227,Developmental_Dynamics,239,119,358,0.6675977653631285,2005.0,51.0,2.429,21.0,3.333
10.1002_dvdy.20254,Developmental_Dynamics,41,34,75,0.5466666666666666,2005.0,55.0,2.619,21.0,3.333
10.1002_dvdy.20288,Developmental_Dynamics,95,131,226,0.42035398230088494,2005.0,76.0,3.619,21.0,3.333
10.1002_dvdy.20290,Developmental_Dynamics,104,98,202,0.5148514851485149,2005.0,54.0,2.571,21.0,3.333
10.1002_dvdy.20291,Developmental_Dynamics,123,43,166,0.7409638554216867,2005.0,64.0,3.048,21.0,3.333
10.1002_dvdy.20307,Developmental_Dynamics,59,18,77,0.7662337662337663,2005.0,19.0,0.905,21.0,3.333
10.1002_dvdy.20313,Developmental_Dynamics,99,101,200,0.495,2005.0,45.0,2.143,21.0,3.333
10.1002_dvdy.20318,Developmental_Dynamics,223,134,357,0.6246498599439776,2005.0,31.0,1.476,21.0,3.333
10.1002_dvdy.20322,Developmental_Dynamics,152,115,267,0.5692883895131086,2005.0,19.0,0.905,21.0,3.333
10.1002_dvdy.20345,Developmental_Dynamics,265,70,335,0.7910447761194029,2005.0,649.0,30.905,21.0,3.333
10.1002_dvdy.20348,Developmental_Dynamics,133,156,289,0.4602076124567474,2005.0,14.0,0.667,21.0,3.333
10.1002_dvdy.20359,Developmental_Dynamics,91,45,136,0.6691176470588235,2005.0,8.0,0.381,21.0,3.333
10.1002_dvdy.20364,Developmental_Dynamics,144,113,257,0.5603112840466926,2005.0,28.0,1.333,21.0,3.333
10.1002_dvdy.20382,Developmental_Dynamics,99,145,244,0.4057377049180328,2005.0,131.0,6.238,21.0,3.333
10.1002_dvdy.20391,Developmental_Dynamics,95,104,199,0.47738693467336685,2005.0,4.0,0.19,21.0,3.333
10.1002_dvdy.20409,Developmental_Dynamics,151,158,309,0.4886731391585761,2005.0,20.0,0.952,21.0,3.333
10.1002_dvdy.20434,Developmental_Dynamics,214,130,344,0.622093023255814,2005.0,20.0,0.952,21.0,3.333
10.1002_dvdy.20435,Developmental_Dynamics,105,65,170,0.6176470588235294,2005.0,11.0,0.524,21.0,3.333
10.1002_dvdy.20436,Developmental_Dynamics,133,120,253,0.525691699604743,2005.0,21.0,1.0,21.0,3.333
10.1002_dvdy.20444,Developmental_Dynamics,90,79,169,0.5325443786982249,2005.0,59.0,2.81,21.0,3.333
10.1002_dvdy.20454,Developmental_Dynamics,91,94,185,0.4918918918918919,2005.0,37.0,1.762,21.0,3.333
10.1002_dvdy.20464,Developmental_Dynamics,108,78,186,0.5806451612903226,2005.0,17.0,0.81,21.0,3.333
10.1002_dvdy.20470,Developmental_Dynamics,53,46,99,0.5353535353535354,2005.0,11.0,0.524,21.0,3.333
10.1002_dvdy.20474,Developmental_Dynamics,85,64,149,0.5704697986577181,2005.0,30.0,1.429,21.0,3.333
10.1002_dvdy.20494,Developmental_Dynamics,149,117,266,0.5601503759398496,2005.0,48.0,2.286,21.0,3.333
10.1002_dvdy.20502,Developmental_Dynamics,115,56,171,0.672514619883041,2005.0,42.0,2.0,21.0,3.333
10.1002_dvdy.20503,Developmental_Dynamics,74,55,129,0.5736434108527132,2005.0,9.0,0.429,21.0,3.333
10.1002_dvdy.20506,Developmental_Dynamics,80,83,163,0.49079754601226994,2005.0,15.0,0.714,21.0,3.333
10.1002_dvdy.20508,Developmental_Dynamics,135,64,199,0.678391959798995,2005.0,19.0,0.905,21.0,3.333
10.1002_dvdy.20554,Developmental_Dynamics,164,104,268,0.6119402985074627,2005.0,79.0,3.762,21.0,3.333
10.1002_dvdy.20560,Developmental_Dynamics,109,24,133,0.8195488721804511,2005.0,0.0,0.0,21.0,3.333
10.1002_dvdy.20563,Developmental_Dynamics,74,72,146,0.5068493150684932,2005.0,4.0,0.19,21.0,3.333
10.1002_dvdy.20581,Developmental_Dynamics,175,153,328,0.5335365853658537,2005.0,64.0,3.048,21.0,3.333
10.1002_dvdy.20625,Developmental_Dynamics,137,81,218,0.6284403669724771,2005.0,20.0,0.952,21.0,3.333
10.1002_dvdy.208,Developmental_Dynamics,138,46,184,0.75,2020.0,4.0,0.667,6.0,3.78
10.1002_dvdy.212,Developmental_Dynamics,144,74,218,0.6605504587155964,2020.0,2.0,0.333,6.0,3.78
10.1002_dvdy.213,Developmental_Dynamics,89,78,167,0.5329341317365269,2020.0,5.0,0.833,6.0,3.78
10.1002_dvdy.215,Developmental_Dynamics,153,80,233,0.6566523605150214,2020.0,32.0,5.333,6.0,3.78
10.1002_dvdy.218,Developmental_Dynamics,102,66,168,0.6071428571428571,2020.0,19.0,3.167,6.0,3.78
10.1002_dvdy.22161,Developmental_Dynamics,129,97,226,0.5707964601769911,2010.0,127.0,7.938,16.0,2.864
10.1002_dvdy.22172,Developmental_Dynamics,124,58,182,0.6813186813186813,2010.0,57.0,3.562,16.0,2.864
10.1002_dvdy.22186,Developmental_Dynamics,193,101,294,0.6564625850340136,2010.0,11.0,0.688,16.0,2.864
10.1002_dvdy.22189,Developmental_Dynamics,91,100,191,0.47643979057591623,2010.0,13.0,0.812,16.0,2.864
10.1002_dvdy.22190,Developmental_Dynamics,184,109,293,0.6279863481228669,2010.0,39.0,2.438,16.0,2.864
10.1002_dvdy.22192,Developmental_Dynamics,174,133,307,0.5667752442996743,2010.0,89.0,5.562,16.0,2.864
10.1002_dvdy.222,Developmental_Dynamics,153,87,240,0.6375,2020.0,2.0,0.333,6.0,3.78
10.1002_dvdy.22206,Developmental_Dynamics,139,135,274,0.5072992700729927,2010.0,30.0,1.875,16.0,2.864
10.1002_dvdy.22213,Developmental_Dynamics,125,117,242,0.5165289256198347,2010.0,36.0,2.25,16.0,2.864
10.1002_dvdy.22214,Developmental_Dynamics,25,9,34,0.7352941176470589,2010.0,0.0,0.0,16.0,2.864
10.1002_dvdy.22220,Developmental_Dynamics,151,96,247,0.611336032388664,2010.0,101.0,6.312,16.0,2.864
10.1002_dvdy.22238,Developmental_Dynamics,140,93,233,0.6008583690987125,2010.0,26.0,1.625,16.0,2.864
10.1002_dvdy.22253,Developmental_Dynamics,93,37,130,0.7153846153846154,2010.0,52.0,3.25,16.0,2.864
10.1002_dvdy.22255,Developmental_Dynamics,178,64,242,0.7355371900826446,2010.0,89.0,5.562,16.0,2.864
10.1002_dvdy.22264,Developmental_Dynamics,116,114,230,0.5043478260869565,2010.0,20.0,1.25,16.0,2.864
10.1002_dvdy.22265,Developmental_Dynamics,197,88,285,0.6912280701754386,2010.0,106.0,6.625,16.0,2.864
10.1002_dvdy.22270,Developmental_Dynamics,104,73,177,0.5875706214689266,2010.0,20.0,1.25,16.0,2.864
10.1002_dvdy.22277,Developmental_Dynamics,141,91,232,0.6077586206896551,2010.0,54.0,3.375,16.0,2.864
10.1002_dvdy.22281,Developmental_Dynamics,148,89,237,0.6244725738396625,2010.0,4.0,0.25,16.0,2.864
10.1002_dvdy.22302,Developmental_Dynamics,149,87,236,0.6313559322033898,2010.0,90.0,5.625,16.0,2.864
10.1002_dvdy.22305,Developmental_Dynamics,123,97,220,0.5590909090909091,2010.0,42.0,2.625,16.0,2.864
10.1002_dvdy.22316,Developmental_Dynamics,162,133,295,0.5491525423728814,2010.0,86.0,5.375,16.0,2.864
10.1002_dvdy.22317,Developmental_Dynamics,105,65,170,0.6176470588235294,2010.0,9.0,0.562,16.0,2.864
10.1002_dvdy.22325,Developmental_Dynamics,124,134,258,0.4806201550387597,2010.0,25.0,1.562,16.0,2.864
10.1002_dvdy.22328,Developmental_Dynamics,116,72,188,0.6170212765957447,2010.0,51.0,3.188,16.0,2.864
10.1002_dvdy.22344,Developmental_Dynamics,97,79,176,0.5511363636363636,2010.0,21.0,1.312,16.0,2.864
10.1002_dvdy.22356,Developmental_Dynamics,82,99,181,0.4530386740331492,2010.0,17.0,1.062,16.0,2.864
10.1002_dvdy.22374,Developmental_Dynamics,107,86,193,0.5544041450777202,2010.0,6.0,0.375,16.0,2.864
10.1002_dvdy.224,Developmental_Dynamics,36,44,80,0.45,2020.0,0.0,0.0,6.0,3.78
10.1002_dvdy.22428,Developmental_Dynamics,164,100,264,0.6212121212121212,2010.0,110.0,6.875,16.0,2.864
10.1002_dvdy.22433,Developmental_Dynamics,92,117,209,0.44019138755980863,2010.0,17.0,1.062,16.0,2.864
10.1002_dvdy.22434,Developmental_Dynamics,179,80,259,0.6911196911196911,2010.0,4.0,0.25,16.0,2.864
10.1002_dvdy.22442,Developmental_Dynamics,138,80,218,0.6330275229357798,2010.0,26.0,1.625,16.0,2.864
10.1002_dvdy.22468,Developmental_Dynamics,119,143,262,0.4541984732824427,2010.0,57.0,3.562,16.0,2.864
10.1002_dvdy.22484,Developmental_Dynamics,149,181,330,0.45151515151515154,2010.0,36.0,2.25,16.0,2.864
10.1002_dvdy.234,Developmental_Dynamics,133,49,182,0.7307692307692307,2020.0,14.0,2.333,6.0,3.78
10.1002_dvdy.24192,Developmental_Dynamics,139,87,226,0.6150442477876106,2015.0,24.0,2.182,11.0,2.233
10.1002_dvdy.242,Developmental_Dynamics,118,97,215,0.5488372093023256,2020.0,39.0,6.5,6.0,3.78
10.1002_dvdy.24232,Developmental_Dynamics,54,33,87,0.6206896551724138,2015.0,45.0,4.091,11.0,2.233
10.1002_dvdy.24243,Developmental_Dynamics,179,155,334,0.5359281437125748,2015.0,53.0,4.818,11.0,2.233
10.1002_dvdy.24248,Developmental_Dynamics,104,87,191,0.5445026178010471,2015.0,78.0,7.091,11.0,2.233
10.1002_dvdy.24252,Developmental_Dynamics,261,162,423,0.6170212765957447,2015.0,173.0,15.727,11.0,2.233
10.1002_dvdy.24255,Developmental_Dynamics,278,151,429,0.6480186480186481,2015.0,49.0,4.455,11.0,2.233
10.1002_dvdy.24256,Developmental_Dynamics,236,120,356,0.6629213483146067,2015.0,58.0,5.273,11.0,2.233
10.1002_dvdy.24265,Developmental_Dynamics,141,75,216,0.6527777777777778,2015.0,18.0,1.636,11.0,2.233
10.1002_dvdy.24274,Developmental_Dynamics,189,83,272,0.6948529411764706,2015.0,17.0,1.545,11.0,2.233
10.1002_dvdy.24277,Developmental_Dynamics,176,144,320,0.55,2015.0,37.0,3.364,11.0,2.233
10.1002_dvdy.24281,Developmental_Dynamics,265,147,412,0.6432038834951457,2015.0,23.0,2.091,11.0,2.233
10.1002_dvdy.24282,Developmental_Dynamics,88,67,155,0.567741935483871,2015.0,24.0,2.182,11.0,2.233
10.1002_dvdy.24284,Developmental_Dynamics,184,106,290,0.6344827586206897,2015.0,68.0,6.182,11.0,2.233
10.1002_dvdy.24286,Developmental_Dynamics,125,111,236,0.5296610169491526,2015.0,11.0,1.0,11.0,2.233
10.1002_dvdy.24288,Developmental_Dynamics,64,82,146,0.4383561643835616,2015.0,15.0,1.364,11.0,2.233
10.1002_dvdy.24303,Developmental_Dynamics,164,140,304,0.5394736842105263,2015.0,55.0,5.0,11.0,2.233
10.1002_dvdy.24305,Developmental_Dynamics,107,63,170,0.6294117647058823,2015.0,5.0,0.455,11.0,2.233
10.1002_dvdy.24306,Developmental_Dynamics,86,98,184,0.4673913043478261,2015.0,10.0,0.909,11.0,2.233
10.1002_dvdy.24312,Developmental_Dynamics,184,75,259,0.7104247104247104,2015.0,16.0,1.455,11.0,2.233
10.1002_dvdy.24315,Developmental_Dynamics,205,83,288,0.7118055555555556,2015.0,21.0,1.909,11.0,2.233
10.1002_dvdy.24316,Developmental_Dynamics,86,61,147,0.5850340136054422,2015.0,29.0,2.636,11.0,2.233
10.1002_dvdy.24317,Developmental_Dynamics,321,145,466,0.6888412017167382,2015.0,27.0,2.455,11.0,2.233
10.1002_dvdy.24321,Developmental_Dynamics,120,108,228,0.5263157894736842,2015.0,11.0,1.0,11.0,2.233
10.1002_dvdy.24322,Developmental_Dynamics,221,134,355,0.6225352112676056,2015.0,23.0,2.091,11.0,2.233
10.1002_dvdy.24336,Developmental_Dynamics,229,120,349,0.6561604584527221,2015.0,55.0,5.0,11.0,2.233
10.1002_dvdy.24337,Developmental_Dynamics,166,183,349,0.47564469914040114,2015.0,29.0,2.636,11.0,2.233
10.1002_dvdy.24338,Developmental_Dynamics,207,81,288,0.71875,2015.0,56.0,5.091,11.0,2.233
10.1002_dvdy.70000,Developmental_Dynamics,89,47,136,0.6544117647058824,2025.0,2.0,2.0,1.0,1.5
10.1002_dvdy.70001,Developmental_Dynamics,202,89,291,0.6941580756013745,2025.0,1.0,1.0,1.0,1.5
10.1002_dvdy.70008,Developmental_Dynamics,181,104,285,0.6350877192982456,2025.0,5.0,5.0,1.0,1.5
10.1002_dvdy.70015,Developmental_Dynamics,113,111,224,0.5044642857142857,2025.0,3.0,3.0,1.0,1.5
10.1002_dvdy.70028,Developmental_Dynamics,80,72,152,0.5263157894736842,2025.0,5.0,5.0,1.0,1.5
10.1002_dvdy.70041,Developmental_Dynamics,157,131,288,0.5451388888888888,2025.0,2.0,2.0,1.0,1.5
10.1002_dvdy.70051,Developmental_Dynamics,120,74,194,0.6185567010309279,2025.0,1.0,1.0,1.0,1.5
10.1002_dvdy.70090,Developmental_Dynamics,140,80,220,0.6363636363636364,2025.0,0.0,0.0,1.0,1.5
10.1002_dvdy.70108,Developmental_Dynamics,125,101,226,0.5530973451327433,2025.0,2.0,2.0,1.0,1.5
10.1002_dvdy.763,Developmental_Dynamics,157,115,272,0.5772058823529411,2025.0,1.0,1.0,1.0,1.5
10.1002_dvdy.765,Developmental_Dynamics,91,95,186,0.489247311827957,2025.0,2.0,2.0,1.0,1.5
10.1002_dvdy.766,Developmental_Dynamics,120,179,299,0.4013377926421405,2025.0,4.0,4.0,1.0,1.5
10.1002_dvdy.771,Developmental_Dynamics,76,151,227,0.33480176211453744,2025.0,1.0,1.0,1.0,1.5
001-10.1890_05-0195,Ecology,165,69,234,0.7051282051282052,2005.0,133.0,6.333,21.0,4.506
003-10.1890_04-1400,Ecology,117,60,177,0.6610169491525424,2005.0,54.0,2.571,21.0,4.506
007-10.1890_04-1920,Ecology,134,38,172,0.7790697674418605,2005.0,134.0,6.381,21.0,4.506
009-10.1890_03-0290,Ecology,172,59,231,0.7445887445887446,2005.0,51.0,2.429,21.0,4.506
010-10.1890_03-3187,Ecology,79,30,109,0.7247706422018348,2005.0,111.0,5.286,21.0,4.506
011-10.1890_09-1849,Ecology,150,78,228,0.6578947368421053,2010.0,12.0,0.75,16.0,5.073
012-10.1890_04-1237,Ecology,182,98,280,0.65,2005.0,315.0,15.0,21.0,4.506
012-10.1890_09-0339,Ecology,69,25,94,0.7340425531914894,2010.0,0.0,0.0,16.0,5.073
013-10.1890_08-1868.1,Ecology,83,39,122,0.680327868852459,2010.0,23.0,1.438,16.0,5.073
014-10.1890_05-0479,Ecology,257,79,336,0.7648809523809523,2005.0,345.0,16.429,21.0,4.506
014-10.1890_08-1375.1,Ecology,239,70,309,0.7734627831715211,2010.0,78.0,4.875,16.0,5.073
015-10.1890_0012-9658-91.6.1869,Ecology,41,22,63,0.6507936507936508,2010.0,18.0,1.125,16.0,5.073
015-10.1890_04-1122,Ecology,161,68,229,0.7030567685589519,2005.0,26.0,1.238,21.0,4.506
016-10.1890_04-1078,Ecology,104,57,161,0.6459627329192547,2005.0,142.0,6.762,21.0,4.506
016-10.1890_09-0332.1,Ecology,124,42,166,0.7469879518072289,2010.0,85.0,5.312,16.0,5.073
017-10.1890_04-1710,Ecology,97,75,172,0.563953488372093,2005.0,166.0,7.905,21.0,4.506
018-10.1890_04-0410,Ecology,196,76,272,0.7205882352941176,2005.0,66.0,3.143,21.0,4.506
018-10.1890_09-0543.1,Ecology,155,119,274,0.5656934306569343,2010.0,36.0,2.25,16.0,5.073
019-10.1890_10-0807.1,Ecology,98,49,147,0.6666666666666666,2010.0,44.0,2.75,16.0,5.073
020-10.1890_04-1700,Ecology,152,95,247,0.6153846153846154,2005.0,275.0,13.095,21.0,4.506
021-10.1890_09-1849,Ecology,150,78,228,0.6578947368421053,2010.0,12.0,0.75,16.0,5.073
022-10.1890_09-0339,Ecology,69,25,94,0.7340425531914894,2010.0,0.0,0.0,16.0,5.073
023-10.1890_08-1868.1,Ecology,83,39,122,0.680327868852459,2010.0,23.0,1.438,16.0,5.073
024-10.1890_08-1375.1,Ecology,239,70,309,0.7734627831715211,2010.0,78.0,4.875,16.0,5.073
025-10.1890_0012-9658-91.6.1869,Ecology,41,22,63,0.6507936507936508,2010.0,18.0,1.125,16.0,5.073
026-10.1890_09-0332.1,Ecology,124,42,166,0.7469879518072289,2010.0,85.0,5.312,16.0,5.073
028-10.1890_09-0543.1,Ecology,155,119,274,0.5656934306569343,2010.0,36.0,2.25,16.0,5.073
029-10.1890_10-0807.1,Ecology,98,49,147,0.6666666666666666,2010.0,44.0,2.75,16.0,5.073
032-10.1890_09-0017.1,Ecology,204,62,266,0.7669172932330827,2010.0,53.0,3.312,16.0,5.073
033-10.1890_09-0330.1,Ecology,120,73,193,0.6217616580310881,2010.0,124.0,7.75,16.0,5.073
034-10.1890_08-1634.1,Ecology,146,78,224,0.6517857142857143,2010.0,59.0,3.688,16.0,5.073
035-10.1890_09-1236.1,Ecology,129,66,195,0.6615384615384615,2010.0,96.0,6.0,16.0,5.073
036-10.1890_09-1968.1,Ecology,214,76,290,0.7379310344827587,2010.0,542.0,33.875,16.0,5.073
038-10.1890_08-2317.1,Ecology,225,121,346,0.6502890173410405,2010.0,33.0,2.062,16.0,5.073
039-10.1890_08-2323,Ecology,240,62,302,0.7947019867549668,2010.0,131.0,8.188,16.0,5.073
040-10.1890_09-0554.1,Ecology,169,77,246,0.6869918699186992,2010.0,32.0,2.0,16.0,5.073
042-10.1890_14-1526.1,Ecology,65,56,121,0.5371900826446281,2015.0,22.0,2.0,11.0,4.733
043-10.1890_15-0300.1,Ecology,152,76,228,0.6666666666666666,2015.0,59.0,5.364,11.0,4.733
044-10.1890_14-1531.1,Ecology,121,20,141,0.8581560283687943,2015.0,19.0,1.727,11.0,4.733
045-10.1890_14-1311.1,Ecology,127,60,187,0.679144385026738,2015.0,76.0,6.909,11.0,4.733
047-10.1890_14-0487.1,Ecology,213,47,260,0.8192307692307692,2015.0,181.0,16.455,11.0,4.733
048-10.1890_14-0774.1,Ecology,170,37,207,0.821256038647343,2015.0,31.0,2.818,11.0,4.733
049-10.1890_14-0595.1,Ecology,163,65,228,0.7149122807017544,2015.0,131.0,11.909,11.0,4.733
050-10.1890_14-1124.1,Ecology,156,57,213,0.7323943661971831,2015.0,99.0,9.0,11.0,4.733
051-10.1890_14-0391.1,Ecology,96,38,134,0.7164179104477612,2015.0,74.0,6.727,11.0,4.733
053-10.1890_14-1687.1,Ecology,191,60,251,0.7609561752988048,2015.0,14.0,1.273,11.0,4.733
054-10.1890_14-0550.1,Ecology,232,134,366,0.6338797814207651,2015.0,98.0,8.909,11.0,4.733
055-10.1890_14-2205.1,Ecology,144,77,221,0.6515837104072398,2015.0,56.0,5.091,11.0,4.733
056-10.1890_15-0188.1,Ecology,186,87,273,0.6813186813186813,2015.0,130.0,11.818,11.0,4.733
057-10.1890_14-0014.1,Ecology,135,53,188,0.7180851063829787,2015.0,69.0,6.273,11.0,4.733
058-10.1890_14-2228.1,Ecology,109,71,180,0.6055555555555555,2015.0,65.0,5.909,11.0,4.733
059-10.1890_14-1538.1,Ecology,243,51,294,0.826530612244898,2015.0,33.0,3.0,11.0,4.733
060-10.1890_14-1992.1,Ecology,134,76,210,0.638095238095238,2015.0,64.0,5.818,11.0,4.733
062-10.1890_15-0191.1,Ecology,146,77,223,0.6547085201793722,2015.0,38.0,3.455,11.0,4.733
081-10.1002_ecy.70070,Ecology,37,30,67,0.5522388059701493,2025.0,4.0,4.0,1.0,4.1
10.1002_ecy.2015.96.10.i,Ecology,57,12,69,0.8260869565217391,2015.0,0.0,0.0,11.0,4.733
10.1002_ecy.2015.96.11.i,Ecology,55,11,66,0.8333333333333334,2015.0,0.0,0.0,11.0,4.733
10.1002_ecy.2015.96.2.i,Ecology,74,12,86,0.8604651162790697,2015.0,0.0,0.0,11.0,4.733
10.1002_ecy.2015.96.4.i,Ecology,61,12,73,0.8356164383561644,2015.0,0.0,0.0,11.0,4.733
10.1002_ecy.2015.96.5.i,Ecology,79,12,91,0.8681318681318682,2015.0,0.0,0.0,11.0,4.733
10.1002_ecy.2015.96.9.i,Ecology,56,11,67,0.835820895522388,2015.0,0.0,0.0,11.0,4.733
10.1002_ecy.2969,Ecology,201,98,299,0.6722408026755853,2020.0,29.0,4.833,6.0,5.499
10.1002_ecy.2986,Ecology,214,54,268,0.7985074626865671,2020.0,33.0,5.5,6.0,5.499
10.1002_ecy.2995,Ecology,153,62,215,0.7116279069767442,2020.0,34.0,5.667,6.0,5.499
10.1002_ecy.3004,Ecology,140,46,186,0.7526881720430108,2020.0,33.0,5.5,6.0,5.499
10.1002_ecy.3008,Ecology,112,58,170,0.6588235294117647,2020.0,63.0,10.5,6.0,5.499
10.1002_ecy.3032,Ecology,67,13,80,0.8375,2020.0,2.0,0.333,6.0,5.499
10.1002_ecy.3045,Ecology,50,8,58,0.8620689655172413,2020.0,8.0,1.333,6.0,5.499
10.1002_ecy.3047,Ecology,216,73,289,0.7474048442906575,2020.0,36.0,6.0,6.0,5.499
10.1002_ecy.3051,Ecology,141,16,157,0.8980891719745223,2020.0,91.0,15.167,6.0,5.499
10.1002_ecy.3062,Ecology,132,53,185,0.7135135135135136,2020.0,28.0,4.667,6.0,5.499
10.1002_ecy.3066,Ecology,55,14,69,0.7971014492753623,2020.0,30.0,5.0,6.0,5.499
10.1002_ecy.3075,Ecology,37,18,55,0.6727272727272727,2020.0,11.0,1.833,6.0,5.499
10.1002_ecy.3084,Ecology,151,67,218,0.6926605504587156,2020.0,14.0,2.333,6.0,5.499
10.1002_ecy.3085,Ecology,82,8,90,0.9111111111111111,2020.0,9.0,1.5,6.0,5.499
10.1002_ecy.3094,Ecology,153,133,286,0.534965034965035,2020.0,46.0,7.667,6.0,5.499
10.1002_ecy.3106,Ecology,217,83,300,0.7233333333333334,2020.0,12.0,2.0,6.0,5.499
10.1002_ecy.3117,Ecology,36,13,49,0.7346938775510204,2020.0,18.0,3.0,6.0,5.499
10.1002_ecy.3125,Ecology,42,27,69,0.6086956521739131,2020.0,3.0,0.5,6.0,5.499
10.1002_ecy.3129,Ecology,63,25,88,0.7159090909090909,2020.0,6.0,1.0,6.0,5.499
10.1002_ecy.3136,Ecology,150,54,204,0.7352941176470589,2020.0,23.0,3.833,6.0,5.499
10.1002_ecy.3139,Ecology,261,70,331,0.7885196374622356,2020.0,144.0,24.0,6.0,5.499
10.1002_ecy.3145,Ecology,181,90,271,0.6678966789667896,2020.0,16.0,2.667,6.0,5.499
10.1002_ecy.3151,Ecology,169,59,228,0.7412280701754386,2020.0,19.0,3.167,6.0,5.499
10.1002_ecy.3153,Ecology,147,44,191,0.7696335078534031,2020.0,195.0,32.5,6.0,5.499
10.1002_ecy.3157,Ecology,169,57,226,0.7477876106194691,2020.0,17.0,2.833,6.0,5.499
10.1002_ecy.3158,Ecology,231,42,273,0.8461538461538461,2020.0,34.0,5.667,6.0,5.499
10.1002_ecy.3159,Ecology,124,64,188,0.6595744680851063,2020.0,22.0,3.667,6.0,5.499
10.1002_ecy.3161,Ecology,85,18,103,0.8252427184466019,2020.0,18.0,3.0,6.0,5.499
10.1002_ecy.3167,Ecology,159,103,262,0.6068702290076335,2020.0,14.0,2.333,6.0,5.499
10.1002_ecy.3175,Ecology,175,68,243,0.720164609053498,2020.0,19.0,3.167,6.0,5.499
10.1002_ecy.3177,Ecology,69,24,93,0.7419354838709677,2020.0,16.0,2.667,6.0,5.499
10.1002_ecy.3185,Ecology,163,63,226,0.7212389380530974,2020.0,33.0,5.5,6.0,5.499
10.1002_ecy.3186,Ecology,228,61,289,0.7889273356401384,2020.0,35.0,5.833,6.0,5.499
10.1002_ecy.3188,Ecology,148,63,211,0.7014218009478673,2020.0,26.0,4.333,6.0,5.499
10.1002_ecy.4519,Ecology,24,5,29,0.8275862068965517,2025.0,7.0,7.0,1.0,4.1
10.1002_ecy.4521,Ecology,188,59,247,0.7611336032388664,2025.0,3.0,3.0,1.0,4.1
10.1002_ecy.70013,Ecology,157,70,227,0.6916299559471366,2025.0,8.0,8.0,1.0,4.1
10.1002_ecy.70028,Ecology,40,25,65,0.6153846153846154,2025.0,3.0,3.0,1.0,4.1
10.1002_ecy.70051,Ecology,23,6,29,0.7931034482758621,2025.0,1.0,1.0,1.0,4.1
10.1002_ecy.70058,Ecology,94,31,125,0.752,2025.0,7.0,7.0,1.0,4.1
10.1002_ecy.70068,Ecology,206,28,234,0.8803418803418803,2025.0,3.0,3.0,1.0,4.1
10.1002_ecy.70107,Ecology,69,32,101,0.6831683168316832,2025.0,1.0,1.0,1.0,4.1
10.1002_ecy.70109,Ecology,14,7,21,0.6666666666666666,2025.0,6.0,6.0,1.0,4.1
10.1002_ecy.70110,Ecology,202,44,246,0.8211382113821138,2025.0,5.0,5.0,1.0,4.1
10.1002_ecy.70111,Ecology,75,19,94,0.7978723404255319,2025.0,0.0,0.0,1.0,4.1
10.1002_ecy.70129,Ecology,225,82,307,0.7328990228013029,2025.0,4.0,4.0,1.0,4.1
10.1002_ecy.70133,Ecology,236,61,297,0.7946127946127947,2025.0,4.0,4.0,1.0,4.1
10.1002_ecy.70138,Ecology,229,35,264,0.8674242424242424,2025.0,8.0,8.0,1.0,4.1
10.1002_ecy.70143,Ecology,105,45,150,0.7,2025.0,3.0,3.0,1.0,4.1
10.1002_ecy.70161,Ecology,104,24,128,0.8125,2025.0,1.0,1.0,1.0,4.1
10.1002_ecy.70164,Ecology,142,49,191,0.743455497382199,2025.0,9.0,9.0,1.0,4.1
10.1002_ecy.70172,Ecology,182,65,247,0.7368421052631579,2025.0,3.0,3.0,1.0,4.1
10.1002_ecy.70181,Ecology,104,31,135,0.7703703703703704,2025.0,2.0,2.0,1.0,4.1
10.1002_ecy.70182,Ecology,56,6,62,0.9032258064516129,2025.0,1.0,1.0,1.0,4.1
10.1002_ecy.70183,Ecology,177,67,244,0.7254098360655737,2025.0,5.0,5.0,1.0,4.1
10.1002_ecy.70185,Ecology,132,72,204,0.6470588235294118,2025.0,2.0,2.0,1.0,4.1
10.1002_ecy.70203,Ecology,208,56,264,0.7878787878787878,2025.0,0.0,0.0,1.0,4.1
10.1002_ecy.70213,Ecology,64,27,91,0.7032967032967034,2025.0,4.0,4.0,1.0,4.1
10.1002_ecy.70216,Ecology,199,63,262,0.7595419847328244,2025.0,2.0,2.0,1.0,4.1
10.1002_ecy.70219,Ecology,19,12,31,0.6129032258064516,2025.0,1.0,1.0,1.0,4.1
10.1002_ecy.70224,Ecology,126,34,160,0.7875,2025.0,2.0,2.0,1.0,4.1
10.1002_ecy.70232,Ecology,69,14,83,0.8313253012048193,2025.0,0.0,0.0,1.0,4.1
10.1002_ecy.70238,Ecology,155,66,221,0.7013574660633484,2025.0,0.0,0.0,1.0,4.1
10.1002_ecy.70240,Ecology,154,74,228,0.6754385964912281,2025.0,2.0,2.0,1.0,4.1
10.1002_ecy.70256,Ecology,167,68,235,0.7106382978723405,2025.0,2.0,2.0,1.0,4.1
10.1002_ecy.70258,Ecology,127,61,188,0.675531914893617,2025.0,0.0,0.0,1.0,4.1
10.1111_j.1365-294x.2005.02441.x,Molecular_Ecology,148,80,228,0.6491228070175439,2005.0,65.0,3.095,21.0,4.301
10.1111_j.1365-294x.2005.02445.x,Molecular_Ecology,83,59,142,0.5845070422535211,2005.0,127.0,6.048,21.0,4.301
10.1111_j.1365-294x.2005.02448.x,Molecular_Ecology,116,82,198,0.5858585858585859,2005.0,174.0,8.286,21.0,4.301
10.1111_j.1365-294x.2005.02453.x,Molecular_Ecology,81,105,186,0.43548387096774194,2005.0,67.0,3.19,21.0,4.301
10.1111_j.1365-294x.2005.02458.x,Molecular_Ecology,13,16,29,0.4482758620689655,2005.0,10.0,0.476,21.0,4.301
10.1111_j.1365-294x.2005.02459.x,Molecular_Ecology,14,10,24,0.5833333333333334,2005.0,19.0,0.905,21.0,4.301
10.1111_j.1365-294x.2005.02477.x,Molecular_Ecology,110,121,231,0.47619047619047616,2005.0,60.0,2.857,21.0,4.301
10.1111_j.1365-294x.2005.02484.x,Molecular_Ecology,228,92,320,0.7125,2005.0,98.0,4.667,21.0,4.301
10.1111_j.1365-294x.2005.02498.x,Molecular_Ecology,90,80,170,0.5294117647058824,2005.0,98.0,4.667,21.0,4.301
10.1111_j.1365-294x.2005.02528.x,Molecular_Ecology,91,61,152,0.5986842105263158,2005.0,73.0,3.476,21.0,4.301
10.1111_j.1365-294x.2005.02559.x,Molecular_Ecology,44,47,91,0.4835164835164835,2005.0,40.0,1.905,21.0,4.301
10.1111_j.1365-294x.2005.02566.x,Molecular_Ecology,90,77,167,0.5389221556886228,2005.0,132.0,6.286,21.0,4.301
10.1111_j.1365-294x.2005.02589.x,Molecular_Ecology,111,79,190,0.5842105263157895,2005.0,73.0,3.476,21.0,4.301
10.1111_j.1365-294x.2005.02632.x,Molecular_Ecology,218,96,314,0.6942675159235668,2005.0,197.0,9.381,21.0,4.301
10.1111_j.1365-294x.2005.02633.x,Molecular_Ecology,104,52,156,0.6666666666666666,2005.0,91.0,4.333,21.0,4.301
10.1111_j.1365-294x.2005.02634.x,Molecular_Ecology,163,107,270,0.6037037037037037,2005.0,90.0,4.286,21.0,4.301
10.1111_j.1365-294x.2005.02642.x,Molecular_Ecology,25,12,37,0.6756756756756757,2005.0,11.0,0.524,21.0,4.301
10.1111_j.1365-294x.2005.02667.x,Molecular_Ecology,107,85,192,0.5572916666666666,2005.0,38.0,1.81,21.0,4.301
10.1111_j.1365-294x.2005.02719.x,Molecular_Ecology,131,62,193,0.6787564766839378,2005.0,72.0,3.429,21.0,4.301
10.1111_j.1365-294x.2005.02726.x,Molecular_Ecology,134,96,230,0.5826086956521739,2005.0,57.0,2.714,21.0,4.301
10.1111_j.1365-294x.2005.02730.x,Molecular_Ecology,21,47,68,0.3088235294117647,2005.0,127.0,6.048,21.0,4.301
10.1111_j.1365-294x.2005.02733.x,Molecular_Ecology,96,70,166,0.5783132530120482,2005.0,33.0,1.571,21.0,4.301
10.1111_j.1365-294x.2005.02741.x,Molecular_Ecology,106,80,186,0.5698924731182796,2005.0,66.0,3.143,21.0,4.301
10.1111_j.1365-294x.2009.04444.x,Molecular_Ecology,90,59,149,0.6040268456375839,2010.0,81.0,5.062,16.0,6.457
10.1111_j.1365-294x.2009.04520.x,Molecular_Ecology,195,100,295,0.6610169491525424,2010.0,74.0,4.625,16.0,6.457
10.1111_j.1365-294x.2010.04534.x,Molecular_Ecology,132,102,234,0.5641025641025641,2010.0,147.0,9.188,16.0,6.457
10.1111_j.1365-294x.2010.04536.x,Molecular_Ecology,37,15,52,0.7115384615384616,2010.0,2.0,0.125,16.0,6.457
10.1111_j.1365-294x.2010.04583.x,Molecular_Ecology,143,92,235,0.6085106382978723,2010.0,20.0,1.25,16.0,6.457
10.1111_j.1365-294x.2010.04584.x,Molecular_Ecology,109,141,250,0.436,2010.0,47.0,2.938,16.0,6.457
10.1111_j.1365-294x.2010.04591.x,Molecular_Ecology,163,72,235,0.6936170212765957,2010.0,18.0,1.125,16.0,6.457
10.1111_j.1365-294x.2010.04611.x,Molecular_Ecology,222,102,324,0.6851851851851852,2010.0,84.0,5.25,16.0,6.457
10.1111_j.1365-294x.2010.04630.x,Molecular_Ecology,141,161,302,0.46688741721854304,2010.0,41.0,2.562,16.0,6.457
10.1111_j.1365-294x.2010.04667.x,Molecular_Ecology,37,16,53,0.6981132075471698,2010.0,17.0,1.062,16.0,6.457
10.1111_j.1365-294x.2010.04688.x,Molecular_Ecology,207,67,274,0.7554744525547445,2010.0,1051.0,65.688,16.0,6.457
10.1111_j.1365-294x.2010.04694.x,Molecular_Ecology,246,110,356,0.6910112359550562,2010.0,125.0,7.812,16.0,6.457
10.1111_j.1365-294x.2010.04700.x,Molecular_Ecology,129,118,247,0.5222672064777328,2010.0,27.0,1.688,16.0,6.457
10.1111_j.1365-294x.2010.04752.x,Molecular_Ecology,108,46,154,0.7012987012987013,2010.0,25.0,1.562,16.0,6.457
10.1111_j.1365-294x.2010.04788.x,Molecular_Ecology,166,89,255,0.6509803921568628,2010.0,69.0,4.312,16.0,6.457
10.1111_j.1365-294x.2010.04791.x,Molecular_Ecology,132,106,238,0.5546218487394958,2010.0,181.0,11.312,16.0,6.457
10.1111_j.1365-294x.2010.04795.x,Molecular_Ecology,104,84,188,0.5531914893617021,2010.0,40.0,2.5,16.0,6.457
10.1111_j.1365-294x.2010.04812.x,Molecular_Ecology,36,12,48,0.75,2010.0,6.0,0.375,16.0,6.457
10.1111_j.1365-294x.2010.04817.x,Molecular_Ecology,113,80,193,0.5854922279792746,2010.0,43.0,2.688,16.0,6.457
10.1111_j.1365-294x.2010.04822.x,Molecular_Ecology,124,104,228,0.543859649122807,2010.0,125.0,7.812,16.0,6.457
10.1111_j.1365-294x.2010.04824.x,Molecular_Ecology,80,49,129,0.6201550387596899,2010.0,50.0,3.125,16.0,6.457
10.1111_j.1365-294x.2010.04896.x,Molecular_Ecology,41,18,59,0.6949152542372882,2010.0,27.0,1.688,16.0,6.457
10.1111_mec.13030,Molecular_Ecology,187,90,277,0.6750902527075813,2015.0,18.0,1.636,11.0,5.947
10.1111_mec.13042,Molecular_Ecology,138,48,186,0.7419354838709677,2015.0,35.0,3.182,11.0,5.947
10.1111_mec.13051,Molecular_Ecology,228,126,354,0.6440677966101694,2015.0,192.0,17.455,11.0,5.947
10.1111_mec.13061,Molecular_Ecology,152,96,248,0.6129032258064516,2015.0,73.0,6.636,11.0,5.947
10.1111_mec.13065,Molecular_Ecology,120,140,260,0.46153846153846156,2015.0,42.0,3.818,11.0,5.947
10.1111_mec.13072,Molecular_Ecology,151,153,304,0.4967105263157895,2015.0,44.0,4.0,11.0,5.947
10.1111_mec.13087,Molecular_Ecology,253,113,366,0.6912568306010929,2015.0,196.0,17.818,11.0,5.947
10.1111_mec.13099,Molecular_Ecology,136,46,182,0.7472527472527473,2015.0,45.0,4.091,11.0,5.947
10.1111_mec.13150,Molecular_Ecology,227,97,324,0.7006172839506173,2015.0,124.0,11.273,11.0,5.947
10.1111_mec.13154,Molecular_Ecology,150,64,214,0.7009345794392523,2015.0,195.0,17.727,11.0,5.947
10.1111_mec.13168,Molecular_Ecology,129,84,213,0.6056338028169014,2015.0,87.0,7.909,11.0,5.947
10.1111_mec.13229,Molecular_Ecology,114,63,177,0.6440677966101694,2015.0,22.0,2.0,11.0,5.947
10.1111_mec.13310,Molecular_Ecology,135,75,210,0.6428571428571429,2015.0,33.0,3.0,11.0,5.947
10.1111_mec.13314,Molecular_Ecology,213,95,308,0.6915584415584416,2015.0,86.0,7.818,11.0,5.947
10.1111_mec.13319,Molecular_Ecology,111,76,187,0.5935828877005348,2015.0,119.0,10.818,11.0,5.947
10.1111_mec.13400,Molecular_Ecology,54,20,74,0.7297297297297297,2015.0,289.0,26.273,11.0,5.947
10.1111_mec.13409,Molecular_Ecology,162,140,302,0.5364238410596026,2015.0,111.0,10.091,11.0,5.947
10.1111_mec.13435,Molecular_Ecology,136,93,229,0.5938864628820961,2015.0,52.0,4.727,11.0,5.947
10.1111_mec.13444,Molecular_Ecology,128,47,175,0.7314285714285714,2015.0,75.0,6.818,11.0,5.947
10.1111_mec.13479,Molecular_Ecology,161,81,242,0.6652892561983471,2015.0,58.0,5.273,11.0,5.947
10.1111_mec.15326,Molecular_Ecology,197,76,273,0.7216117216117216,2020.0,31.0,5.167,6.0,6.185
10.1111_mec.15337,Molecular_Ecology,195,91,286,0.6818181818181818,2020.0,111.0,18.5,6.0,6.185
10.1111_mec.15350,Molecular_Ecology,148,76,224,0.6607142857142857,2020.0,48.0,8.0,6.0,6.185
10.1111_mec.15383,Molecular_Ecology,165,168,333,0.4954954954954955,2020.0,18.0,3.0,6.0,6.185
10.1111_mec.15396,Molecular_Ecology,196,122,318,0.6163522012578616,2020.0,25.0,4.167,6.0,6.185
10.1111_mec.15424,Molecular_Ecology,149,103,252,0.5912698412698413,2020.0,40.0,6.667,6.0,6.185
10.1111_mec.15428,Molecular_Ecology,151,146,297,0.5084175084175084,2020.0,197.0,32.833,6.0,6.185
10.1111_mec.15436,Molecular_Ecology,45,6,51,0.8823529411764706,2020.0,2.0,0.333,6.0,6.185
10.1111_mec.15454,Molecular_Ecology,123,130,253,0.48616600790513836,2020.0,65.0,10.833,6.0,6.185
10.1111_mec.15462,Molecular_Ecology,165,156,321,0.514018691588785,2020.0,50.0,8.333,6.0,6.185
10.1111_mec.15475,Molecular_Ecology,152,47,199,0.7638190954773869,2020.0,26.0,4.333,6.0,6.185
10.1111_mec.15493,Molecular_Ecology,110,112,222,0.4954954954954955,2020.0,36.0,6.0,6.0,6.185
10.1111_mec.15526,Molecular_Ecology,97,72,169,0.5739644970414202,2020.0,79.0,13.167,6.0,6.185
10.1111_mec.15559,Molecular_Ecology,325,99,424,0.7665094339622641,2020.0,33.0,5.5,6.0,6.185
10.1111_mec.15562,Molecular_Ecology,164,136,300,0.5466666666666666,2020.0,27.0,4.5,6.0,6.185
10.1111_mec.15568,Molecular_Ecology,37,8,45,0.8222222222222222,2020.0,12.0,2.0,6.0,6.185
10.1111_mec.15577,Molecular_Ecology,56,3,59,0.9491525423728814,2020.0,3.0,0.5,6.0,6.185
10.1111_mec.15578,Molecular_Ecology,43,13,56,0.7678571428571429,2020.0,3.0,0.5,6.0,6.185
10.1111_mec.15596,Molecular_Ecology,146,102,248,0.5887096774193549,2020.0,50.0,8.333,6.0,6.185
10.1111_mec.15617,Molecular_Ecology,100,85,185,0.5405405405405406,2020.0,33.0,5.5,6.0,6.185
10.1111_mec.15668,Molecular_Ecology,134,99,233,0.575107296137339,2020.0,34.0,5.667,6.0,6.185
10.1111_mec.15697,Molecular_Ecology,20,9,29,0.6896551724137931,2020.0,4.0,0.667,6.0,6.185
10.1111_mec.17640,Molecular_Ecology,177,123,300,0.59,2025.0,5.0,5.0,1.0,3.7
10.1111_mec.17659,Molecular_Ecology,212,114,326,0.6503067484662577,2025.0,2.0,2.0,1.0,3.7
10.1111_mec.17661,Molecular_Ecology,125,113,238,0.5252100840336135,2025.0,3.0,3.0,1.0,3.7
10.1111_mec.17662,Molecular_Ecology,120,87,207,0.5797101449275363,2025.0,8.0,8.0,1.0,3.7
10.1111_mec.17679,Molecular_Ecology,212,128,340,0.6235294117647059,2025.0,0.0,0.0,1.0,3.7
10.1111_mec.17718,Molecular_Ecology,32,33,65,0.49230769230769234,2025.0,5.0,5.0,1.0,3.7
10.1111_mec.17730,Molecular_Ecology,162,148,310,0.5225806451612903,2025.0,10.0,10.0,1.0,3.7
10.1111_mec.17735,Molecular_Ecology,158,138,296,0.5337837837837838,2025.0,4.0,4.0,1.0,3.7
10.1111_mec.17752,Molecular_Ecology,129,53,182,0.7087912087912088,2025.0,1.0,1.0,1.0,3.7
10.1111_mec.17756,Molecular_Ecology,131,86,217,0.6036866359447005,2025.0,9.0,9.0,1.0,3.7
10.1111_mec.17757,Molecular_Ecology,155,64,219,0.7077625570776256,2025.0,5.0,5.0,1.0,3.7
10.1111_mec.17762,Molecular_Ecology,182,137,319,0.5705329153605015,2025.0,13.0,13.0,1.0,3.7
10.1111_mec.17773,Molecular_Ecology,152,75,227,0.6696035242290749,2025.0,4.0,4.0,1.0,3.7
10.1111_mec.70013,Molecular_Ecology,169,111,280,0.6035714285714285,2025.0,4.0,4.0,1.0,3.7
10.1111_mec.70019,Molecular_Ecology,171,99,270,0.6333333333333333,2025.0,7.0,7.0,1.0,3.7
10.1111_mec.70028,Molecular_Ecology,217,83,300,0.7233333333333334,2025.0,3.0,3.0,1.0,3.7
10.1111_mec.70046,Molecular_Ecology,218,139,357,0.6106442577030813,2025.0,7.0,7.0,1.0,3.7
10.1111_mec.70076,Molecular_Ecology,123,103,226,0.5442477876106194,2025.0,1.0,1.0,1.0,3.7
10.1111_mec.70084,Molecular_Ecology,202,79,281,0.7188612099644128,2025.0,1.0,1.0,1.0,3.7
10.1111_mec.70149,Molecular_Ecology,148,64,212,0.6981132075471698,2025.0,1.0,1.0,1.0,3.7
10.1111_mec.70151,Molecular_Ecology,232,140,372,0.6236559139784946,2025.0,0.0,0.0,1.0,3.7
10.1111_mec.70159,Molecular_Ecology,39,17,56,0.6964285714285714,2025.0,0.0,0.0,1.0,3.7
10.1111_mec.70186,Molecular_Ecology,113,114,227,0.4977973568281938,2025.0,1.0,1.0,1.0,3.7
10.1002_jnr.20379,Journal_of_Neuroscience_Research,72,68,140,0.5142857142857142,2005.0,52.0,2.476,21.0,3.239
10.1002_jnr.20393,Journal_of_Neuroscience_Research,44,111,155,0.2838709677419355,2005.0,50.0,2.381,21.0,3.239
10.1002_jnr.20405,Journal_of_Neuroscience_Research,87,105,192,0.453125,2005.0,10.0,0.476,21.0,3.239
10.1002_jnr.20420,Journal_of_Neuroscience_Research,136,64,200,0.68,2005.0,81.0,3.857,21.0,3.239
10.1002_jnr.20423,Journal_of_Neuroscience_Research,111,115,226,0.4911504424778761,2005.0,84.0,4.0,21.0,3.239
10.1002_jnr.20438,Journal_of_Neuroscience_Research,132,86,218,0.6055045871559633,2005.0,21.0,1.0,21.0,3.239
10.1002_jnr.20445,Journal_of_Neuroscience_Research,91,108,199,0.457286432160804,2005.0,9.0,0.429,21.0,3.239
10.1002_jnr.20464,Journal_of_Neuroscience_Research,93,93,186,0.5,2005.0,78.0,3.714,21.0,3.239
10.1002_jnr.20480,Journal_of_Neuroscience_Research,71,89,160,0.44375,2005.0,194.0,9.238,21.0,3.239
10.1002_jnr.20493,Journal_of_Neuroscience_Research,77,90,167,0.46107784431137727,2005.0,32.0,1.524,21.0,3.239
10.1002_jnr.20498,Journal_of_Neuroscience_Research,101,104,205,0.4926829268292683,2005.0,34.0,1.619,21.0,3.239
10.1002_jnr.20508,Journal_of_Neuroscience_Research,182,147,329,0.5531914893617021,2005.0,94.0,4.476,21.0,3.239
10.1002_jnr.20511,Journal_of_Neuroscience_Research,53,79,132,0.4015151515151515,2005.0,17.0,0.81,21.0,3.239
10.1002_jnr.20518,Journal_of_Neuroscience_Research,115,81,196,0.5867346938775511,2005.0,145.0,6.905,21.0,3.239
10.1002_jnr.20521,Journal_of_Neuroscience_Research,85,81,166,0.5120481927710844,2005.0,44.0,2.095,21.0,3.239
10.1002_jnr.20529,Journal_of_Neuroscience_Research,110,120,230,0.4782608695652174,2005.0,58.0,2.762,21.0,3.239
10.1002_jnr.20541,Journal_of_Neuroscience_Research,154,107,261,0.5900383141762452,2005.0,64.0,3.048,21.0,3.239
10.1002_jnr.20547,Journal_of_Neuroscience_Research,110,73,183,0.6010928961748634,2005.0,121.0,5.762,21.0,3.239
10.1002_jnr.20572,Journal_of_Neuroscience_Research,71,62,133,0.5338345864661654,2005.0,15.0,0.714,21.0,3.239
10.1002_jnr.20576,Journal_of_Neuroscience_Research,95,86,181,0.5248618784530387,2005.0,12.0,0.571,21.0,3.239
10.1002_jnr.20584,Journal_of_Neuroscience_Research,96,108,204,0.47058823529411764,2005.0,70.0,3.333,21.0,3.239
10.1002_jnr.20589,Journal_of_Neuroscience_Research,160,86,246,0.6504065040650406,2005.0,63.0,3.0,21.0,3.239
10.1002_jnr.20618,Journal_of_Neuroscience_Research,127,84,211,0.6018957345971564,2005.0,44.0,2.095,21.0,3.239
10.1002_jnr.20619,Journal_of_Neuroscience_Research,28,17,45,0.6222222222222222,2005.0,18.0,0.857,21.0,3.239
10.1002_jnr.20620,Journal_of_Neuroscience_Research,61,120,181,0.3370165745856354,2005.0,6.0,0.286,21.0,3.239
10.1002_jnr.20623,Journal_of_Neuroscience_Research,131,135,266,0.4924812030075188,2005.0,136.0,6.476,21.0,3.239
10.1002_jnr.20624,Journal_of_Neuroscience_Research,118,65,183,0.644808743169399,2005.0,28.0,1.333,21.0,3.239
10.1002_jnr.20645,Journal_of_Neuroscience_Research,154,193,347,0.4438040345821326,2005.0,11.0,0.524,21.0,3.239
10.1002_jnr.20657,Journal_of_Neuroscience_Research,95,61,156,0.6089743589743589,2005.0,16.0,0.762,21.0,3.239
10.1002_jnr.20665,Journal_of_Neuroscience_Research,116,73,189,0.6137566137566137,2005.0,30.0,1.429,21.0,3.239
10.1002_jnr.20686,Journal_of_Neuroscience_Research,48,58,106,0.4528301886792453,2005.0,49.0,2.333,21.0,3.239
10.1002_jnr.20691,Journal_of_Neuroscience_Research,119,149,268,0.44402985074626866,2005.0,11.0,0.524,21.0,3.239
10.1002_jnr.22323,Journal_of_Neuroscience_Research,147,85,232,0.6336206896551724,2010.0,89.0,5.562,16.0,2.958
10.1002_jnr.22338,Journal_of_Neuroscience_Research,132,96,228,0.5789473684210527,2010.0,43.0,2.688,16.0,2.958
10.1002_jnr.22340,Journal_of_Neuroscience_Research,112,110,222,0.5045045045045045,2010.0,18.0,1.125,16.0,2.958
10.1002_jnr.22345,Journal_of_Neuroscience_Research,155,119,274,0.5656934306569343,2010.0,40.0,2.5,16.0,2.958
10.1002_jnr.22354,Journal_of_Neuroscience_Research,79,82,161,0.4906832298136646,2010.0,3.0,0.188,16.0,2.958
10.1002_jnr.22355,Journal_of_Neuroscience_Research,133,152,285,0.4666666666666667,2010.0,21.0,1.312,16.0,2.958
10.1002_jnr.22363,Journal_of_Neuroscience_Research,108,137,245,0.44081632653061226,2010.0,45.0,2.812,16.0,2.958
10.1002_jnr.22366,Journal_of_Neuroscience_Research,77,116,193,0.39896373056994816,2010.0,9.0,0.562,16.0,2.958
10.1002_jnr.22371,Journal_of_Neuroscience_Research,182,162,344,0.5290697674418605,2010.0,30.0,1.875,16.0,2.958
10.1002_jnr.22375,Journal_of_Neuroscience_Research,128,91,219,0.5844748858447488,2010.0,24.0,1.5,16.0,2.958
10.1002_jnr.22379,Journal_of_Neuroscience_Research,140,97,237,0.5907172995780591,2010.0,7.0,0.438,16.0,2.958
10.1002_jnr.22395,Journal_of_Neuroscience_Research,117,144,261,0.4482758620689655,2010.0,50.0,3.125,16.0,2.958
10.1002_jnr.22397,Journal_of_Neuroscience_Research,123,122,245,0.5020408163265306,2010.0,10.0,0.625,16.0,2.958
10.1002_jnr.22398,Journal_of_Neuroscience_Research,142,152,294,0.48299319727891155,2010.0,12.0,0.75,16.0,2.958
10.1002_jnr.22402,Journal_of_Neuroscience_Research,139,105,244,0.569672131147541,2010.0,37.0,2.312,16.0,2.958
10.1002_jnr.22418,Journal_of_Neuroscience_Research,126,125,251,0.50199203187251,2010.0,52.0,3.25,16.0,2.958
10.1002_jnr.22421,Journal_of_Neuroscience_Research,124,120,244,0.5081967213114754,2010.0,10.0,0.625,16.0,2.958
10.1002_jnr.22422,Journal_of_Neuroscience_Research,149,105,254,0.5866141732283464,2010.0,89.0,5.562,16.0,2.958
10.1002_jnr.22433,Journal_of_Neuroscience_Research,133,144,277,0.48014440433212996,2010.0,16.0,1.0,16.0,2.958
10.1002_jnr.22439,Journal_of_Neuroscience_Research,129,133,262,0.49236641221374045,2010.0,31.0,1.938,16.0,2.958
10.1002_jnr.22444,Journal_of_Neuroscience_Research,158,54,212,0.7452830188679245,2010.0,245.0,15.312,16.0,2.958
10.1002_jnr.22450,Journal_of_Neuroscience_Research,86,83,169,0.5088757396449705,2010.0,38.0,2.375,16.0,2.958
10.1002_jnr.22454,Journal_of_Neuroscience_Research,155,106,261,0.5938697318007663,2010.0,13.0,0.812,16.0,2.958
10.1002_jnr.22460,Journal_of_Neuroscience_Research,98,82,180,0.5444444444444444,2010.0,49.0,3.062,16.0,2.958
10.1002_jnr.22463,Journal_of_Neuroscience_Research,99,47,146,0.678082191780822,2010.0,26.0,1.625,16.0,2.958
10.1002_jnr.22465,Journal_of_Neuroscience_Research,94,95,189,0.4973544973544973,2010.0,22.0,1.375,16.0,2.958
10.1002_jnr.22466,Journal_of_Neuroscience_Research,127,160,287,0.4425087108013937,2010.0,13.0,0.812,16.0,2.958
10.1002_jnr.22467,Journal_of_Neuroscience_Research,98,75,173,0.5664739884393064,2010.0,31.0,1.938,16.0,2.958
10.1002_jnr.22469,Journal_of_Neuroscience_Research,121,83,204,0.5931372549019608,2010.0,58.0,3.625,16.0,2.958
10.1002_jnr.22473,Journal_of_Neuroscience_Research,105,100,205,0.5121951219512195,2010.0,35.0,2.188,16.0,2.958
10.1002_jnr.22491,Journal_of_Neuroscience_Research,68,104,172,0.3953488372093023,2010.0,11.0,0.688,16.0,2.958
10.1002_jnr.22492,Journal_of_Neuroscience_Research,109,145,254,0.42913385826771655,2010.0,17.0,1.062,16.0,2.958
10.1002_jnr.22495,Journal_of_Neuroscience_Research,155,48,203,0.7635467980295566,2010.0,198.0,12.375,16.0,2.958
10.1002_jnr.22499,Journal_of_Neuroscience_Research,110,84,194,0.5670103092783505,2010.0,26.0,1.625,16.0,2.958
10.1002_jnr.22504,Journal_of_Neuroscience_Research,111,106,217,0.511520737327189,2010.0,18.0,1.125,16.0,2.958
10.1002_jnr.22513,Journal_of_Neuroscience_Research,121,63,184,0.657608695652174,2010.0,14.0,0.875,16.0,2.958
10.1002_jnr.22519,Journal_of_Neuroscience_Research,172,121,293,0.5870307167235495,2010.0,66.0,4.125,16.0,2.958
10.1002_jnr.22528,Journal_of_Neuroscience_Research,116,138,254,0.4566929133858268,2010.0,38.0,2.375,16.0,2.958
10.1002_jnr.23538,Journal_of_Neuroscience_Research,133,102,235,0.5659574468085107,2015.0,8.0,0.727,11.0,2.689
10.1002_jnr.23541,Journal_of_Neuroscience_Research,146,103,249,0.5863453815261044,2015.0,3.0,0.273,11.0,2.689
10.1002_jnr.23543,Journal_of_Neuroscience_Research,90,95,185,0.4864864864864865,2015.0,14.0,1.273,11.0,2.689
10.1002_jnr.23546,Journal_of_Neuroscience_Research,86,154,240,0.35833333333333334,2015.0,2.0,0.182,11.0,2.689
10.1002_jnr.23547,Journal_of_Neuroscience_Research,72,22,94,0.7659574468085106,2015.0,12.0,1.091,11.0,2.689
10.1002_jnr.23549,Journal_of_Neuroscience_Research,116,100,216,0.5370370370370371,2015.0,23.0,2.091,11.0,2.689
10.1002_jnr.23551,Journal_of_Neuroscience_Research,108,88,196,0.5510204081632653,2015.0,5.0,0.455,11.0,2.689
10.1002_jnr.23556,Journal_of_Neuroscience_Research,96,136,232,0.41379310344827586,2015.0,26.0,2.364,11.0,2.689
10.1002_jnr.23561,Journal_of_Neuroscience_Research,126,122,248,0.5080645161290323,2015.0,68.0,6.182,11.0,2.689
10.1002_jnr.23568,Journal_of_Neuroscience_Research,60,125,185,0.32432432432432434,2015.0,17.0,1.545,11.0,2.689
10.1002_jnr.23571,Journal_of_Neuroscience_Research,155,105,260,0.5961538461538461,2015.0,15.0,1.364,11.0,2.689
10.1002_jnr.23572,Journal_of_Neuroscience_Research,163,144,307,0.5309446254071661,2015.0,13.0,1.182,11.0,2.689
10.1002_jnr.23573,Journal_of_Neuroscience_Research,168,105,273,0.6153846153846154,2015.0,16.0,1.455,11.0,2.689
10.1002_jnr.23580,Journal_of_Neuroscience_Research,86,85,171,0.5029239766081871,2015.0,14.0,1.273,11.0,2.689
10.1002_jnr.23583,Journal_of_Neuroscience_Research,214,123,337,0.6350148367952523,2015.0,289.0,26.273,11.0,2.689
10.1002_jnr.23585,Journal_of_Neuroscience_Research,155,105,260,0.5961538461538461,2015.0,6.0,0.545,11.0,2.689
10.1002_jnr.23589,Journal_of_Neuroscience_Research,112,94,206,0.5436893203883495,2015.0,16.0,1.455,11.0,2.689
10.1002_jnr.23590,Journal_of_Neuroscience_Research,114,89,203,0.5615763546798029,2015.0,40.0,3.636,11.0,2.689
10.1002_jnr.23593,Journal_of_Neuroscience_Research,149,82,231,0.645021645021645,2015.0,211.0,19.182,11.0,2.689
10.1002_jnr.23594,Journal_of_Neuroscience_Research,146,139,285,0.512280701754386,2015.0,33.0,3.0,11.0,2.689
10.1002_jnr.23595,Journal_of_Neuroscience_Research,179,95,274,0.6532846715328468,2015.0,57.0,5.182,11.0,2.689
10.1002_jnr.23596,Journal_of_Neuroscience_Research,72,72,144,0.5,2015.0,2.0,0.182,11.0,2.689
10.1002_jnr.23599,Journal_of_Neuroscience_Research,92,144,236,0.3898305084745763,2015.0,10.0,0.909,11.0,2.689
10.1002_jnr.23602,Journal_of_Neuroscience_Research,218,163,381,0.5721784776902887,2015.0,57.0,5.182,11.0,2.689
10.1002_jnr.23609,Journal_of_Neuroscience_Research,147,61,208,0.7067307692307693,2015.0,20.0,1.818,11.0,2.689
10.1002_jnr.23612,Journal_of_Neuroscience_Research,83,87,170,0.48823529411764705,2015.0,56.0,5.091,11.0,2.689
10.1002_jnr.23618,Journal_of_Neuroscience_Research,106,105,211,0.5023696682464455,2015.0,24.0,2.182,11.0,2.689
10.1002_jnr.23619,Journal_of_Neuroscience_Research,164,133,297,0.5521885521885522,2015.0,28.0,2.545,11.0,2.689
10.1002_jnr.23621,Journal_of_Neuroscience_Research,38,18,56,0.6785714285714286,2015.0,7.0,0.636,11.0,2.689
10.1002_jnr.23626,Journal_of_Neuroscience_Research,98,98,196,0.5,2015.0,14.0,1.273,11.0,2.689
10.1002_jnr.23631,Journal_of_Neuroscience_Research,82,96,178,0.4606741573033708,2015.0,9.0,0.818,11.0,2.689
10.1002_jnr.23666,Journal_of_Neuroscience_Research,167,69,236,0.7076271186440678,2015.0,27.0,2.455,11.0,2.689
10.1002_jnr.24579,Journal_of_Neuroscience_Research,296,166,462,0.6406926406926406,2020.0,43.0,7.167,6.0,4.164
10.1002_jnr.24590,Journal_of_Neuroscience_Research,62,31,93,0.6666666666666666,2020.0,69.0,11.5,6.0,4.164
10.1002_jnr.24597,Journal_of_Neuroscience_Research,137,91,228,0.6008771929824561,2020.0,19.0,3.167,6.0,4.164
10.1002_jnr.24601,Journal_of_Neuroscience_Research,199,183,382,0.5209424083769634,2020.0,23.0,3.833,6.0,4.164
10.1002_jnr.24609,Journal_of_Neuroscience_Research,82,99,181,0.4530386740331492,2020.0,13.0,2.167,6.0,4.164
10.1002_jnr.24619,Journal_of_Neuroscience_Research,155,76,231,0.670995670995671,2020.0,76.0,12.667,6.0,4.164
10.1002_jnr.24630,Journal_of_Neuroscience_Research,143,199,342,0.41812865497076024,2020.0,5.0,0.833,6.0,4.164
10.1002_jnr.24637,Journal_of_Neuroscience_Research,163,165,328,0.4969512195121951,2020.0,10.0,1.667,6.0,4.164
10.1002_jnr.24639,Journal_of_Neuroscience_Research,110,105,215,0.5116279069767442,2020.0,16.0,2.667,6.0,4.164
10.1002_jnr.24649,Journal_of_Neuroscience_Research,85,90,175,0.4857142857142857,2020.0,14.0,2.333,6.0,4.164
10.1002_jnr.24651,Journal_of_Neuroscience_Research,212,191,403,0.5260545905707196,2020.0,45.0,7.5,6.0,4.164
10.1002_jnr.24665,Journal_of_Neuroscience_Research,113,74,187,0.6042780748663101,2020.0,1.0,0.167,6.0,4.164
10.1002_jnr.24677,Journal_of_Neuroscience_Research,58,27,85,0.6823529411764706,2020.0,4.0,0.667,6.0,4.164
10.1002_jnr.24684,Journal_of_Neuroscience_Research,147,72,219,0.6712328767123288,2020.0,9.0,1.5,6.0,4.164
10.1002_jnr.24687,Journal_of_Neuroscience_Research,134,92,226,0.5929203539823009,2020.0,4.0,0.667,6.0,4.164
10.1002_jnr.24692,Journal_of_Neuroscience_Research,230,108,338,0.6804733727810651,2020.0,12.0,2.0,6.0,4.164
10.1002_jnr.24698,Journal_of_Neuroscience_Research,150,133,283,0.5300353356890459,2020.0,9.0,1.5,6.0,4.164
10.1002_jnr.24711,Journal_of_Neuroscience_Research,57,15,72,0.7916666666666666,2020.0,3.0,0.5,6.0,4.164
10.1002_jnr.24713,Journal_of_Neuroscience_Research,45,17,62,0.7258064516129032,2020.0,1.0,0.167,6.0,4.164
10.1002_jnr.24717,Journal_of_Neuroscience_Research,73,48,121,0.6033057851239669,2020.0,66.0,11.0,6.0,4.164
10.1002_jnr.70016,Journal_of_Neuroscience_Research,185,113,298,0.6208053691275168,2025.0,11.0,11.0,1.0,3.1
10.1002_jnr.70022,Journal_of_Neuroscience_Research,163,141,304,0.5361842105263158,2025.0,1.0,1.0,1.0,3.1
10.1002_jnr.70027,Journal_of_Neuroscience_Research,60,23,83,0.7228915662650602,2025.0,3.0,3.0,1.0,3.1
10.1002_jnr.70043,Journal_of_Neuroscience_Research,181,152,333,0.5435435435435435,2025.0,3.0,3.0,1.0,3.1
10.1002_jnr.70044,Journal_of_Neuroscience_Research,95,70,165,0.5757575757575758,2025.0,5.0,5.0,1.0,3.1
10.1002_jnr.70050,Journal_of_Neuroscience_Research,165,129,294,0.5612244897959183,2025.0,1.0,1.0,1.0,3.1
10.1002_jnr.70051,Journal_of_Neuroscience_Research,171,129,300,0.57,2025.0,1.0,1.0,1.0,3.1
10.1002_jnr.70052,Journal_of_Neuroscience_Research,126,81,207,0.6086956521739131,2025.0,3.0,3.0,1.0,3.1
10.1002_jnr.70053,Journal_of_Neuroscience_Research,56,46,102,0.5490196078431373,2025.0,9.0,9.0,1.0,3.1
10.1002_jnr.70055,Journal_of_Neuroscience_Research,116,102,218,0.5321100917431193,2025.0,6.0,6.0,1.0,3.1
10.1002_jnr.70061,Journal_of_Neuroscience_Research,137,111,248,0.5524193548387096,2025.0,0.0,0.0,1.0,3.1
10.1002_jnr.70062,Journal_of_Neuroscience_Research,135,93,228,0.5921052631578947,2025.0,2.0,2.0,1.0,3.1
10.1002_jnr.70065,Journal_of_Neuroscience_Research,154,42,196,0.7857142857142857,2025.0,2.0,2.0,1.0,3.1
10.1002_jnr.70070,Journal_of_Neuroscience_Research,102,113,215,0.4744186046511628,2025.0,1.0,1.0,1.0,3.1
10.1002_jnr.70071,Journal_of_Neuroscience_Research,97,79,176,0.5511363636363636,2025.0,0.0,0.0,1.0,3.1
10.1002_jnr.70078,Journal_of_Neuroscience_Research,132,82,214,0.616822429906542,2025.0,1.0,1.0,1.0,3.1
10.1002_jnr.70081,Journal_of_Neuroscience_Research,160,160,320,0.5,2025.0,0.0,0.0,1.0,3.1
10.1002_jnr.70083,Journal_of_Neuroscience_Research,159,48,207,0.7681159420289855,2025.0,0.0,0.0,1.0,3.1
10.1002_jnr.70088,Journal_of_Neuroscience_Research,110,118,228,0.4824561403508772,2025.0,0.0,0.0,1.0,3.1
10.1002_jnr.70090,Journal_of_Neuroscience_Research,126,188,314,0.4012738853503185,2025.0,3.0,3.0,1.0,3.1
10.1002_jnr.70091,Journal_of_Neuroscience_Research,110,119,229,0.48034934497816595,2025.0,0.0,0.0,1.0,3.1
10.1002_jnr.70092,Journal_of_Neuroscience_Research,93,112,205,0.45365853658536587,2025.0,1.0,1.0,1.0,3.1
10.1002_jnr.70093,Journal_of_Neuroscience_Research,90,66,156,0.5769230769230769,2025.0,0.0,0.0,1.0,3.1
10.1002_jnr.70094,Journal_of_Neuroscience_Research,128,96,224,0.5714285714285714,2025.0,0.0,0.0,1.0,3.1
10.1002_jnr.70098,Journal_of_Neuroscience_Research,159,109,268,0.5932835820895522,2025.0,3.0,3.0,1.0,3.1
10.1111_j.1365-2958.2004.04465.x,Molecular_Microbiology,216,169,385,0.561038961038961,2005.0,196.0,9.333,21.0,6.203
10.1111_j.1365-2958.2004.04474.x,Molecular_Microbiology,219,142,361,0.6066481994459834,2005.0,114.0,5.429,21.0,6.203
10.1111_j.1365-2958.2004.04529.x,Molecular_Microbiology,205,119,324,0.6327160493827161,2005.0,75.0,3.571,21.0,6.203
10.1111_j.1365-2958.2005.04417.x,Molecular_Microbiology,117,96,213,0.5492957746478874,2005.0,6.0,0.286,21.0,6.203
10.1111_j.1365-2958.2005.04473.x,Molecular_Microbiology,169,188,357,0.4733893557422969,2005.0,83.0,3.952,21.0,6.203
10.1111_j.1365-2958.2005.04480.x,Molecular_Microbiology,80,53,133,0.6015037593984962,2005.0,7.0,0.333,21.0,6.203
10.1111_j.1365-2958.2005.04485.x,Molecular_Microbiology,225,138,363,0.6198347107438017,2005.0,95.0,4.524,21.0,6.203
10.1111_j.1365-2958.2005.04494.x,Molecular_Microbiology,130,121,251,0.5179282868525896,2005.0,26.0,1.238,21.0,6.203
10.1111_j.1365-2958.2005.04514.x,Molecular_Microbiology,123,128,251,0.4900398406374502,2005.0,71.0,3.381,21.0,6.203
10.1111_j.1365-2958.2005.04534.x,Molecular_Microbiology,163,107,270,0.6037037037037037,2005.0,106.0,5.048,21.0,6.203
10.1111_j.1365-2958.2005.04545.x,Molecular_Microbiology,172,108,280,0.6142857142857143,2005.0,79.0,3.762,21.0,6.203
10.1111_j.1365-2958.2005.04555.x,Molecular_Microbiology,113,73,186,0.6075268817204301,2005.0,115.0,5.476,21.0,6.203
10.1111_j.1365-2958.2005.04567.x,Molecular_Microbiology,155,185,340,0.45588235294117646,2005.0,108.0,5.143,21.0,6.203
10.1111_j.1365-2958.2005.04571.x,Molecular_Microbiology,201,134,335,0.6,2005.0,101.0,4.81,21.0,6.203
10.1111_j.1365-2958.2005.04582.x,Molecular_Microbiology,112,132,244,0.45901639344262296,2005.0,33.0,1.571,21.0,6.203
10.1111_j.1365-2958.2005.04605.x,Molecular_Microbiology,192,134,326,0.588957055214724,2005.0,189.0,9.0,21.0,6.203
10.1111_j.1365-2958.2005.04607.x,Molecular_Microbiology,107,99,206,0.5194174757281553,2005.0,17.0,0.81,21.0,6.203
10.1111_j.1365-2958.2005.04638.x,Molecular_Microbiology,175,175,350,0.5,2005.0,80.0,3.81,21.0,6.203
10.1111_j.1365-2958.2005.04653.x,Molecular_Microbiology,113,137,250,0.452,2005.0,87.0,4.143,21.0,6.203
10.1111_j.1365-2958.2005.04661.x,Molecular_Microbiology,173,120,293,0.590443686006826,2005.0,53.0,2.524,21.0,6.203
10.1111_j.1365-2958.2005.04691.x,Molecular_Microbiology,162,116,278,0.5827338129496403,2005.0,76.0,3.619,21.0,6.203
10.1111_j.1365-2958.2005.04700.x,Molecular_Microbiology,180,130,310,0.5806451612903226,2005.0,135.0,6.429,21.0,6.203
10.1111_j.1365-2958.2005.04726.x,Molecular_Microbiology,110,83,193,0.5699481865284974,2005.0,7.0,0.333,21.0,6.203
10.1111_j.1365-2958.2005.04744.x,Molecular_Microbiology,122,167,289,0.42214532871972316,2005.0,105.0,5.0,21.0,6.203
10.1111_j.1365-2958.2005.04763.x,Molecular_Microbiology,132,113,245,0.5387755102040817,2005.0,41.0,1.952,21.0,6.203
10.1111_j.1365-2958.2005.04780.x,Molecular_Microbiology,147,215,362,0.40607734806629836,2005.0,104.0,4.952,21.0,6.203
10.1111_j.1365-2958.2005.04802.x,Molecular_Microbiology,168,176,344,0.4883720930232558,2005.0,118.0,5.619,21.0,6.203
10.1111_j.1365-2958.2005.04815.x,Molecular_Microbiology,27,21,48,0.5625,2005.0,16.0,0.762,21.0,6.203
10.1111_j.1365-2958.2005.04819.x,Molecular_Microbiology,145,105,250,0.58,2005.0,85.0,4.048,21.0,6.203
10.1111_j.1365-2958.2005.04820.x,Molecular_Microbiology,126,79,205,0.6146341463414634,2005.0,28.0,1.333,21.0,6.203
10.1111_j.1365-2958.2005.04840.x,Molecular_Microbiology,123,160,283,0.43462897526501765,2005.0,51.0,2.429,21.0,6.203
10.1111_j.1365-2958.2005.04858.x,Molecular_Microbiology,252,125,377,0.6684350132625995,2005.0,122.0,5.81,21.0,6.203
10.1111_j.1365-2958.2005.04862.x,Molecular_Microbiology,149,220,369,0.4037940379403794,2005.0,55.0,2.619,21.0,6.203
10.1111_j.1365-2958.2005.04887.x,Molecular_Microbiology,103,110,213,0.4835680751173709,2005.0,106.0,5.048,21.0,6.203
10.1111_j.1365-2958.2005.04891.x,Molecular_Microbiology,139,155,294,0.47278911564625853,2005.0,65.0,3.095,21.0,6.203
10.1111_j.1365-2958.2005.04902.x,Molecular_Microbiology,250,103,353,0.7082152974504249,2005.0,331.0,15.762,21.0,6.203
10.1111_j.1365-2958.2009.06957.x,Molecular_Microbiology,162,158,320,0.50625,2010.0,124.0,7.75,16.0,4.819
10.1111_j.1365-2958.2009.06965.x,Molecular_Microbiology,37,41,78,0.47435897435897434,2010.0,46.0,2.875,16.0,4.819
10.1111_j.1365-2958.2009.06969.x,Molecular_Microbiology,148,140,288,0.5138888888888888,2010.0,234.0,14.625,16.0,4.819
10.1111_j.1365-2958.2009.06989.x,Molecular_Microbiology,153,188,341,0.44868035190615835,2010.0,87.0,5.438,16.0,4.819
10.1111_j.1365-2958.2009.06999.x,Molecular_Microbiology,141,93,234,0.6025641025641025,2010.0,82.0,5.125,16.0,4.819
10.1111_j.1365-2958.2009.07000.x,Molecular_Microbiology,75,135,210,0.35714285714285715,2010.0,30.0,1.875,16.0,4.819
10.1111_j.1365-2958.2009.07002.x,Molecular_Microbiology,138,163,301,0.4584717607973422,2010.0,73.0,4.562,16.0,4.819
10.1111_j.1365-2958.2009.07016.x,Molecular_Microbiology,111,92,203,0.5467980295566502,2010.0,16.0,1.0,16.0,4.819
10.1111_j.1365-2958.2009.07019.x,Molecular_Microbiology,240,143,383,0.6266318537859008,2010.0,50.0,3.125,16.0,4.819
10.1111_j.1365-2958.2010.07048.x,Molecular_Microbiology,114,86,200,0.57,2010.0,72.0,4.5,16.0,4.819
10.1111_j.1365-2958.2010.07057.x,Molecular_Microbiology,181,98,279,0.6487455197132617,2010.0,30.0,1.875,16.0,4.819
10.1111_j.1365-2958.2010.07070.x,Molecular_Microbiology,139,79,218,0.6376146788990825,2010.0,69.0,4.312,16.0,4.819
10.1111_j.1365-2958.2010.07077.x,Molecular_Microbiology,115,123,238,0.4831932773109244,2010.0,51.0,3.188,16.0,4.819
10.1111_j.1365-2958.2010.07100.x,Molecular_Microbiology,222,175,397,0.5591939546599496,2010.0,25.0,1.562,16.0,4.819
10.1111_j.1365-2958.2010.07144.x,Molecular_Microbiology,159,192,351,0.452991452991453,2010.0,31.0,1.938,16.0,4.819
10.1111_j.1365-2958.2010.07164.x,Molecular_Microbiology,140,219,359,0.38997214484679665,2010.0,88.0,5.5,16.0,4.819
10.1111_j.1365-2958.2010.07191.x,Molecular_Microbiology,127,172,299,0.42474916387959866,2010.0,84.0,5.25,16.0,4.819
10.1111_j.1365-2958.2010.07199.x,Molecular_Microbiology,193,143,336,0.5744047619047619,2010.0,70.0,4.375,16.0,4.819
10.1111_j.1365-2958.2010.07201.x,Molecular_Microbiology,113,96,209,0.5406698564593302,2010.0,116.0,7.25,16.0,4.819
10.1111_j.1365-2958.2010.07205.x,Molecular_Microbiology,255,294,549,0.4644808743169399,2010.0,94.0,5.875,16.0,4.819
10.1111_j.1365-2958.2010.07213.x,Molecular_Microbiology,178,148,326,0.5460122699386503,2010.0,70.0,4.375,16.0,4.819
10.1111_j.1365-2958.2010.07220.x,Molecular_Microbiology,153,151,304,0.5032894736842105,2010.0,69.0,4.312,16.0,4.819
10.1111_j.1365-2958.2010.07227.x,Molecular_Microbiology,129,152,281,0.45907473309608543,2010.0,57.0,3.562,16.0,4.819
10.1111_j.1365-2958.2010.07296.x,Molecular_Microbiology,126,106,232,0.5431034482758621,2010.0,79.0,4.938,16.0,4.819
10.1111_j.1365-2958.2010.07301.x,Molecular_Microbiology,125,152,277,0.45126353790613716,2010.0,66.0,4.125,16.0,4.819
10.1111_j.1365-2958.2010.07306.x,Molecular_Microbiology,141,152,293,0.4812286689419795,2010.0,75.0,4.688,16.0,4.819
10.1111_j.1365-2958.2010.07307.x,Molecular_Microbiology,182,236,418,0.4354066985645933,2010.0,225.0,14.062,16.0,4.819
10.1111_j.1365-2958.2010.07310.x,Molecular_Microbiology,146,163,309,0.47249190938511326,2010.0,89.0,5.562,16.0,4.819
10.1111_j.1365-2958.2010.07349.x,Molecular_Microbiology,67,27,94,0.7127659574468085,2010.0,10.0,0.625,16.0,4.819
10.1111_j.1365-2958.2010.07360.x,Molecular_Microbiology,143,78,221,0.6470588235294118,2010.0,93.0,5.812,16.0,4.819
10.1111_j.1365-2958.2010.07382.x,Molecular_Microbiology,183,251,434,0.4216589861751152,2010.0,47.0,2.938,16.0,4.819
10.1111_j.1365-2958.2010.07384.x,Molecular_Microbiology,187,148,335,0.5582089552238806,2010.0,100.0,6.25,16.0,4.819
10.1111_j.1365-2958.2010.07394.x,Molecular_Microbiology,294,165,459,0.6405228758169934,2010.0,55.0,3.438,16.0,4.819
10.1111_j.1365-2958.2010.07395.x,Molecular_Microbiology,177,93,270,0.6555555555555556,2010.0,24.0,1.5,16.0,4.819
10.1111_j.1365-2958.2010.07406.x,Molecular_Microbiology,20,6,26,0.7692307692307693,2010.0,87.0,5.438,16.0,4.819
10.1111_j.1365-2958.2010.07410.x,Molecular_Microbiology,108,131,239,0.45188284518828453,2010.0,43.0,2.688,16.0,4.819
10.1111_mmi.12900,Molecular_Microbiology,140,155,295,0.4745762711864407,2015.0,19.0,1.727,11.0,3.761
10.1111_mmi.12918,Molecular_Microbiology,135,123,258,0.5232558139534884,2015.0,133.0,12.091,11.0,3.761
10.1111_mmi.12922,Molecular_Microbiology,152,88,240,0.6333333333333333,2015.0,20.0,1.818,11.0,3.761
10.1111_mmi.12923,Molecular_Microbiology,274,320,594,0.4612794612794613,2015.0,30.0,2.727,11.0,3.761
10.1111_mmi.12936,Molecular_Microbiology,135,145,280,0.48214285714285715,2015.0,22.0,2.0,11.0,3.761
10.1111_mmi.12950,Molecular_Microbiology,193,135,328,0.5884146341463414,2015.0,11.0,1.0,11.0,3.761
10.1111_mmi.12959,Molecular_Microbiology,142,136,278,0.5107913669064749,2015.0,24.0,2.182,11.0,3.761
10.1111_mmi.12976,Molecular_Microbiology,108,108,216,0.5,2015.0,11.0,1.0,11.0,3.761
10.1111_mmi.12993,Molecular_Microbiology,205,206,411,0.49878345498783455,2015.0,64.0,5.818,11.0,3.761
10.1111_mmi.13004,Molecular_Microbiology,128,112,240,0.5333333333333333,2015.0,36.0,3.273,11.0,3.761
10.1111_mmi.13010,Molecular_Microbiology,106,159,265,0.4,2015.0,73.0,6.636,11.0,3.761
10.1111_mmi.13013,Molecular_Microbiology,220,131,351,0.6267806267806267,2015.0,16.0,1.455,11.0,3.761
10.1111_mmi.13018,Molecular_Microbiology,148,127,275,0.5381818181818182,2015.0,81.0,7.364,11.0,3.761
10.1111_mmi.13019,Molecular_Microbiology,170,154,324,0.5246913580246914,2015.0,82.0,7.455,11.0,3.761
10.1111_mmi.13022,Molecular_Microbiology,243,224,467,0.5203426124197003,2015.0,59.0,5.364,11.0,3.761
10.1111_mmi.13030,Molecular_Microbiology,229,135,364,0.6291208791208791,2015.0,54.0,4.909,11.0,3.761
10.1111_mmi.13046,Molecular_Microbiology,35,17,52,0.6730769230769231,2015.0,29.0,2.636,11.0,3.761
10.1111_mmi.13049,Molecular_Microbiology,131,132,263,0.49809885931558934,2015.0,39.0,3.545,11.0,3.761
10.1111_mmi.13060,Molecular_Microbiology,52,35,87,0.5977011494252874,2015.0,94.0,8.545,11.0,3.761
10.1111_mmi.13063,Molecular_Microbiology,35,20,55,0.6363636363636364,2015.0,7.0,0.636,11.0,3.761
10.1111_mmi.13086,Molecular_Microbiology,243,126,369,0.6585365853658537,2015.0,34.0,3.091,11.0,3.761
10.1111_mmi.13088,Molecular_Microbiology,141,145,286,0.493006993006993,2015.0,56.0,5.091,11.0,3.761
10.1111_mmi.13112,Molecular_Microbiology,115,154,269,0.4275092936802974,2015.0,21.0,1.909,11.0,3.761
10.1111_mmi.13119,Molecular_Microbiology,162,88,250,0.648,2015.0,42.0,3.818,11.0,3.761
10.1111_mmi.13120,Molecular_Microbiology,198,193,391,0.5063938618925832,2015.0,61.0,5.545,11.0,3.761
10.1111_mmi.13121,Molecular_Microbiology,198,144,342,0.5789473684210527,2015.0,75.0,6.818,11.0,3.761
10.1111_mmi.13145,Molecular_Microbiology,126,121,247,0.5101214574898786,2015.0,117.0,10.636,11.0,3.761
10.1111_mmi.13160,Molecular_Microbiology,208,182,390,0.5333333333333333,2015.0,30.0,2.727,11.0,3.761
10.1111_mmi.13172,Molecular_Microbiology,148,203,351,0.42165242165242167,2015.0,46.0,4.182,11.0,3.761
10.1111_mmi.14460,Molecular_Microbiology,117,181,298,0.3926174496644295,2020.0,18.0,3.0,6.0,3.501
10.1111_mmi.14461,Molecular_Microbiology,95,65,160,0.59375,2020.0,85.0,14.167,6.0,3.501
10.1111_mmi.14474,Molecular_Microbiology,69,48,117,0.5897435897435898,2020.0,70.0,11.667,6.0,3.501
10.1111_mmi.14477,Molecular_Microbiology,104,123,227,0.4581497797356828,2020.0,18.0,3.0,6.0,3.501
10.1111_mmi.14484,Molecular_Microbiology,138,161,299,0.46153846153846156,2020.0,8.0,1.333,6.0,3.501
10.1111_mmi.14489,Molecular_Microbiology,145,145,290,0.5,2020.0,14.0,2.333,6.0,3.501
10.1111_mmi.14498,Molecular_Microbiology,154,117,271,0.5682656826568265,2020.0,28.0,4.667,6.0,3.501
10.1111_mmi.14500,Molecular_Microbiology,144,165,309,0.46601941747572817,2020.0,15.0,2.5,6.0,3.501
10.1111_mmi.14507,Molecular_Microbiology,215,120,335,0.6417910447761194,2020.0,27.0,4.5,6.0,3.501
10.1111_mmi.14508,Molecular_Microbiology,153,172,325,0.4707692307692308,2020.0,25.0,4.167,6.0,3.501
10.1111_mmi.14511,Molecular_Microbiology,148,84,232,0.6379310344827587,2020.0,39.0,6.5,6.0,3.501
10.1111_mmi.14512,Molecular_Microbiology,192,192,384,0.5,2020.0,58.0,9.667,6.0,3.501
10.1111_mmi.14515,Molecular_Microbiology,74,103,177,0.4180790960451977,2020.0,12.0,2.0,6.0,3.501
10.1111_mmi.14516,Molecular_Microbiology,179,205,384,0.4661458333333333,2020.0,33.0,5.5,6.0,3.501
10.1111_mmi.14522,Molecular_Microbiology,126,80,206,0.6116504854368932,2020.0,240.0,40.0,6.0,3.501
10.1111_mmi.14530,Molecular_Microbiology,122,91,213,0.5727699530516432,2020.0,29.0,4.833,6.0,3.501
10.1111_mmi.14532,Molecular_Microbiology,143,135,278,0.5143884892086331,2020.0,1.0,0.167,6.0,3.501
10.1111_mmi.14559,Molecular_Microbiology,120,186,306,0.39215686274509803,2020.0,32.0,5.333,6.0,3.501
10.1111_mmi.14577,Molecular_Microbiology,121,172,293,0.4129692832764505,2020.0,8.0,1.333,6.0,3.501
10.1111_mmi.14583,Molecular_Microbiology,185,107,292,0.6335616438356164,2020.0,23.0,3.833,6.0,3.501
10.1111_mmi.14588,Molecular_Microbiology,127,120,247,0.5141700404858299,2020.0,17.0,2.833,6.0,3.501
10.1111_mmi.14594,Molecular_Microbiology,162,153,315,0.5142857142857142,2020.0,54.0,9.0,6.0,3.501
10.1111_mmi.15338,Molecular_Microbiology,184,211,395,0.46582278481012657,2025.0,3.0,3.0,1.0,3.1
10.1111_mmi.15339,Molecular_Microbiology,150,93,243,0.6172839506172839,2025.0,1.0,1.0,1.0,3.1
10.1111_mmi.15340,Molecular_Microbiology,131,107,238,0.5504201680672269,2025.0,4.0,4.0,1.0,3.1
10.1111_mmi.15343,Molecular_Microbiology,114,200,314,0.3630573248407643,2025.0,2.0,2.0,1.0,3.1
10.1111_mmi.15345,Molecular_Microbiology,126,221,347,0.3631123919308357,2025.0,3.0,3.0,1.0,3.1
10.1111_mmi.15346,Molecular_Microbiology,135,174,309,0.4368932038834951,2025.0,2.0,2.0,1.0,3.1
10.1111_mmi.15348,Molecular_Microbiology,135,100,235,0.574468085106383,2025.0,2.0,2.0,1.0,3.1
10.1111_mmi.15350,Molecular_Microbiology,132,94,226,0.584070796460177,2025.0,13.0,13.0,1.0,3.1
10.1111_mmi.15355,Molecular_Microbiology,177,107,284,0.6232394366197183,2025.0,0.0,0.0,1.0,3.1
10.1111_mmi.15356,Molecular_Microbiology,95,22,117,0.811965811965812,2025.0,2.0,2.0,1.0,3.1
10.1111_mmi.15357,Molecular_Microbiology,146,159,305,0.4786885245901639,2025.0,0.0,0.0,1.0,3.1
10.1111_mmi.15359,Molecular_Microbiology,160,140,300,0.5333333333333333,2025.0,1.0,1.0,1.0,3.1
10.1111_mmi.15360,Molecular_Microbiology,253,228,481,0.525987525987526,2025.0,0.0,0.0,1.0,3.1
10.1111_mmi.15361,Molecular_Microbiology,136,198,334,0.40718562874251496,2025.0,1.0,1.0,1.0,3.1
10.1111_mmi.15369,Molecular_Microbiology,200,199,399,0.5012531328320802,2025.0,1.0,1.0,1.0,3.1
10.1111_mmi.15370,Molecular_Microbiology,137,76,213,0.6431924882629108,2025.0,16.0,16.0,1.0,3.1
10.1111_mmi.15373,Molecular_Microbiology,105,98,203,0.5172413793103449,2025.0,5.0,5.0,1.0,3.1
10.1111_mmi.15376,Molecular_Microbiology,126,161,287,0.43902439024390244,2025.0,2.0,2.0,1.0,3.1
10.1111_mmi.15377,Molecular_Microbiology,105,116,221,0.4751131221719457,2025.0,1.0,1.0,1.0,3.1
10.1111_mmi.15378,Molecular_Microbiology,143,61,204,0.7009803921568627,2025.0,1.0,1.0,1.0,3.1
10.1111_mmi.70000,Molecular_Microbiology,31,7,38,0.8157894736842105,2025.0,13.0,13.0,1.0,3.1
10.1111_mmi.70002,Molecular_Microbiology,154,186,340,0.45294117647058824,2025.0,3.0,3.0,1.0,3.1
10.1111_mmi.70006,Molecular_Microbiology,158,126,284,0.5563380281690141,2025.0,1.0,1.0,1.0,3.1
10.1111_mmi.70008,Molecular_Microbiology,165,104,269,0.6133828996282528,2025.0,5.0,5.0,1.0,3.1
10.1111_mmi.70012,Molecular_Microbiology,148,190,338,0.4378698224852071,2025.0,0.0,0.0,1.0,3.1
10.1111_mmi.70014,Molecular_Microbiology,96,152,248,0.3870967741935484,2025.0,2.0,2.0,1.0,3.1
10.1111_mmi.70016,Molecular_Microbiology,227,177,404,0.5618811881188119,2025.0,2.0,2.0,1.0,3.1
10.1111_mmi.70020,Molecular_Microbiology,180,236,416,0.4326923076923077,2025.0,2.0,2.0,1.0,3.1
10.1111_mmi.70024,Molecular_Microbiology,104,130,234,0.4444444444444444,2025.0,2.0,2.0,1.0,3.1
10.1111_mmi.70030,Molecular_Microbiology,156,155,311,0.5016077170418006,2025.0,2.0,2.0,1.0,3.1
