journal,year,jif
Cancer,2005,4.800
Cancer,2010,5.131
Cancer,2015,5.649
Cancer,2020,6.860
Cancer,2025,5.600
Clinical_Genetics,2005,3.276
Clinical_Genetics,2010,2.942
Clinical_Genetics,2015,3.892
Clinical_Genetics,2020,4.438
Clinical_Genetics,2025,2.100
Developmental_Dynamics,2005,3.333
Developmental_Dynamics,2010,2.864
Developmental_Dynamics,2015,2.233
Developmental_Dynamics,2020,3.780
Developmental_Dynamics,2025,1.500
Ecology,2005,4.506
Ecology,2010,5.073
Ecology,2015,4.733
Ecology,2020,5.499
Ecology,2025,4.100
Journal_of_Neuroscience_Research,2005,3.239
Journal_of_Neuroscience_Research,2010,2.958
Journal_of_Neuroscience_Research,2015,2.689
Journal_of_Neuroscience_Research,2020,4.164
Journal_of_Neuroscience_Research,2025,3.100
Molecular_Ecology,2005,4.301
Molecular_Ecology,2010,6.457
Molecular_Ecology,2015,5.947
Molecular_Ecology,2020,6.185
Molecular_Ecology,2025,3.700
Molecular_Microbiology,2005,6.203
Molecular_Microbiology,2010,4.819
Molecular_Microbiology,2015,3.761
Molecular_Microbiology,2020,3.501
Molecular_Microbiology,2025,3.100
