journal,paper_id,doi,year,years_since,citations_total,citations_per_year,source
Cancer,10.1002_cncr.20745,10.1002/cncr.20745,2005,21,96,4.571,ok
Cancer,10.1002_cncr.20771,10.1002/cncr.20771,2005,21,79,3.762,ok
Cancer,10.1002_cncr.20792,10.1002/cncr.20792,2005,21,174,8.286,ok
Cancer,10.1002_cncr.20795,10.1002/cncr.20795,2005,21,20,0.952,ok
Cancer,10.1002_cncr.20871,10.1002/cncr.20871,2005,21,57,2.714,ok
Cancer,10.1002_cncr.20887,10.1002/cncr.20887,2005,21,70,3.333,ok
Cancer,10.1002_cncr.20902,10.1002/cncr.20902,2005,21,57,2.714,ok
Cancer,10.1002_cncr.20903,10.1002/cncr.20903,2005,21,305,14.524,ok
Cancer,10.1002_cncr.20914,10.1002/cncr.20914,2005,21,38,1.81,ok
Cancer,10.1002_cncr.20915,10.1002/cncr.20915,2005,21,37,1.762,ok
Cancer,10.1002_cncr.20935,10.1002/cncr.20935,2005,21,8,0.381,ok
Cancer,10.1002_cncr.20945,10.1002/cncr.20945,2005,21,192,9.143,ok
Cancer,10.1002_cncr.20949,10.1002/cncr.20949,2005,21,20,0.952,ok
Cancer,10.1002_cncr.20951,10.1002/cncr.20951,2005,21,97,4.619,ok
Cancer,10.1002_cncr.21003,10.1002/cncr.21003,2005,21,72,3.429,ok
Cancer,10.1002_cncr.21030,10.1002/cncr.21030,2005,21,231,11.0,ok
Cancer,10.1002_cncr.21048,10.1002/cncr.21048,2005,21,27,1.286,ok
Cancer,10.1002_cncr.21054,10.1002/cncr.21054,2005,21,9,0.429,ok
Cancer,10.1002_cncr.21118,10.1002/cncr.21118,2005,21,0,0.0,ok
Cancer,10.1002_cncr.21156,10.1002/cncr.21156,2005,21,38,1.81,ok
Cancer,10.1002_cncr.21169,10.1002/cncr.21169,2005,21,71,3.381,ok
Cancer,10.1002_cncr.21184,10.1002/cncr.21184,2005,21,30,1.429,ok
Cancer,10.1002_cncr.21256,10.1002/cncr.21256,2005,21,12,0.571,ok
Cancer,10.1002_cncr.21259,10.1002/cncr.21259,2005,21,39,1.857,ok
Cancer,10.1002_cncr.21265,10.1002/cncr.21265,2005,21,227,10.81,ok
Cancer,10.1002_cncr.21266,10.1002/cncr.21266,2005,21,70,3.333,ok
Cancer,10.1002_cncr.21303,10.1002/cncr.21303,2005,21,109,5.19,ok
Cancer,10.1002_cncr.21313,10.1002/cncr.21313,2005,21,35,1.667,ok
Cancer,10.1002_cncr.21331,10.1002/cncr.21331,2005,21,220,10.476,ok
Cancer,10.1002_cncr.21334,10.1002/cncr.21334,2005,21,233,11.095,ok
Cancer,10.1002_cncr.21344,10.1002/cncr.21344,2005,21,3,0.143,ok
Cancer,10.1002_cncr.21347,10.1002/cncr.21347,2005,21,8,0.381,ok
Cancer,10.1002_cncr.21373,10.1002/cncr.21373,2005,21,48,2.286,ok
Cancer,10.1002_cncr.21394,10.1002/cncr.21394,2005,21,20,0.952,ok
Cancer,10.1002_cncr.21462,10.1002/cncr.21462,2005,21,163,7.762,ok
Cancer,10.1002_cncr.21485,10.1002/cncr.21485,2005,21,18,0.857,ok
Cancer,10.1002_cncr.21496,10.1002/cncr.21496,2005,21,574,27.333,ok
Cancer,10.1002_cncr.21504,10.1002/cncr.21504,2005,21,2,0.095,ok
Cancer,10.1002_cncr.21574,10.1002/cncr.21574,2005,21,160,7.619,ok
Cancer,10.1002_cncr.21589,10.1002/cncr.21589,2005,21,186,8.857,ok
Cancer,10.1002_cncr.24794,10.1002/cncr.24794,2010,16,18,1.125,ok
Cancer,10.1002_cncr.24857,10.1002/cncr.24857,2010,16,77,4.812,ok
Cancer,10.1002_cncr.24862,10.1002/cncr.24862,2010,16,290,18.125,ok
Cancer,10.1002_cncr.24877,10.1002/cncr.24877,2010,16,109,6.812,ok
Cancer,10.1002_cncr.24884,10.1002/cncr.24884,2010,16,188,11.75,ok
Cancer,10.1002_cncr.24887,10.1002/cncr.24887,2010,16,42,2.625,ok
Cancer,10.1002_cncr.24900,10.1002/cncr.24900,2010,16,7,0.438,ok
Cancer,10.1002_cncr.24917,10.1002/cncr.24917,2010,16,102,6.375,ok
Cancer,10.1002_cncr.24925,10.1002/cncr.24925,2010,16,51,3.188,ok
Cancer,10.1002_cncr.24943,10.1002/cncr.24943,2010,16,25,1.562,ok
Cancer,10.1002_cncr.24946,10.1002/cncr.24946,2010,16,40,2.5,ok
Cancer,10.1002_cncr.24973,10.1002/cncr.24973,2010,16,49,3.062,ok
Cancer,10.1002_cncr.24991,10.1002/cncr.24991,2010,16,9,0.562,ok
Cancer,10.1002_cncr.24992,10.1002/cncr.24992,2010,16,0,0.0,ok
Cancer,10.1002_cncr.25016,10.1002/cncr.25016,2010,16,106,6.625,ok
Cancer,10.1002_cncr.25028,10.1002/cncr.25028,2010,16,36,2.25,ok
Cancer,10.1002_cncr.25047,10.1002/cncr.25047,2010,16,52,3.25,ok
Cancer,10.1002_cncr.25125,10.1002/cncr.25125,2010,16,74,4.625,ok
Cancer,10.1002_cncr.25142,10.1002/cncr.25142,2010,16,109,6.812,ok
Cancer,10.1002_cncr.25170,10.1002/cncr.25170,2010,16,18,1.125,ok
Cancer,10.1002_cncr.25180,10.1002/cncr.25180,2010,16,40,2.5,ok
Cancer,10.1002_cncr.25207,10.1002/cncr.25207,2010,16,37,2.312,ok
Cancer,10.1002_cncr.25209,10.1002/cncr.25209,2010,16,260,16.25,ok
Cancer,10.1002_cncr.25211,10.1002/cncr.25211,2010,16,35,2.188,ok
Cancer,10.1002_cncr.25239,10.1002/cncr.25239,2010,16,2,0.125,ok
Cancer,10.1002_cncr.25280,10.1002/cncr.25280,2010,16,19,1.188,ok
Cancer,10.1002_cncr.25366,10.1002/cncr.25366,2010,16,1,0.062,ok
Cancer,10.1002_cncr.25411,10.1002/cncr.25411,2010,16,0,0.0,ok
Cancer,10.1002_cncr.25414,10.1002/cncr.25414,2010,16,171,10.688,ok
Cancer,10.1002_cncr.25417,10.1002/cncr.25417,2010,16,33,2.062,ok
Cancer,10.1002_cncr.25426,10.1002/cncr.25426,2010,16,92,5.75,ok
Cancer,10.1002_cncr.25454,10.1002/cncr.25454,2010,16,143,8.938,ok
Cancer,10.1002_cncr.25486,10.1002/cncr.25486,2010,16,37,2.312,ok
Cancer,10.1002_cncr.25561,10.1002/cncr.25561,2010,16,35,2.188,ok
Cancer,10.1002_cncr.2820710206,10.1002/cncr.2820710206,2010,16,169,10.562,ok
Cancer,10.1002_cncr.29235,10.1002/cncr.29235,2015,11,66,6.0,ok
Cancer,10.1002_cncr.29238,10.1002/cncr.29238,2015,11,33,3.0,ok
Cancer,10.1002_cncr.29288,10.1002/cncr.29288,2015,11,43,3.909,ok
Cancer,10.1002_cncr.29297,10.1002/cncr.29297,2015,11,39,3.545,ok
Cancer,10.1002_cncr.29302,10.1002/cncr.29302,2015,11,93,8.455,ok
Cancer,10.1002_cncr.29309,10.1002/cncr.29309,2015,11,44,4.0,ok
Cancer,10.1002_cncr.29325,10.1002/cncr.29325,2015,11,144,13.091,ok
Cancer,10.1002_cncr.29334,10.1002/cncr.29334,2015,11,38,3.455,ok
Cancer,10.1002_cncr.29338,10.1002/cncr.29338,2015,11,50,4.545,ok
Cancer,10.1002_cncr.29350,10.1002/cncr.29350,2015,11,230,20.909,ok
Cancer,10.1002_cncr.29379,10.1002/cncr.29379,2015,11,121,11.0,ok
Cancer,10.1002_cncr.29389,10.1002/cncr.29389,2015,11,18,1.636,ok
Cancer,10.1002_cncr.29400,10.1002/cncr.29400,2015,11,157,14.273,ok
Cancer,10.1002_cncr.29402,10.1002/cncr.29402,2015,11,63,5.727,ok
Cancer,10.1002_cncr.29408,10.1002/cncr.29408,2015,11,2,0.182,ok
Cancer,10.1002_cncr.29409,10.1002/cncr.29409,2015,11,49,4.455,ok
Cancer,10.1002_cncr.29415,10.1002/cncr.29415,2015,11,32,2.909,ok
Cancer,10.1002_cncr.29425,10.1002/cncr.29425,2015,11,3,0.273,ok
Cancer,10.1002_cncr.29461,10.1002/cncr.29461,2015,11,30,2.727,ok
Cancer,10.1002_cncr.29478,10.1002/cncr.29478,2015,11,0,0.0,ok
Cancer,10.1002_cncr.29482,10.1002/cncr.29482,2015,11,0,0.0,ok
Cancer,10.1002_cncr.29488,10.1002/cncr.29488,2015,11,109,9.909,ok
Cancer,10.1002_cncr.29494,10.1002/cncr.29494,2015,11,112,10.182,ok
Cancer,10.1002_cncr.29513,10.1002/cncr.29513,2015,11,10,0.909,ok
Cancer,10.1002_cncr.29539,10.1002/cncr.29539,2015,11,0,0.0,ok
Cancer,10.1002_cncr.29548,10.1002/cncr.29548,2015,11,20,1.818,ok
Cancer,10.1002_cncr.29604,10.1002/cncr.29604,2015,11,79,7.182,ok
Cancer,10.1002_cncr.29642,10.1002/cncr.29642,2015,11,34,3.091,ok
Cancer,10.1002_cncr.29757,10.1002/cncr.29757,2015,11,0,0.0,ok
Cancer,10.1002_cncr.32678,10.1002/cncr.32678,2020,6,21,3.5,ok
Cancer,10.1002_cncr.32693,10.1002/cncr.32693,2020,6,55,9.167,ok
Cancer,10.1002_cncr.32743,10.1002/cncr.32743,2020,6,0,0.0,ok
Cancer,10.1002_cncr.32785,10.1002/cncr.32785,2020,6,1,0.167,ok
Cancer,10.1002_cncr.32792,10.1002/cncr.32792,2020,6,74,12.333,ok
Cancer,10.1002_cncr.32794,10.1002/cncr.32794,2020,6,49,8.167,ok
Cancer,10.1002_cncr.32807,10.1002/cncr.32807,2020,6,52,8.667,ok
Cancer,10.1002_cncr.32808,10.1002/cncr.32808,2020,6,21,3.5,ok
Cancer,10.1002_cncr.32812,10.1002/cncr.32812,2020,6,0,0.0,ok
Cancer,10.1002_cncr.32815,10.1002/cncr.32815,2020,6,24,4.0,ok
Cancer,10.1002_cncr.32851,10.1002/cncr.32851,2020,6,73,12.167,ok
Cancer,10.1002_cncr.32901,10.1002/cncr.32901,2020,6,23,3.833,ok
Cancer,10.1002_cncr.32921,10.1002/cncr.32921,2020,6,28,4.667,ok
Cancer,10.1002_cncr.32926,10.1002/cncr.32926,2020,6,13,2.167,ok
Cancer,10.1002_cncr.32976,10.1002/cncr.32976,2020,6,16,2.667,ok
Cancer,10.1002_cncr.32996,10.1002/cncr.32996,2020,6,45,7.5,ok
Cancer,10.1002_cncr.33041,10.1002/cncr.33041,2020,6,51,8.5,ok
Cancer,10.1002_cncr.33050,10.1002/cncr.33050,2020,6,88,14.667,ok
Cancer,10.1002_cncr.33054,10.1002/cncr.33054,2020,6,15,2.5,ok
Cancer,10.1002_cncr.33069,10.1002/cncr.33069,2020,6,0,0.0,ok
Cancer,10.1002_cncr.33072,10.1002/cncr.33072,2020,6,8,1.333,ok
Cancer,10.1002_cncr.33078,10.1002/cncr.33078,2020,6,87,14.5,ok
Cancer,10.1002_cncr.33110,10.1002/cncr.33110,2020,6,0,0.0,ok
Cancer,10.1002_cncr.33181,10.1002/cncr.33181,2020,6,37,6.167,ok
Cancer,10.1002_cncr.33196,10.1002/cncr.33196,2020,6,33,5.5,ok
Cancer,10.1002_cncr.33210,10.1002/cncr.33210,2020,6,8,1.333,ok
Cancer,10.1002_cncr.33233,10.1002/cncr.33233,2020,6,74,12.333,ok
Cancer,10.1002_cncr.33277,10.1002/cncr.33277,2020,6,0,0.0,ok
Cancer,10.1002_cncr.35677,10.1002/cncr.35677,2025,1,2,2.0,ok
Cancer,10.1002_cncr.35686,10.1002/cncr.35686,2025,1,0,0.0,ok
Cancer,10.1002_cncr.35694,10.1002/cncr.35694,2025,1,2,2.0,ok
Cancer,10.1002_cncr.35707,10.1002/cncr.35707,2025,1,9,9.0,ok
Cancer,10.1002_cncr.35744,10.1002/cncr.35744,2025,1,0,0.0,ok
Cancer,10.1002_cncr.35761,10.1002/cncr.35761,2025,1,0,0.0,ok
Cancer,10.1002_cncr.35771,10.1002/cncr.35771,2025,1,4,4.0,ok
Cancer,10.1002_cncr.35774,10.1002/cncr.35774,2025,1,0,0.0,ok
Cancer,10.1002_cncr.35780,10.1002/cncr.35780,2025,1,11,11.0,ok
Cancer,10.1002_cncr.35793,10.1002/cncr.35793,2025,1,3,3.0,ok
Cancer,10.1002_cncr.35799,10.1002/cncr.35799,2025,1,20,20.0,ok
Cancer,10.1002_cncr.35801,10.1002/cncr.35801,2025,1,14,14.0,ok
Cancer,10.1002_cncr.35836,10.1002/cncr.35836,2025,1,2,2.0,ok
Cancer,10.1002_cncr.35845,10.1002/cncr.35845,2025,1,2,2.0,ok
Cancer,10.1002_cncr.35870,10.1002/cncr.35870,2025,1,3,3.0,ok
Cancer,10.1002_cncr.35898,10.1002/cncr.35898,2025,1,0,0.0,ok
Cancer,10.1002_cncr.35914,10.1002/cncr.35914,2025,1,0,0.0,ok
Cancer,10.1002_cncr.35918,10.1002/cncr.35918,2025,1,5,5.0,ok
Cancer,10.1002_cncr.35929,10.1002/cncr.35929,2025,1,5,5.0,ok
Cancer,10.1002_cncr.35946,10.1002/cncr.35946,2025,1,0,0.0,ok
Cancer,10.1002_cncr.70002,10.1002/cncr.70002,2025,1,0,0.0,ok
Cancer,10.1002_cncr.70028,10.1002/cncr.70028,2025,1,4,4.0,ok
Cancer,10.1002_cncr.70038,10.1002/cncr.70038,2025,1,10,10.0,ok
Cancer,10.1002_cncr.70064,10.1002/cncr.70064,2025,1,6,6.0,ok
Cancer,10.1002_cncr.70085,10.1002/cncr.70085,2025,1,2,2.0,ok
Cancer,10.1002_cncr.70093,10.1002/cncr.70093,2025,1,0,0.0,ok
Cancer,10.1002_cncr.70133,10.1002/cncr.70133,2025,1,1,1.0,ok
Cancer,10.1002_cncr.70157,10.1002/cncr.70157,2025,1,1,1.0,ok
Cancer,10.1002_cncr.70168,10.1002/cncr.70168,2025,1,3,3.0,ok
Cancer,10.1002_cncr.70204,10.1002/cncr.70204,2025,1,4,4.0,ok
Cancer,10.1002_cncr.70211,10.1002/cncr.70211,2025,1,1,1.0,ok
Clinical_Genetics,10.1111_j.1399-0004.2004.00400.x,10.1111/j.1399-0004.2004.00400.x,2005,21,10,0.476,ok
Clinical_Genetics,10.1111_j.1399-0004.2005.00401.x,10.1111/j.1399-0004.2005.00401.x,2005,21,58,2.762,ok
Clinical_Genetics,10.1111_j.1399-0004.2005.00406.x,10.1111/j.1399-0004.2005.00406.x,2005,21,33,1.571,ok
Clinical_Genetics,10.1111_j.1399-0004.2005.00413.x,10.1111/j.1399-0004.2005.00413.x,2005,21,62,2.952,ok
Clinical_Genetics,10.1111_j.1399-0004.2005.00415.x,10.1111/j.1399-0004.2005.00415.x,2005,21,0,0.0,ok
Clinical_Genetics,10.1111_j.1399-0004.2005.00419.x,10.1111/j.1399-0004.2005.00419.x,2005,21,0,0.0,ok
Clinical_Genetics,10.1111_j.1399-0004.2005.00424.x,10.1111/j.1399-0004.2005.00424.x,2005,21,75,3.571,ok
Clinical_Genetics,10.1111_j.1399-0004.2005.00425.x,10.1111/j.1399-0004.2005.00425.x,2005,21,72,3.429,ok
Clinical_Genetics,10.1111_j.1399-0004.2005.00445.x,10.1111/j.1399-0004.2005.00445.x,2005,21,30,1.429,ok
Clinical_Genetics,10.1111_j.1399-0004.2005.00450.x,10.1111/j.1399-0004.2005.00450.x,2005,21,36,1.714,ok
Clinical_Genetics,10.1111_j.1399-0004.2005.00455.x,10.1111/j.1399-0004.2005.00455.x,2005,21,29,1.381,ok
Clinical_Genetics,10.1111_j.1399-0004.2005.00461.x,10.1111/j.1399-0004.2005.00461.x,2005,21,10,0.476,ok
Clinical_Genetics,10.1111_j.1399-0004.2005.00469.x,10.1111/j.1399-0004.2005.00469.x,2005,21,41,1.952,ok
Clinical_Genetics,10.1111_j.1399-0004.2005.00471.x,10.1111/j.1399-0004.2005.00471.x,2005,21,30,1.429,ok
Clinical_Genetics,10.1111_j.1399-0004.2005.00480.x,10.1111/j.1399-0004.2005.00480.x,2005,21,62,2.952,ok
Clinical_Genetics,10.1111_j.1399-0004.2005.00483.x,10.1111/j.1399-0004.2005.00483.x,2005,21,25,1.19,ok
Clinical_Genetics,10.1111_j.1399-0004.2005.00504.x,10.1111/j.1399-0004.2005.00504.x,2005,21,89,4.238,ok
Clinical_Genetics,10.1111_j.1399-0004.2005.00527.x,10.1111/j.1399-0004.2005.00527.x,2005,21,17,0.81,ok
Clinical_Genetics,10.1111_j.1399-0004.2005.0430a.x,10.1111/j.1399-0004.2005.0430a.x,2005,21,0,0.0,ok
Clinical_Genetics,10.1111_j.1399-0004.2005.0453a.x,10.1111/j.1399-0004.2005.0453a.x,2005,21,2,0.095,ok
Clinical_Genetics,10.1111_j.1399-0004.2005.0473b.x,10.1111/j.1399-0004.2005.0473b.x,2005,21,0,0.0,ok
Clinical_Genetics,10.1111_j.1399-0004.2005.0473d.x,10.1111/j.1399-0004.2005.0473d.x,2005,21,0,0.0,ok
Clinical_Genetics,10.1111_j.1399-0004.2005.0479b.x,10.1111/j.1399-0004.2005.0479b.x,2005,21,0,0.0,ok
Clinical_Genetics,10.1111_j.1399-0004.2005.0526b.x,10.1111/j.1399-0004.2005.0526b.x,2005,21,1,0.048,ok
Clinical_Genetics,10.1111_j.1399-0004.2005.0526c.x,10.1111/j.1399-0004.2005.0526c.x,2005,21,0,0.0,ok
Clinical_Genetics,10.1111_j.1399-0004.2009.01302.x,10.1111/j.1399-0004.2009.01302.x,2010,16,1,0.062,ok
Clinical_Genetics,10.1111_j.1399-0004.2009.01315.x,10.1111/j.1399-0004.2009.01315.x,2010,16,106,6.625,ok
Clinical_Genetics,10.1111_j.1399-0004.2009.01325.x,10.1111/j.1399-0004.2009.01325.x,2010,16,89,5.562,ok
Clinical_Genetics,10.1111_j.1399-0004.2009.01329.x,10.1111/j.1399-0004.2009.01329.x,2010,16,119,7.438,ok
Clinical_Genetics,10.1111_j.1399-0004.2009.01343.x,10.1111/j.1399-0004.2009.01343.x,2010,16,2,0.125,ok
Clinical_Genetics,10.1111_j.1399-0004.2009.01357.x,10.1111/j.1399-0004.2009.01357.x,2010,16,34,2.125,ok
Clinical_Genetics,10.1111_j.1399-0004.2009.01365_3.x,10.1111/j.1399-0004.2009.01365_3.x,2010,16,10,0.625,ok
Clinical_Genetics,10.1111_j.1399-0004.2009.01366_1.x,10.1111/j.1399-0004.2009.01366_1.x,2010,16,12,0.75,ok
Clinical_Genetics,10.1111_j.1399-0004.2010.01370.x,10.1111/j.1399-0004.2010.01370.x,2010,16,94,5.875,ok
Clinical_Genetics,10.1111_j.1399-0004.2010.01374.x,10.1111/j.1399-0004.2010.01374.x,2010,16,151,9.438,ok
Clinical_Genetics,10.1111_j.1399-0004.2010.01380.x,10.1111/j.1399-0004.2010.01380.x,2010,16,87,5.438,ok
Clinical_Genetics,10.1111_j.1399-0004.2010.01388.x,10.1111/j.1399-0004.2010.01388.x,2010,16,75,4.688,ok
Clinical_Genetics,10.1111_j.1399-0004.2010.01391.x,10.1111/j.1399-0004.2010.01391.x,2010,16,26,1.625,ok
Clinical_Genetics,10.1111_j.1399-0004.2010.01397.x,10.1111/j.1399-0004.2010.01397.x,2010,16,85,5.312,ok
Clinical_Genetics,10.1111_j.1399-0004.2010.01403.x,10.1111/j.1399-0004.2010.01403.x,2010,16,30,1.875,ok
Clinical_Genetics,10.1111_j.1399-0004.2010.01404.x,10.1111/j.1399-0004.2010.01404.x,2010,16,33,2.062,ok
Clinical_Genetics,10.1111_j.1399-0004.2010.01417.x,10.1111/j.1399-0004.2010.01417.x,2010,16,34,2.125,ok
Clinical_Genetics,10.1111_j.1399-0004.2010.01424.x,10.1111/j.1399-0004.2010.01424.x,2010,16,22,1.375,ok
Clinical_Genetics,10.1111_j.1399-0004.2010.01452_3.x,10.1111/j.1399-0004.2010.01452_3.x,2010,16,4,0.25,ok
Clinical_Genetics,10.1111_j.1399-0004.2010.01530_2.x,10.1111/j.1399-0004.2010.01530_2.x,2010,16,8,0.5,ok
Clinical_Genetics,10.1111_j.1399-0004.2010.01530_3.x,10.1111/j.1399-0004.2010.01530_3.x,2010,16,0,0.0,ok
Clinical_Genetics,10.1111_j.1399-0004.2010.01559.x,10.1111/j.1399-0004.2010.01559.x,2010,16,0,0.0,ok
Clinical_Genetics,10.1111_j.1399-0004.2010.01566.x,10.1111/j.1399-0004.2010.01566.x,2010,16,0,0.0,ok
Clinical_Genetics,10.1111_j.1399-0004.2010.01571.x,10.1111/j.1399-0004.2010.01571.x,2010,16,0,0.0,ok
Clinical_Genetics,10.1111_j.1399-0004.2010.01584.x,10.1111/j.1399-0004.2010.01584.x,2010,16,0,0.0,ok
Clinical_Genetics,10.1111_cge.12534,10.1111/cge.12534,2015,11,11,1.0,ok
Clinical_Genetics,10.1111_cge.12536,10.1111/cge.12536,2015,11,15,1.364,ok
Clinical_Genetics,10.1111_cge.12548,10.1111/cge.12548,2015,11,46,4.182,ok
Clinical_Genetics,10.1111_cge.12550,10.1111/cge.12550,2015,11,54,4.909,ok
Clinical_Genetics,10.1111_cge.12551,10.1111/cge.12551,2015,11,93,8.455,ok
Clinical_Genetics,10.1111_cge.12552,10.1111/cge.12552,2015,11,19,1.727,ok
Clinical_Genetics,10.1111_cge.12553,10.1111/cge.12553,2015,11,35,3.182,ok
Clinical_Genetics,10.1111_cge.12557,10.1111/cge.12557,2015,11,31,2.818,ok
Clinical_Genetics,10.1111_cge.12560,10.1111/cge.12560,2015,11,32,2.909,ok
Clinical_Genetics,10.1111_cge.12561,10.1111/cge.12561,2015,11,28,2.545,ok
Clinical_Genetics,10.1111_cge.12563,10.1111/cge.12563,2015,11,43,3.909,ok
Clinical_Genetics,10.1111_cge.12568,10.1111/cge.12568,2015,11,47,4.273,ok
Clinical_Genetics,10.1111_cge.12580,10.1111/cge.12580,2015,11,5,0.455,ok
Clinical_Genetics,10.1111_cge.12583,10.1111/cge.12583,2015,11,0,0.0,ok
Clinical_Genetics,10.1111_cge.12584,10.1111/cge.12584,2015,11,1,0.091,ok
Clinical_Genetics,10.1111_cge.12611,10.1111/cge.12611,2015,11,3,0.273,ok
Clinical_Genetics,10.1111_cge.12615,10.1111/cge.12615,2015,11,3,0.273,ok
Clinical_Genetics,10.1111_cge.12624,10.1111/cge.12624,2015,11,0,0.0,ok
Clinical_Genetics,10.1111_cge.12634,10.1111/cge.12634,2015,11,41,3.727,ok
Clinical_Genetics,10.1111_cge.12637,10.1111/cge.12637,2015,11,58,5.273,ok
Clinical_Genetics,10.1111_cge.12681,10.1111/cge.12681,2015,11,17,1.545,ok
Clinical_Genetics,10.1111_cge.13691,10.1111/cge.13691,2020,6,8,1.333,ok
Clinical_Genetics,10.1111_cge.13694,10.1111/cge.13694,2020,6,39,6.5,ok
Clinical_Genetics,10.1111_cge.13700,10.1111/cge.13700,2020,6,24,4.0,ok
Clinical_Genetics,10.1111_cge.13702,10.1111/cge.13702,2020,6,46,7.667,ok
Clinical_Genetics,10.1111_cge.13705,10.1111/cge.13705,2020,6,52,8.667,ok
Clinical_Genetics,10.1111_cge.13712,10.1111/cge.13712,2020,6,27,4.5,ok
Clinical_Genetics,10.1111_cge.13722,10.1111/cge.13722,2020,6,38,6.333,ok
Clinical_Genetics,10.1111_cge.13731,10.1111/cge.13731,2020,6,17,2.833,ok
Clinical_Genetics,10.1111_cge.13736,10.1111/cge.13736,2020,6,15,2.5,ok
Clinical_Genetics,10.1111_cge.13738,10.1111/cge.13738,2020,6,3,0.5,ok
Clinical_Genetics,10.1111_cge.13739,10.1111/cge.13739,2020,6,8,1.333,ok
Clinical_Genetics,10.1111_cge.13740,10.1111/cge.13740,2020,6,21,3.5,ok
Clinical_Genetics,10.1111_cge.13756,10.1111/cge.13756,2020,6,18,3.0,ok
Clinical_Genetics,10.1111_cge.13765,10.1111/cge.13765,2020,6,47,7.833,ok
Clinical_Genetics,10.1111_cge.13773,10.1111/cge.13773,2020,6,34,5.667,ok
Clinical_Genetics,10.1111_cge.13793,10.1111/cge.13793,2020,6,22,3.667,ok
Clinical_Genetics,10.1111_cge.13801,10.1111/cge.13801,2020,6,26,4.333,ok
Clinical_Genetics,10.1111_cge.13804,10.1111/cge.13804,2020,6,15,2.5,ok
Clinical_Genetics,10.1111_cge.13812,10.1111/cge.13812,2020,6,18,3.0,ok
Clinical_Genetics,10.1111_cge.13813,10.1111/cge.13813,2020,6,9,1.5,ok
Clinical_Genetics,10.1111_cge.13814,10.1111/cge.13814,2020,6,9,1.5,ok
Clinical_Genetics,10.1111_cge.13822,10.1111/cge.13822,2020,6,10,1.667,ok
Clinical_Genetics,10.1111_cge.13824,10.1111/cge.13824,2020,6,7,1.167,ok
Clinical_Genetics,10.1111_cge.13826,10.1111/cge.13826,2020,6,21,3.5,ok
Clinical_Genetics,10.1111_cge.13834,10.1111/cge.13834,2020,6,11,1.833,ok
Clinical_Genetics,10.1111_cge.14692,10.1111/cge.14692,2025,1,5,5.0,ok
Clinical_Genetics,10.1111_cge.14697,10.1111/cge.14697,2025,1,10,10.0,ok
Clinical_Genetics,10.1111_cge.14698,10.1111/cge.14698,2025,1,2,2.0,ok
Clinical_Genetics,10.1111_cge.14703,10.1111/cge.14703,2025,1,1,1.0,ok
Clinical_Genetics,10.1111_cge.14709,10.1111/cge.14709,2025,1,2,2.0,ok
Clinical_Genetics,10.1111_cge.14713,10.1111/cge.14713,2025,1,3,3.0,ok
Clinical_Genetics,10.1111_cge.14719,10.1111/cge.14719,2025,1,3,3.0,ok
Clinical_Genetics,10.1111_cge.14725,10.1111/cge.14725,2025,1,2,2.0,ok
Clinical_Genetics,10.1111_cge.14737,10.1111/cge.14737,2025,1,1,1.0,ok
Clinical_Genetics,10.1111_cge.14744,10.1111/cge.14744,2025,1,1,1.0,ok
Clinical_Genetics,10.1111_cge.14746,10.1111/cge.14746,2025,1,1,1.0,ok
Clinical_Genetics,10.1111_cge.14748,10.1111/cge.14748,2025,1,1,1.0,ok
Clinical_Genetics,10.1111_cge.14764,10.1111/cge.14764,2025,1,3,3.0,ok
Clinical_Genetics,10.1111_cge.14769,10.1111/cge.14769,2025,1,0,0.0,ok
Clinical_Genetics,10.1111_cge.14773,10.1111/cge.14773,2025,1,0,0.0,ok
Clinical_Genetics,10.1111_cge.14774,10.1111/cge.14774,2025,1,0,0.0,ok
Clinical_Genetics,10.1111_cge.14778,10.1111/cge.14778,2025,1,2,2.0,ok
Clinical_Genetics,10.1111_cge.14782,10.1111/cge.14782,2025,1,2,2.0,ok
Clinical_Genetics,10.1111_cge.14783,10.1111/cge.14783,2025,1,1,1.0,ok
Clinical_Genetics,10.1111_cge.70007,10.1111/cge.70007,2025,1,1,1.0,ok
Clinical_Genetics,10.1111_cge.70025,10.1111/cge.70025,2025,1,1,1.0,ok
Clinical_Genetics,10.1111_cge.70054,10.1111/cge.70054,2025,1,2,2.0,ok
Clinical_Genetics,10.1111_cge.70066,10.1111/cge.70066,2025,1,0,0.0,ok
Developmental_Dynamics,10.1002_dvdy.20225,10.1002/dvdy.20225,2005,21,15,0.714,ok
Developmental_Dynamics,10.1002_dvdy.20227,10.1002/dvdy.20227,2005,21,51,2.429,ok
Developmental_Dynamics,10.1002_dvdy.20254,10.1002/dvdy.20254,2005,21,55,2.619,ok
Developmental_Dynamics,10.1002_dvdy.20288,10.1002/dvdy.20288,2005,21,76,3.619,ok
Developmental_Dynamics,10.1002_dvdy.20290,10.1002/dvdy.20290,2005,21,54,2.571,ok
Developmental_Dynamics,10.1002_dvdy.20291,10.1002/dvdy.20291,2005,21,64,3.048,ok
Developmental_Dynamics,10.1002_dvdy.20307,10.1002/dvdy.20307,2005,21,19,0.905,ok
Developmental_Dynamics,10.1002_dvdy.20313,10.1002/dvdy.20313,2005,21,45,2.143,ok
Developmental_Dynamics,10.1002_dvdy.20318,10.1002/dvdy.20318,2005,21,31,1.476,ok
Developmental_Dynamics,10.1002_dvdy.20322,10.1002/dvdy.20322,2005,21,19,0.905,ok
Developmental_Dynamics,10.1002_dvdy.20345,10.1002/dvdy.20345,2005,21,649,30.905,ok
Developmental_Dynamics,10.1002_dvdy.20348,10.1002/dvdy.20348,2005,21,14,0.667,ok
Developmental_Dynamics,10.1002_dvdy.20359,10.1002/dvdy.20359,2005,21,8,0.381,ok
Developmental_Dynamics,10.1002_dvdy.20364,10.1002/dvdy.20364,2005,21,28,1.333,ok
Developmental_Dynamics,10.1002_dvdy.20382,10.1002/dvdy.20382,2005,21,131,6.238,ok
Developmental_Dynamics,10.1002_dvdy.20391,10.1002/dvdy.20391,2005,21,4,0.19,ok
Developmental_Dynamics,10.1002_dvdy.20409,10.1002/dvdy.20409,2005,21,20,0.952,ok
Developmental_Dynamics,10.1002_dvdy.20434,10.1002/dvdy.20434,2005,21,20,0.952,ok
Developmental_Dynamics,10.1002_dvdy.20435,10.1002/dvdy.20435,2005,21,11,0.524,ok
Developmental_Dynamics,10.1002_dvdy.20436,10.1002/dvdy.20436,2005,21,21,1.0,ok
Developmental_Dynamics,10.1002_dvdy.20444,10.1002/dvdy.20444,2005,21,59,2.81,ok
Developmental_Dynamics,10.1002_dvdy.20454,10.1002/dvdy.20454,2005,21,37,1.762,ok
Developmental_Dynamics,10.1002_dvdy.20464,10.1002/dvdy.20464,2005,21,17,0.81,ok
Developmental_Dynamics,10.1002_dvdy.20470,10.1002/dvdy.20470,2005,21,11,0.524,ok
Developmental_Dynamics,10.1002_dvdy.20474,10.1002/dvdy.20474,2005,21,30,1.429,ok
Developmental_Dynamics,10.1002_dvdy.20494,10.1002/dvdy.20494,2005,21,48,2.286,ok
Developmental_Dynamics,10.1002_dvdy.20502,10.1002/dvdy.20502,2005,21,42,2.0,ok
Developmental_Dynamics,10.1002_dvdy.20503,10.1002/dvdy.20503,2005,21,9,0.429,ok
Developmental_Dynamics,10.1002_dvdy.20506,10.1002/dvdy.20506,2005,21,15,0.714,ok
Developmental_Dynamics,10.1002_dvdy.20508,10.1002/dvdy.20508,2005,21,19,0.905,ok
Developmental_Dynamics,10.1002_dvdy.20554,10.1002/dvdy.20554,2005,21,79,3.762,ok
Developmental_Dynamics,10.1002_dvdy.20560,10.1002/dvdy.20560,2005,21,0,0.0,ok
Developmental_Dynamics,10.1002_dvdy.20563,10.1002/dvdy.20563,2005,21,4,0.19,ok
Developmental_Dynamics,10.1002_dvdy.20581,10.1002/dvdy.20581,2005,21,64,3.048,ok
Developmental_Dynamics,10.1002_dvdy.20625,10.1002/dvdy.20625,2005,21,20,0.952,ok
Developmental_Dynamics,10.1002_dvdy.22161,10.1002/dvdy.22161,2010,16,127,7.938,ok
Developmental_Dynamics,10.1002_dvdy.22172,10.1002/dvdy.22172,2010,16,57,3.562,ok
Developmental_Dynamics,10.1002_dvdy.22186,10.1002/dvdy.22186,2010,16,11,0.688,ok
Developmental_Dynamics,10.1002_dvdy.22189,10.1002/dvdy.22189,2010,16,13,0.812,ok
Developmental_Dynamics,10.1002_dvdy.22190,10.1002/dvdy.22190,2010,16,39,2.438,ok
Developmental_Dynamics,10.1002_dvdy.22192,10.1002/dvdy.22192,2010,16,89,5.562,ok
Developmental_Dynamics,10.1002_dvdy.22206,10.1002/dvdy.22206,2010,16,30,1.875,ok
Developmental_Dynamics,10.1002_dvdy.22213,10.1002/dvdy.22213,2010,16,36,2.25,ok
Developmental_Dynamics,10.1002_dvdy.22214,10.1002/dvdy.22214,2010,16,0,0.0,ok
Developmental_Dynamics,10.1002_dvdy.22220,10.1002/dvdy.22220,2010,16,101,6.312,ok
Developmental_Dynamics,10.1002_dvdy.22238,10.1002/dvdy.22238,2010,16,26,1.625,ok
Developmental_Dynamics,10.1002_dvdy.22253,10.1002/dvdy.22253,2010,16,52,3.25,ok
Developmental_Dynamics,10.1002_dvdy.22255,10.1002/dvdy.22255,2010,16,89,5.562,ok
Developmental_Dynamics,10.1002_dvdy.22264,10.1002/dvdy.22264,2010,16,20,1.25,ok
Developmental_Dynamics,10.1002_dvdy.22265,10.1002/dvdy.22265,2010,16,106,6.625,ok
Developmental_Dynamics,10.1002_dvdy.22270,10.1002/dvdy.22270,2010,16,20,1.25,ok
Developmental_Dynamics,10.1002_dvdy.22277,10.1002/dvdy.22277,2010,16,54,3.375,ok
Developmental_Dynamics,10.1002_dvdy.22281,10.1002/dvdy.22281,2010,16,4,0.25,ok
Developmental_Dynamics,10.1002_dvdy.22302,10.1002/dvdy.22302,2010,16,90,5.625,ok
Developmental_Dynamics,10.1002_dvdy.22305,10.1002/dvdy.22305,2010,16,42,2.625,ok
Developmental_Dynamics,10.1002_dvdy.22316,10.1002/dvdy.22316,2010,16,86,5.375,ok
Developmental_Dynamics,10.1002_dvdy.22317,10.1002/dvdy.22317,2010,16,9,0.562,ok
Developmental_Dynamics,10.1002_dvdy.22325,10.1002/dvdy.22325,2010,16,25,1.562,ok
Developmental_Dynamics,10.1002_dvdy.22328,10.1002/dvdy.22328,2010,16,51,3.188,ok
Developmental_Dynamics,10.1002_dvdy.22344,10.1002/dvdy.22344,2010,16,21,1.312,ok
Developmental_Dynamics,10.1002_dvdy.22356,10.1002/dvdy.22356,2010,16,17,1.062,ok
Developmental_Dynamics,10.1002_dvdy.22374,10.1002/dvdy.22374,2010,16,6,0.375,ok
Developmental_Dynamics,10.1002_dvdy.22428,10.1002/dvdy.22428,2010,16,110,6.875,ok
Developmental_Dynamics,10.1002_dvdy.22433,10.1002/dvdy.22433,2010,16,17,1.062,ok
Developmental_Dynamics,10.1002_dvdy.22434,10.1002/dvdy.22434,2010,16,4,0.25,ok
Developmental_Dynamics,10.1002_dvdy.22442,10.1002/dvdy.22442,2010,16,26,1.625,ok
Developmental_Dynamics,10.1002_dvdy.22468,10.1002/dvdy.22468,2010,16,57,3.562,ok
Developmental_Dynamics,10.1002_dvdy.22484,10.1002/dvdy.22484,2010,16,36,2.25,ok
Developmental_Dynamics,10.1002_dvdy.24192,10.1002/dvdy.24192,2015,11,24,2.182,ok
Developmental_Dynamics,10.1002_dvdy.24232,10.1002/dvdy.24232,2015,11,45,4.091,ok
Developmental_Dynamics,10.1002_dvdy.24243,10.1002/dvdy.24243,2015,11,53,4.818,ok
Developmental_Dynamics,10.1002_dvdy.24248,10.1002/dvdy.24248,2015,11,78,7.091,ok
Developmental_Dynamics,10.1002_dvdy.24252,10.1002/dvdy.24252,2015,11,173,15.727,ok
Developmental_Dynamics,10.1002_dvdy.24255,10.1002/dvdy.24255,2015,11,49,4.455,ok
Developmental_Dynamics,10.1002_dvdy.24256,10.1002/dvdy.24256,2015,11,58,5.273,ok
Developmental_Dynamics,10.1002_dvdy.24265,10.1002/dvdy.24265,2015,11,18,1.636,ok
Developmental_Dynamics,10.1002_dvdy.24274,10.1002/dvdy.24274,2015,11,17,1.545,ok
Developmental_Dynamics,10.1002_dvdy.24277,10.1002/dvdy.24277,2015,11,37,3.364,ok
Developmental_Dynamics,10.1002_dvdy.24281,10.1002/dvdy.24281,2015,11,23,2.091,ok
Developmental_Dynamics,10.1002_dvdy.24282,10.1002/dvdy.24282,2015,11,24,2.182,ok
Developmental_Dynamics,10.1002_dvdy.24284,10.1002/dvdy.24284,2015,11,68,6.182,ok
Developmental_Dynamics,10.1002_dvdy.24286,10.1002/dvdy.24286,2015,11,11,1.0,ok
Developmental_Dynamics,10.1002_dvdy.24288,10.1002/dvdy.24288,2015,11,15,1.364,ok
Developmental_Dynamics,10.1002_dvdy.24303,10.1002/dvdy.24303,2015,11,55,5.0,ok
Developmental_Dynamics,10.1002_dvdy.24305,10.1002/dvdy.24305,2015,11,5,0.455,ok
Developmental_Dynamics,10.1002_dvdy.24306,10.1002/dvdy.24306,2015,11,10,0.909,ok
Developmental_Dynamics,10.1002_dvdy.24312,10.1002/dvdy.24312,2015,11,16,1.455,ok
Developmental_Dynamics,10.1002_dvdy.24315,10.1002/dvdy.24315,2015,11,21,1.909,ok
Developmental_Dynamics,10.1002_dvdy.24316,10.1002/dvdy.24316,2015,11,29,2.636,ok
Developmental_Dynamics,10.1002_dvdy.24317,10.1002/dvdy.24317,2015,11,27,2.455,ok
Developmental_Dynamics,10.1002_dvdy.24321,10.1002/dvdy.24321,2015,11,11,1.0,ok
Developmental_Dynamics,10.1002_dvdy.24322,10.1002/dvdy.24322,2015,11,23,2.091,ok
Developmental_Dynamics,10.1002_dvdy.24336,10.1002/dvdy.24336,2015,11,55,5.0,ok
Developmental_Dynamics,10.1002_dvdy.24337,10.1002/dvdy.24337,2015,11,29,2.636,ok
Developmental_Dynamics,10.1002_dvdy.24338,10.1002/dvdy.24338,2015,11,56,5.091,ok
Developmental_Dynamics,10.1002_dvdy.143,10.1002/dvdy.143,2020,6,6,1.0,ok
Developmental_Dynamics,10.1002_dvdy.147,10.1002/dvdy.147,2020,6,22,3.667,ok
Developmental_Dynamics,10.1002_dvdy.150,10.1002/dvdy.150,2020,6,4,0.667,ok
Developmental_Dynamics,10.1002_dvdy.158,10.1002/dvdy.158,2020,6,6,1.0,ok
Developmental_Dynamics,10.1002_dvdy.160,10.1002/dvdy.160,2020,6,4,0.667,ok
Developmental_Dynamics,10.1002_dvdy.174,10.1002/dvdy.174,2020,6,6,1.0,ok
Developmental_Dynamics,10.1002_dvdy.175,10.1002/dvdy.175,2020,6,96,16.0,ok
Developmental_Dynamics,10.1002_dvdy.176,10.1002/dvdy.176,2020,6,17,2.833,ok
Developmental_Dynamics,10.1002_dvdy.179,10.1002/dvdy.179,2020,6,33,5.5,ok
Developmental_Dynamics,10.1002_dvdy.180,10.1002/dvdy.180,2020,6,5,0.833,ok
Developmental_Dynamics,10.1002_dvdy.181,10.1002/dvdy.181,2020,6,10,1.667,ok
Developmental_Dynamics,10.1002_dvdy.183,10.1002/dvdy.183,2020,6,64,10.667,ok
Developmental_Dynamics,10.1002_dvdy.195,10.1002/dvdy.195,2020,6,4,0.667,ok
Developmental_Dynamics,10.1002_dvdy.208,10.1002/dvdy.208,2020,6,4,0.667,ok
Developmental_Dynamics,10.1002_dvdy.212,10.1002/dvdy.212,2020,6,2,0.333,ok
Developmental_Dynamics,10.1002_dvdy.213,10.1002/dvdy.213,2020,6,5,0.833,ok
Developmental_Dynamics,10.1002_dvdy.215,10.1002/dvdy.215,2020,6,32,5.333,ok
Developmental_Dynamics,10.1002_dvdy.218,10.1002/dvdy.218,2020,6,19,3.167,ok
Developmental_Dynamics,10.1002_dvdy.222,10.1002/dvdy.222,2020,6,2,0.333,ok
Developmental_Dynamics,10.1002_dvdy.224,10.1002/dvdy.224,2020,6,0,0.0,ok
Developmental_Dynamics,10.1002_dvdy.234,10.1002/dvdy.234,2020,6,14,2.333,ok
Developmental_Dynamics,10.1002_dvdy.242,10.1002/dvdy.242,2020,6,39,6.5,ok
Developmental_Dynamics,10.1002_dvdy.70000,10.1002/dvdy.70000,2025,1,2,2.0,ok
Developmental_Dynamics,10.1002_dvdy.70001,10.1002/dvdy.70001,2025,1,1,1.0,ok
Developmental_Dynamics,10.1002_dvdy.70008,10.1002/dvdy.70008,2025,1,5,5.0,ok
Developmental_Dynamics,10.1002_dvdy.70015,10.1002/dvdy.70015,2025,1,3,3.0,ok
Developmental_Dynamics,10.1002_dvdy.70028,10.1002/dvdy.70028,2025,1,5,5.0,ok
Developmental_Dynamics,10.1002_dvdy.70041,10.1002/dvdy.70041,2025,1,2,2.0,ok
Developmental_Dynamics,10.1002_dvdy.70051,10.1002/dvdy.70051,2025,1,1,1.0,ok
Developmental_Dynamics,10.1002_dvdy.70090,10.1002/dvdy.70090,2025,1,0,0.0,ok
Developmental_Dynamics,10.1002_dvdy.70108,10.1002/dvdy.70108,2025,1,2,2.0,ok
Developmental_Dynamics,10.1002_dvdy.763,10.1002/dvdy.763,2025,1,1,1.0,ok
Developmental_Dynamics,10.1002_dvdy.765,10.1002/dvdy.765,2025,1,2,2.0,ok
Developmental_Dynamics,10.1002_dvdy.766,10.1002/dvdy.766,2025,1,4,4.0,ok
Developmental_Dynamics,10.1002_dvdy.771,10.1002/dvdy.771,2025,1,1,1.0,ok
Ecology,001-10.1890_05-0195,001-10.1890/05-0195,2005,21,133,6.333,ok
Ecology,003-10.1890_04-1400,003-10.1890/04-1400,2005,21,54,2.571,ok
Ecology,007-10.1890_04-1920,007-10.1890/04-1920,2005,21,134,6.381,ok
Ecology,009-10.1890_03-0290,009-10.1890/03-0290,2005,21,51,2.429,ok
Ecology,010-10.1890_03-3187,010-10.1890/03-3187,2005,21,111,5.286,ok
Ecology,012-10.1890_04-1237,012-10.1890/04-1237,2005,21,315,15.0,ok
Ecology,014-10.1890_05-0479,014-10.1890/05-0479,2005,21,345,16.429,ok
Ecology,015-10.1890_04-1122,015-10.1890/04-1122,2005,21,26,1.238,ok
Ecology,016-10.1890_04-1078,016-10.1890/04-1078,2005,21,142,6.762,ok
Ecology,017-10.1890_04-1710,017-10.1890/04-1710,2005,21,166,7.905,ok
Ecology,018-10.1890_04-0410,018-10.1890/04-0410,2005,21,66,3.143,ok
Ecology,020-10.1890_04-1700,020-10.1890/04-1700,2005,21,275,13.095,ok
Ecology,Ecology - 2005 - Briggs - INVESTIGATING THE POPULATION-LEVEL EFFECTS OF CHYTRIDIOMYCOSIS  AN EMERGING INFECTIOUS DISEASE OF,Ecology - 2005 - Briggs - INVESTIGATING THE POPULATION-LEVEL EFFECTS OF CHYTRIDIOMYCOSIS  AN EMERGING INFECTIOUS DISEASE OF,2005,21,,,not_found
Ecology,Ecology - 2005 - Daszak - AMPHIBIAN POPULATION DECLINES AT SAVANNAH RIVER SITE ARE LINKED TO CLIMATE  NOT CHYTRIDIOMYCOSIS,Ecology - 2005 - Daszak - AMPHIBIAN POPULATION DECLINES AT SAVANNAH RIVER SITE ARE LINKED TO CLIMATE  NOT CHYTRIDIOMYCOSIS,2005,21,,,not_found
Ecology,Ecology - 2005 - Gamfeldt - INCREASING INTRASPECIFIC DIVERSITY ENHANCES SETTLING SUCCESS IN A MARINE INVERTEBRATE,Ecology - 2005 - Gamfeldt - INCREASING INTRASPECIFIC DIVERSITY ENHANCES SETTLING SUCCESS IN A MARINE INVERTEBRATE,2005,21,,,not_found
Ecology,Ecology - 2005 - Goodwin - LIMITED DISPERSAL AND HETEROGENEOUS PREDATION RISK SYNERGISTICALLY ENHANCE PERSISTENCE OF RARE,Ecology - 2005 - Goodwin - LIMITED DISPERSAL AND HETEROGENEOUS PREDATION RISK SYNERGISTICALLY ENHANCE PERSISTENCE OF RARE,2005,21,,,not_found
Ecology,Ecology - 2005 - Holle - ECOLOGICAL RESISTANCE TO BIOLOGICAL INVASION OVERWHELMED BY PROPAGULE PRESSURE,Ecology - 2005 - Holle - ECOLOGICAL RESISTANCE TO BIOLOGICAL INVASION OVERWHELMED BY PROPAGULE PRESSURE,2005,21,,,not_found
Ecology,Ecology - 2005 - Lehmann-Ziebarth - EVOLUTION OF PERIODICITY IN PERIODICAL CICADAS,Ecology - 2005 - Lehmann-Ziebarth - EVOLUTION OF PERIODICITY IN PERIODICAL CICADAS,2005,21,,,not_found
Ecology,Ecology - 2005 - Morris - ENVIRONMENTAL FORCING AND THE COMPETITIVE DYNAMICS OF A GUILD OF CACTUS-TENDING ANT MUTUALISTS,Ecology - 2005 - Morris - ENVIRONMENTAL FORCING AND THE COMPETITIVE DYNAMICS OF A GUILD OF CACTUS-TENDING ANT MUTUALISTS,2005,21,,,not_found
Ecology,Ecology - 2005 - Mouquet - CONSERVING COMMUNITY MODULES  A CASE STUDY OF THE ENDANGERED LYCAENID BUTTERFLY MACULINEA ALCON,Ecology - 2005 - Mouquet - CONSERVING COMMUNITY MODULES  A CASE STUDY OF THE ENDANGERED LYCAENID BUTTERFLY MACULINEA ALCON,2005,21,,,not_found
Ecology,Ecology - 2005 - Shea - CONTEXT-DEPENDENT BIOLOGICAL CONTROL OF AN INVASIVE THISTLE,Ecology - 2005 - Shea - CONTEXT-DEPENDENT BIOLOGICAL CONTROL OF AN INVASIVE THISTLE,2005,21,,,not_found
Ecology,Ecology - 2005 - Styrsky - JUVENILE MORTALITY INCREASES WITH CLUTCH SIZE IN A NEOTROPICAL BIRD,Ecology - 2005 - Styrsky - JUVENILE MORTALITY INCREASES WITH CLUTCH SIZE IN A NEOTROPICAL BIRD,2005,21,,,not_found
Ecology,011-10.1890_09-1849,011-10.1890/09-1849,2010,16,12,0.75,ok
Ecology,012-10.1890_09-0339,012-10.1890/09-0339,2010,16,0,0.0,ok
Ecology,013-10.1890_08-1868.1,013-10.1890/08-1868.1,2010,16,23,1.438,ok
Ecology,014-10.1890_08-1375.1,014-10.1890/08-1375.1,2010,16,78,4.875,ok
Ecology,015-10.1890_0012-9658-91.6.1869,015-10.1890/0012-9658-91.6.1869,2010,16,18,1.125,ok
Ecology,016-10.1890_09-0332.1,016-10.1890/09-0332.1,2010,16,85,5.312,ok
Ecology,018-10.1890_09-0543.1,018-10.1890/09-0543.1,2010,16,36,2.25,ok
Ecology,019-10.1890_10-0807.1,019-10.1890/10-0807.1,2010,16,44,2.75,ok
Ecology,021-10.1890_09-1849,021-10.1890/09-1849,2010,16,12,0.75,ok
Ecology,022-10.1890_09-0339,022-10.1890/09-0339,2010,16,0,0.0,ok
Ecology,023-10.1890_08-1868.1,023-10.1890/08-1868.1,2010,16,23,1.438,ok
Ecology,024-10.1890_08-1375.1,024-10.1890/08-1375.1,2010,16,78,4.875,ok
Ecology,025-10.1890_0012-9658-91.6.1869,025-10.1890/0012-9658-91.6.1869,2010,16,18,1.125,ok
Ecology,026-10.1890_09-0332.1,026-10.1890/09-0332.1,2010,16,85,5.312,ok
Ecology,028-10.1890_09-0543.1,028-10.1890/09-0543.1,2010,16,36,2.25,ok
Ecology,029-10.1890_10-0807.1,029-10.1890/10-0807.1,2010,16,44,2.75,ok
Ecology,032-10.1890_09-0017.1,032-10.1890/09-0017.1,2010,16,53,3.312,ok
Ecology,033-10.1890_09-0330.1,033-10.1890/09-0330.1,2010,16,124,7.75,ok
Ecology,034-10.1890_08-1634.1,034-10.1890/08-1634.1,2010,16,59,3.688,ok
Ecology,035-10.1890_09-1236.1,035-10.1890/09-1236.1,2010,16,96,6.0,ok
Ecology,036-10.1890_09-1968.1,036-10.1890/09-1968.1,2010,16,542,33.875,ok
Ecology,038-10.1890_08-2317.1,038-10.1890/08-2317.1,2010,16,33,2.062,ok
Ecology,039-10.1890_08-2323,039-10.1890/08-2323,2010,16,131,8.188,ok
Ecology,040-10.1890_09-0554.1,040-10.1890/09-0554.1,2010,16,32,2.0,ok
Ecology,Ecology - 2010 - Biswas - Disturbance effects on species diversity and functional diversity in riparian and upland plant,Ecology - 2010 - Biswas - Disturbance effects on species diversity and functional diversity in riparian and upland plant,2010,16,,,not_found
Ecology,Ecology - 2010 - Bj%C3%B8rnstad - Geographic variation in North American gypsy moth cycles  subharmonics  generalist predators ,Ecology - 2010 - Bj%C3%B8rnstad - Geographic variation in North American gypsy moth cycles  subharmonics  generalist predators ,2010,16,,,not_found
Ecology,Ecology - 2010 - Bricker - Small-mammal seed predation limits the recruitment and abundance of two perennial grassland,Ecology - 2010 - Bricker - Small-mammal seed predation limits the recruitment and abundance of two perennial grassland,2010,16,,,not_found
Ecology,Ecology - 2010 - Bridgeland - A conditional trophic cascade  Birds benefit faster growing trees with strong links between,Ecology - 2010 - Bridgeland - A conditional trophic cascade  Birds benefit faster growing trees with strong links between,2010,16,,,not_found
Ecology,Ecology - 2010 - Kay - Nutrition and interference competition have interactive effects on the behavior and performance of,Ecology - 2010 - Kay - Nutrition and interference competition have interactive effects on the behavior and performance of,2010,16,,,not_found
Ecology,Ecology - 2010 - Latty - Food quality and the risk of light exposure affect patch-choice decisions in the slime mold,Ecology - 2010 - Latty - Food quality and the risk of light exposure affect patch-choice decisions in the slime mold,2010,16,,,not_found
Ecology,Ecology - 2010 - Lively - Parasite virulence  host life history  and the costs and benefits of sex,Ecology - 2010 - Lively - Parasite virulence  host life history  and the costs and benefits of sex,2010,16,,,not_found
Ecology,Ecology - 2010 - Passy - A distinct latitudinal gradient of diatom diversity is linked to resource supply,Ecology - 2010 - Passy - A distinct latitudinal gradient of diatom diversity is linked to resource supply,2010,16,,,not_found
Ecology,Ecology - 2010 - Royo - Pervasive interactions between ungulate browsers and disturbance regimes promote temperate forest,Ecology - 2010 - Royo - Pervasive interactions between ungulate browsers and disturbance regimes promote temperate forest,2010,16,,,not_found
Ecology,Ecology - 2010 - Wootton - Experimental species removal alters ecological dynamics in a natural ecosystem,Ecology - 2010 - Wootton - Experimental species removal alters ecological dynamics in a natural ecosystem,2010,16,,,not_found
Ecology,042-10.1890_14-1526.1,042-10.1890/14-1526.1,2015,11,22,2.0,ok
Ecology,043-10.1890_15-0300.1,043-10.1890/15-0300.1,2015,11,59,5.364,ok
Ecology,044-10.1890_14-1531.1,044-10.1890/14-1531.1,2015,11,19,1.727,ok
Ecology,045-10.1890_14-1311.1,045-10.1890/14-1311.1,2015,11,76,6.909,ok
Ecology,047-10.1890_14-0487.1,047-10.1890/14-0487.1,2015,11,181,16.455,ok
Ecology,048-10.1890_14-0774.1,048-10.1890/14-0774.1,2015,11,31,2.818,ok
Ecology,049-10.1890_14-0595.1,049-10.1890/14-0595.1,2015,11,131,11.909,ok
Ecology,050-10.1890_14-1124.1,050-10.1890/14-1124.1,2015,11,99,9.0,ok
Ecology,051-10.1890_14-0391.1,051-10.1890/14-0391.1,2015,11,74,6.727,ok
Ecology,053-10.1890_14-1687.1,053-10.1890/14-1687.1,2015,11,14,1.273,ok
Ecology,054-10.1890_14-0550.1,054-10.1890/14-0550.1,2015,11,98,8.909,ok
Ecology,055-10.1890_14-2205.1,055-10.1890/14-2205.1,2015,11,56,5.091,ok
Ecology,056-10.1890_15-0188.1,056-10.1890/15-0188.1,2015,11,130,11.818,ok
Ecology,057-10.1890_14-0014.1,057-10.1890/14-0014.1,2015,11,69,6.273,ok
Ecology,058-10.1890_14-2228.1,058-10.1890/14-2228.1,2015,11,65,5.909,ok
Ecology,059-10.1890_14-1538.1,059-10.1890/14-1538.1,2015,11,33,3.0,ok
Ecology,060-10.1890_14-1992.1,060-10.1890/14-1992.1,2015,11,64,5.818,ok
Ecology,062-10.1890_15-0191.1,062-10.1890/15-0191.1,2015,11,38,3.455,ok
Ecology,10.1002_ecy.2015.96.10.i,10.1002/ecy.2015.96.10.i,2015,11,0,0.0,ok
Ecology,10.1002_ecy.2015.96.11.i,10.1002/ecy.2015.96.11.i,2015,11,0,0.0,ok
Ecology,10.1002_ecy.2015.96.2.i,10.1002/ecy.2015.96.2.i,2015,11,0,0.0,ok
Ecology,10.1002_ecy.2015.96.4.i,10.1002/ecy.2015.96.4.i,2015,11,0,0.0,ok
Ecology,10.1002_ecy.2015.96.5.i,10.1002/ecy.2015.96.5.i,2015,11,0,0.0,ok
Ecology,10.1002_ecy.2015.96.9.i,10.1002/ecy.2015.96.9.i,2015,11,0,0.0,ok
Ecology,Ecology - 2015 - Castorani - Connectivity structures local population dynamics  a long-term empirical test in a large,Ecology - 2015 - Castorani - Connectivity structures local population dynamics  a long-term empirical test in a large,2015,11,,,not_found
Ecology,Ecology - 2015 - Haslem - Landscape properties mediate the homogenization of bird assemblages during climatic extremes,Ecology - 2015 - Haslem - Landscape properties mediate the homogenization of bird assemblages during climatic extremes,2015,11,,,not_found
Ecology,Ecology - 2015 - Jardine - Reconciling the role of organic matter pathways in aquatic food webs by measuring multiple,Ecology - 2015 - Jardine - Reconciling the role of organic matter pathways in aquatic food webs by measuring multiple,2015,11,,,not_found
Ecology,Ecology - 2015 - Kenkel - Fine-scale environmental specialization of reef-building corals might be limiting reef recovery,Ecology - 2015 - Kenkel - Fine-scale environmental specialization of reef-building corals might be limiting reef recovery,2015,11,,,not_found
Ecology,Ecology - 2015 - Leibold - Species sorting and patch dynamics in harlequin metacommunities affect the relative importance,Ecology - 2015 - Leibold - Species sorting and patch dynamics in harlequin metacommunities affect the relative importance,2015,11,,,not_found
Ecology,Ecology - 2015 - Petraitis - Variation in recruitment and the establishment of alternative community states,Ecology - 2015 - Petraitis - Variation in recruitment and the establishment of alternative community states,2015,11,,,not_found
Ecology,Ecology - 2015 - Uszko - When is a type III functional response stabilizing  Theory and practice of predicting plankton,Ecology - 2015 - Uszko - When is a type III functional response stabilizing  Theory and practice of predicting plankton,2015,11,,,not_found
Ecology,10.1002_ecy.2969,10.1002/ecy.2969,2020,6,29,4.833,ok
Ecology,10.1002_ecy.2986,10.1002/ecy.2986,2020,6,33,5.5,ok
Ecology,10.1002_ecy.2995,10.1002/ecy.2995,2020,6,34,5.667,ok
Ecology,10.1002_ecy.3004,10.1002/ecy.3004,2020,6,33,5.5,ok
Ecology,10.1002_ecy.3008,10.1002/ecy.3008,2020,6,63,10.5,ok
Ecology,10.1002_ecy.3032,10.1002/ecy.3032,2020,6,2,0.333,ok
Ecology,10.1002_ecy.3045,10.1002/ecy.3045,2020,6,8,1.333,ok
Ecology,10.1002_ecy.3047,10.1002/ecy.3047,2020,6,36,6.0,ok
Ecology,10.1002_ecy.3051,10.1002/ecy.3051,2020,6,91,15.167,ok
Ecology,10.1002_ecy.3062,10.1002/ecy.3062,2020,6,28,4.667,ok
Ecology,10.1002_ecy.3066,10.1002/ecy.3066,2020,6,30,5.0,ok
Ecology,10.1002_ecy.3075,10.1002/ecy.3075,2020,6,11,1.833,ok
Ecology,10.1002_ecy.3084,10.1002/ecy.3084,2020,6,14,2.333,ok
Ecology,10.1002_ecy.3085,10.1002/ecy.3085,2020,6,9,1.5,ok
Ecology,10.1002_ecy.3094,10.1002/ecy.3094,2020,6,46,7.667,ok
Ecology,10.1002_ecy.3106,10.1002/ecy.3106,2020,6,12,2.0,ok
Ecology,10.1002_ecy.3117,10.1002/ecy.3117,2020,6,18,3.0,ok
Ecology,10.1002_ecy.3125,10.1002/ecy.3125,2020,6,3,0.5,ok
Ecology,10.1002_ecy.3129,10.1002/ecy.3129,2020,6,6,1.0,ok
Ecology,10.1002_ecy.3136,10.1002/ecy.3136,2020,6,23,3.833,ok
Ecology,10.1002_ecy.3139,10.1002/ecy.3139,2020,6,144,24.0,ok
Ecology,10.1002_ecy.3145,10.1002/ecy.3145,2020,6,16,2.667,ok
Ecology,10.1002_ecy.3151,10.1002/ecy.3151,2020,6,19,3.167,ok
Ecology,10.1002_ecy.3153,10.1002/ecy.3153,2020,6,195,32.5,ok
Ecology,10.1002_ecy.3157,10.1002/ecy.3157,2020,6,17,2.833,ok
Ecology,10.1002_ecy.3158,10.1002/ecy.3158,2020,6,34,5.667,ok
Ecology,10.1002_ecy.3159,10.1002/ecy.3159,2020,6,22,3.667,ok
Ecology,10.1002_ecy.3161,10.1002/ecy.3161,2020,6,18,3.0,ok
Ecology,10.1002_ecy.3167,10.1002/ecy.3167,2020,6,14,2.333,ok
Ecology,10.1002_ecy.3175,10.1002/ecy.3175,2020,6,19,3.167,ok
Ecology,10.1002_ecy.3177,10.1002/ecy.3177,2020,6,16,2.667,ok
Ecology,10.1002_ecy.3185,10.1002/ecy.3185,2020,6,33,5.5,ok
Ecology,10.1002_ecy.3186,10.1002/ecy.3186,2020,6,35,5.833,ok
Ecology,10.1002_ecy.3188,10.1002/ecy.3188,2020,6,26,4.333,ok
Ecology,081-10.1002_ecy.70070,081-10.1002/ecy.70070,2025,1,4,4.0,ok
Ecology,10.1002_ecy.4519,10.1002/ecy.4519,2025,1,7,7.0,ok
Ecology,10.1002_ecy.4521,10.1002/ecy.4521,2025,1,3,3.0,ok
Ecology,10.1002_ecy.70013,10.1002/ecy.70013,2025,1,8,8.0,ok
Ecology,10.1002_ecy.70028,10.1002/ecy.70028,2025,1,3,3.0,ok
Ecology,10.1002_ecy.70051,10.1002/ecy.70051,2025,1,1,1.0,ok
Ecology,10.1002_ecy.70058,10.1002/ecy.70058,2025,1,7,7.0,ok
Ecology,10.1002_ecy.70068,10.1002/ecy.70068,2025,1,3,3.0,ok
Ecology,10.1002_ecy.70107,10.1002/ecy.70107,2025,1,1,1.0,ok
Ecology,10.1002_ecy.70109,10.1002/ecy.70109,2025,1,6,6.0,ok
Ecology,10.1002_ecy.70110,10.1002/ecy.70110,2025,1,5,5.0,ok
Ecology,10.1002_ecy.70111,10.1002/ecy.70111,2025,1,0,0.0,ok
Ecology,10.1002_ecy.70129,10.1002/ecy.70129,2025,1,4,4.0,ok
Ecology,10.1002_ecy.70133,10.1002/ecy.70133,2025,1,4,4.0,ok
Ecology,10.1002_ecy.70138,10.1002/ecy.70138,2025,1,8,8.0,ok
Ecology,10.1002_ecy.70143,10.1002/ecy.70143,2025,1,3,3.0,ok
Ecology,10.1002_ecy.70161,10.1002/ecy.70161,2025,1,1,1.0,ok
Ecology,10.1002_ecy.70164,10.1002/ecy.70164,2025,1,9,9.0,ok
Ecology,10.1002_ecy.70172,10.1002/ecy.70172,2025,1,3,3.0,ok
Ecology,10.1002_ecy.70181,10.1002/ecy.70181,2025,1,2,2.0,ok
Ecology,10.1002_ecy.70182,10.1002/ecy.70182,2025,1,1,1.0,ok
Ecology,10.1002_ecy.70183,10.1002/ecy.70183,2025,1,5,5.0,ok
Ecology,10.1002_ecy.70185,10.1002/ecy.70185,2025,1,2,2.0,ok
Ecology,10.1002_ecy.70203,10.1002/ecy.70203,2025,1,0,0.0,ok
Ecology,10.1002_ecy.70213,10.1002/ecy.70213,2025,1,4,4.0,ok
Ecology,10.1002_ecy.70216,10.1002/ecy.70216,2025,1,2,2.0,ok
Ecology,10.1002_ecy.70219,10.1002/ecy.70219,2025,1,1,1.0,ok
Ecology,10.1002_ecy.70224,10.1002/ecy.70224,2025,1,2,2.0,ok
Ecology,10.1002_ecy.70232,10.1002/ecy.70232,2025,1,0,0.0,ok
Ecology,10.1002_ecy.70238,10.1002/ecy.70238,2025,1,0,0.0,ok
Ecology,10.1002_ecy.70240,10.1002/ecy.70240,2025,1,2,2.0,ok
Ecology,10.1002_ecy.70256,10.1002/ecy.70256,2025,1,2,2.0,ok
Ecology,10.1002_ecy.70258,10.1002/ecy.70258,2025,1,0,0.0,ok
Ecology,Ecology - 2025 - Fahey - Canopy complexity drives positive effects of tree diversity on productivity in two tree diversity,Ecology - 2025 - Fahey - Canopy complexity drives positive effects of tree diversity on productivity in two tree diversity,2025,1,,,not_found
Ecology,Ecology - 2025 - Tang - Ecological and anthropogenic drivers of local extinction and colonization of giant pandas over the,Ecology - 2025 - Tang - Ecological and anthropogenic drivers of local extinction and colonization of giant pandas over the,2025,1,,,not_found
Ecology,Ecology - 2025 - Tian - Assessing the seasonality of foliar nutrient concentrations in woody plants,Ecology - 2025 - Tian - Assessing the seasonality of foliar nutrient concentrations in woody plants,2025,1,,,not_found
Ecology,Ecology - 2025 - Zhang - Do wood-boring beetles influence the flammability of deadwood,Ecology - 2025 - Zhang - Do wood-boring beetles influence the flammability of deadwood,2025,1,,,not_found
Journal_of_Neuroscience_Research,10.1002_jnr.20379,10.1002/jnr.20379,2005,21,52,2.476,ok
Journal_of_Neuroscience_Research,10.1002_jnr.20393,10.1002/jnr.20393,2005,21,50,2.381,ok
Journal_of_Neuroscience_Research,10.1002_jnr.20405,10.1002/jnr.20405,2005,21,10,0.476,ok
Journal_of_Neuroscience_Research,10.1002_jnr.20420,10.1002/jnr.20420,2005,21,81,3.857,ok
Journal_of_Neuroscience_Research,10.1002_jnr.20423,10.1002/jnr.20423,2005,21,84,4.0,ok
Journal_of_Neuroscience_Research,10.1002_jnr.20438,10.1002/jnr.20438,2005,21,21,1.0,ok
Journal_of_Neuroscience_Research,10.1002_jnr.20445,10.1002/jnr.20445,2005,21,9,0.429,ok
Journal_of_Neuroscience_Research,10.1002_jnr.20464,10.1002/jnr.20464,2005,21,78,3.714,ok
Journal_of_Neuroscience_Research,10.1002_jnr.20480,10.1002/jnr.20480,2005,21,194,9.238,ok
Journal_of_Neuroscience_Research,10.1002_jnr.20493,10.1002/jnr.20493,2005,21,32,1.524,ok
Journal_of_Neuroscience_Research,10.1002_jnr.20498,10.1002/jnr.20498,2005,21,34,1.619,ok
Journal_of_Neuroscience_Research,10.1002_jnr.20508,10.1002/jnr.20508,2005,21,94,4.476,ok
Journal_of_Neuroscience_Research,10.1002_jnr.20511,10.1002/jnr.20511,2005,21,17,0.81,ok
Journal_of_Neuroscience_Research,10.1002_jnr.20518,10.1002/jnr.20518,2005,21,145,6.905,ok
Journal_of_Neuroscience_Research,10.1002_jnr.20521,10.1002/jnr.20521,2005,21,44,2.095,ok
Journal_of_Neuroscience_Research,10.1002_jnr.20529,10.1002/jnr.20529,2005,21,58,2.762,ok
Journal_of_Neuroscience_Research,10.1002_jnr.20541,10.1002/jnr.20541,2005,21,64,3.048,ok
Journal_of_Neuroscience_Research,10.1002_jnr.20547,10.1002/jnr.20547,2005,21,121,5.762,ok
Journal_of_Neuroscience_Research,10.1002_jnr.20572,10.1002/jnr.20572,2005,21,15,0.714,ok
Journal_of_Neuroscience_Research,10.1002_jnr.20576,10.1002/jnr.20576,2005,21,12,0.571,ok
Journal_of_Neuroscience_Research,10.1002_jnr.20584,10.1002/jnr.20584,2005,21,70,3.333,ok
Journal_of_Neuroscience_Research,10.1002_jnr.20589,10.1002/jnr.20589,2005,21,63,3.0,ok
Journal_of_Neuroscience_Research,10.1002_jnr.20618,10.1002/jnr.20618,2005,21,44,2.095,ok
Journal_of_Neuroscience_Research,10.1002_jnr.20619,10.1002/jnr.20619,2005,21,18,0.857,ok
Journal_of_Neuroscience_Research,10.1002_jnr.20620,10.1002/jnr.20620,2005,21,6,0.286,ok
Journal_of_Neuroscience_Research,10.1002_jnr.20623,10.1002/jnr.20623,2005,21,136,6.476,ok
Journal_of_Neuroscience_Research,10.1002_jnr.20624,10.1002/jnr.20624,2005,21,28,1.333,ok
Journal_of_Neuroscience_Research,10.1002_jnr.20645,10.1002/jnr.20645,2005,21,11,0.524,ok
Journal_of_Neuroscience_Research,10.1002_jnr.20657,10.1002/jnr.20657,2005,21,16,0.762,ok
Journal_of_Neuroscience_Research,10.1002_jnr.20665,10.1002/jnr.20665,2005,21,30,1.429,ok
Journal_of_Neuroscience_Research,10.1002_jnr.20686,10.1002/jnr.20686,2005,21,49,2.333,ok
Journal_of_Neuroscience_Research,10.1002_jnr.20691,10.1002/jnr.20691,2005,21,11,0.524,ok
Journal_of_Neuroscience_Research,10.1002_jnr.22323,10.1002/jnr.22323,2010,16,89,5.562,ok
Journal_of_Neuroscience_Research,10.1002_jnr.22338,10.1002/jnr.22338,2010,16,43,2.688,ok
Journal_of_Neuroscience_Research,10.1002_jnr.22340,10.1002/jnr.22340,2010,16,18,1.125,ok
Journal_of_Neuroscience_Research,10.1002_jnr.22345,10.1002/jnr.22345,2010,16,40,2.5,ok
Journal_of_Neuroscience_Research,10.1002_jnr.22354,10.1002/jnr.22354,2010,16,3,0.188,ok
Journal_of_Neuroscience_Research,10.1002_jnr.22355,10.1002/jnr.22355,2010,16,21,1.312,ok
Journal_of_Neuroscience_Research,10.1002_jnr.22363,10.1002/jnr.22363,2010,16,45,2.812,ok
Journal_of_Neuroscience_Research,10.1002_jnr.22366,10.1002/jnr.22366,2010,16,9,0.562,ok
Journal_of_Neuroscience_Research,10.1002_jnr.22371,10.1002/jnr.22371,2010,16,30,1.875,ok
Journal_of_Neuroscience_Research,10.1002_jnr.22375,10.1002/jnr.22375,2010,16,24,1.5,ok
Journal_of_Neuroscience_Research,10.1002_jnr.22379,10.1002/jnr.22379,2010,16,7,0.438,ok
Journal_of_Neuroscience_Research,10.1002_jnr.22395,10.1002/jnr.22395,2010,16,50,3.125,ok
Journal_of_Neuroscience_Research,10.1002_jnr.22397,10.1002/jnr.22397,2010,16,10,0.625,ok
Journal_of_Neuroscience_Research,10.1002_jnr.22398,10.1002/jnr.22398,2010,16,12,0.75,ok
Journal_of_Neuroscience_Research,10.1002_jnr.22402,10.1002/jnr.22402,2010,16,37,2.312,ok
Journal_of_Neuroscience_Research,10.1002_jnr.22418,10.1002/jnr.22418,2010,16,52,3.25,ok
Journal_of_Neuroscience_Research,10.1002_jnr.22421,10.1002/jnr.22421,2010,16,10,0.625,ok
Journal_of_Neuroscience_Research,10.1002_jnr.22422,10.1002/jnr.22422,2010,16,89,5.562,ok
Journal_of_Neuroscience_Research,10.1002_jnr.22433,10.1002/jnr.22433,2010,16,16,1.0,ok
Journal_of_Neuroscience_Research,10.1002_jnr.22439,10.1002/jnr.22439,2010,16,31,1.938,ok
Journal_of_Neuroscience_Research,10.1002_jnr.22444,10.1002/jnr.22444,2010,16,245,15.312,ok
Journal_of_Neuroscience_Research,10.1002_jnr.22450,10.1002/jnr.22450,2010,16,38,2.375,ok
Journal_of_Neuroscience_Research,10.1002_jnr.22454,10.1002/jnr.22454,2010,16,13,0.812,ok
Journal_of_Neuroscience_Research,10.1002_jnr.22460,10.1002/jnr.22460,2010,16,49,3.062,ok
Journal_of_Neuroscience_Research,10.1002_jnr.22463,10.1002/jnr.22463,2010,16,26,1.625,ok
Journal_of_Neuroscience_Research,10.1002_jnr.22465,10.1002/jnr.22465,2010,16,22,1.375,ok
Journal_of_Neuroscience_Research,10.1002_jnr.22466,10.1002/jnr.22466,2010,16,13,0.812,ok
Journal_of_Neuroscience_Research,10.1002_jnr.22467,10.1002/jnr.22467,2010,16,31,1.938,ok
Journal_of_Neuroscience_Research,10.1002_jnr.22469,10.1002/jnr.22469,2010,16,58,3.625,ok
Journal_of_Neuroscience_Research,10.1002_jnr.22473,10.1002/jnr.22473,2010,16,35,2.188,ok
Journal_of_Neuroscience_Research,10.1002_jnr.22491,10.1002/jnr.22491,2010,16,11,0.688,ok
Journal_of_Neuroscience_Research,10.1002_jnr.22492,10.1002/jnr.22492,2010,16,17,1.062,ok
Journal_of_Neuroscience_Research,10.1002_jnr.22495,10.1002/jnr.22495,2010,16,198,12.375,ok
Journal_of_Neuroscience_Research,10.1002_jnr.22499,10.1002/jnr.22499,2010,16,26,1.625,ok
Journal_of_Neuroscience_Research,10.1002_jnr.22504,10.1002/jnr.22504,2010,16,18,1.125,ok
Journal_of_Neuroscience_Research,10.1002_jnr.22513,10.1002/jnr.22513,2010,16,14,0.875,ok
Journal_of_Neuroscience_Research,10.1002_jnr.22519,10.1002/jnr.22519,2010,16,66,4.125,ok
Journal_of_Neuroscience_Research,10.1002_jnr.22528,10.1002/jnr.22528,2010,16,38,2.375,ok
Journal_of_Neuroscience_Research,10.1002_jnr.23538,10.1002/jnr.23538,2015,11,8,0.727,ok
Journal_of_Neuroscience_Research,10.1002_jnr.23541,10.1002/jnr.23541,2015,11,3,0.273,ok
Journal_of_Neuroscience_Research,10.1002_jnr.23543,10.1002/jnr.23543,2015,11,14,1.273,ok
Journal_of_Neuroscience_Research,10.1002_jnr.23546,10.1002/jnr.23546,2015,11,2,0.182,ok
Journal_of_Neuroscience_Research,10.1002_jnr.23547,10.1002/jnr.23547,2015,11,12,1.091,ok
Journal_of_Neuroscience_Research,10.1002_jnr.23549,10.1002/jnr.23549,2015,11,23,2.091,ok
Journal_of_Neuroscience_Research,10.1002_jnr.23551,10.1002/jnr.23551,2015,11,5,0.455,ok
Journal_of_Neuroscience_Research,10.1002_jnr.23556,10.1002/jnr.23556,2015,11,26,2.364,ok
Journal_of_Neuroscience_Research,10.1002_jnr.23561,10.1002/jnr.23561,2015,11,68,6.182,ok
Journal_of_Neuroscience_Research,10.1002_jnr.23568,10.1002/jnr.23568,2015,11,17,1.545,ok
Journal_of_Neuroscience_Research,10.1002_jnr.23571,10.1002/jnr.23571,2015,11,15,1.364,ok
Journal_of_Neuroscience_Research,10.1002_jnr.23572,10.1002/jnr.23572,2015,11,13,1.182,ok
Journal_of_Neuroscience_Research,10.1002_jnr.23573,10.1002/jnr.23573,2015,11,16,1.455,ok
Journal_of_Neuroscience_Research,10.1002_jnr.23580,10.1002/jnr.23580,2015,11,14,1.273,ok
Journal_of_Neuroscience_Research,10.1002_jnr.23583,10.1002/jnr.23583,2015,11,289,26.273,ok
Journal_of_Neuroscience_Research,10.1002_jnr.23585,10.1002/jnr.23585,2015,11,6,0.545,ok
Journal_of_Neuroscience_Research,10.1002_jnr.23589,10.1002/jnr.23589,2015,11,16,1.455,ok
Journal_of_Neuroscience_Research,10.1002_jnr.23590,10.1002/jnr.23590,2015,11,40,3.636,ok
Journal_of_Neuroscience_Research,10.1002_jnr.23593,10.1002/jnr.23593,2015,11,211,19.182,ok
Journal_of_Neuroscience_Research,10.1002_jnr.23594,10.1002/jnr.23594,2015,11,33,3.0,ok
Journal_of_Neuroscience_Research,10.1002_jnr.23595,10.1002/jnr.23595,2015,11,57,5.182,ok
Journal_of_Neuroscience_Research,10.1002_jnr.23596,10.1002/jnr.23596,2015,11,2,0.182,ok
Journal_of_Neuroscience_Research,10.1002_jnr.23599,10.1002/jnr.23599,2015,11,10,0.909,ok
Journal_of_Neuroscience_Research,10.1002_jnr.23602,10.1002/jnr.23602,2015,11,57,5.182,ok
Journal_of_Neuroscience_Research,10.1002_jnr.23609,10.1002/jnr.23609,2015,11,20,1.818,ok
Journal_of_Neuroscience_Research,10.1002_jnr.23612,10.1002/jnr.23612,2015,11,56,5.091,ok
Journal_of_Neuroscience_Research,10.1002_jnr.23618,10.1002/jnr.23618,2015,11,24,2.182,ok
Journal_of_Neuroscience_Research,10.1002_jnr.23619,10.1002/jnr.23619,2015,11,28,2.545,ok
Journal_of_Neuroscience_Research,10.1002_jnr.23621,10.1002/jnr.23621,2015,11,7,0.636,ok
Journal_of_Neuroscience_Research,10.1002_jnr.23626,10.1002/jnr.23626,2015,11,14,1.273,ok
Journal_of_Neuroscience_Research,10.1002_jnr.23631,10.1002/jnr.23631,2015,11,9,0.818,ok
Journal_of_Neuroscience_Research,10.1002_jnr.23666,10.1002/jnr.23666,2015,11,27,2.455,ok
Journal_of_Neuroscience_Research,10.1002_jnr.24579,10.1002/jnr.24579,2020,6,43,7.167,ok
Journal_of_Neuroscience_Research,10.1002_jnr.24590,10.1002/jnr.24590,2020,6,69,11.5,ok
Journal_of_Neuroscience_Research,10.1002_jnr.24597,10.1002/jnr.24597,2020,6,19,3.167,ok
Journal_of_Neuroscience_Research,10.1002_jnr.24601,10.1002/jnr.24601,2020,6,23,3.833,ok
Journal_of_Neuroscience_Research,10.1002_jnr.24609,10.1002/jnr.24609,2020,6,13,2.167,ok
Journal_of_Neuroscience_Research,10.1002_jnr.24619,10.1002/jnr.24619,2020,6,76,12.667,ok
Journal_of_Neuroscience_Research,10.1002_jnr.24630,10.1002/jnr.24630,2020,6,5,0.833,ok
Journal_of_Neuroscience_Research,10.1002_jnr.24637,10.1002/jnr.24637,2020,6,10,1.667,ok
Journal_of_Neuroscience_Research,10.1002_jnr.24639,10.1002/jnr.24639,2020,6,16,2.667,ok
Journal_of_Neuroscience_Research,10.1002_jnr.24649,10.1002/jnr.24649,2020,6,14,2.333,ok
Journal_of_Neuroscience_Research,10.1002_jnr.24651,10.1002/jnr.24651,2020,6,45,7.5,ok
Journal_of_Neuroscience_Research,10.1002_jnr.24665,10.1002/jnr.24665,2020,6,1,0.167,ok
Journal_of_Neuroscience_Research,10.1002_jnr.24677,10.1002/jnr.24677,2020,6,4,0.667,ok
Journal_of_Neuroscience_Research,10.1002_jnr.24684,10.1002/jnr.24684,2020,6,9,1.5,ok
Journal_of_Neuroscience_Research,10.1002_jnr.24687,10.1002/jnr.24687,2020,6,4,0.667,ok
Journal_of_Neuroscience_Research,10.1002_jnr.24692,10.1002/jnr.24692,2020,6,12,2.0,ok
Journal_of_Neuroscience_Research,10.1002_jnr.24698,10.1002/jnr.24698,2020,6,9,1.5,ok
Journal_of_Neuroscience_Research,10.1002_jnr.24711,10.1002/jnr.24711,2020,6,3,0.5,ok
Journal_of_Neuroscience_Research,10.1002_jnr.24713,10.1002/jnr.24713,2020,6,1,0.167,ok
Journal_of_Neuroscience_Research,10.1002_jnr.24717,10.1002/jnr.24717,2020,6,66,11.0,ok
Journal_of_Neuroscience_Research,10.1002_jnr.70016,10.1002/jnr.70016,2025,1,11,11.0,ok
Journal_of_Neuroscience_Research,10.1002_jnr.70022,10.1002/jnr.70022,2025,1,1,1.0,ok
Journal_of_Neuroscience_Research,10.1002_jnr.70027,10.1002/jnr.70027,2025,1,3,3.0,ok
Journal_of_Neuroscience_Research,10.1002_jnr.70043,10.1002/jnr.70043,2025,1,3,3.0,ok
Journal_of_Neuroscience_Research,10.1002_jnr.70044,10.1002/jnr.70044,2025,1,5,5.0,ok
Journal_of_Neuroscience_Research,10.1002_jnr.70050,10.1002/jnr.70050,2025,1,1,1.0,ok
Journal_of_Neuroscience_Research,10.1002_jnr.70051,10.1002/jnr.70051,2025,1,1,1.0,ok
Journal_of_Neuroscience_Research,10.1002_jnr.70052,10.1002/jnr.70052,2025,1,3,3.0,ok
Journal_of_Neuroscience_Research,10.1002_jnr.70053,10.1002/jnr.70053,2025,1,9,9.0,ok
Journal_of_Neuroscience_Research,10.1002_jnr.70055,10.1002/jnr.70055,2025,1,6,6.0,ok
Journal_of_Neuroscience_Research,10.1002_jnr.70061,10.1002/jnr.70061,2025,1,0,0.0,ok
Journal_of_Neuroscience_Research,10.1002_jnr.70062,10.1002/jnr.70062,2025,1,2,2.0,ok
Journal_of_Neuroscience_Research,10.1002_jnr.70065,10.1002/jnr.70065,2025,1,2,2.0,ok
Journal_of_Neuroscience_Research,10.1002_jnr.70070,10.1002/jnr.70070,2025,1,1,1.0,ok
Journal_of_Neuroscience_Research,10.1002_jnr.70071,10.1002/jnr.70071,2025,1,0,0.0,ok
Journal_of_Neuroscience_Research,10.1002_jnr.70078,10.1002/jnr.70078,2025,1,1,1.0,ok
Journal_of_Neuroscience_Research,10.1002_jnr.70081,10.1002/jnr.70081,2025,1,0,0.0,ok
Journal_of_Neuroscience_Research,10.1002_jnr.70083,10.1002/jnr.70083,2025,1,0,0.0,ok
Journal_of_Neuroscience_Research,10.1002_jnr.70088,10.1002/jnr.70088,2025,1,0,0.0,ok
Journal_of_Neuroscience_Research,10.1002_jnr.70090,10.1002/jnr.70090,2025,1,3,3.0,ok
Journal_of_Neuroscience_Research,10.1002_jnr.70091,10.1002/jnr.70091,2025,1,0,0.0,ok
Journal_of_Neuroscience_Research,10.1002_jnr.70092,10.1002/jnr.70092,2025,1,1,1.0,ok
Journal_of_Neuroscience_Research,10.1002_jnr.70093,10.1002/jnr.70093,2025,1,0,0.0,ok
Journal_of_Neuroscience_Research,10.1002_jnr.70094,10.1002/jnr.70094,2025,1,0,0.0,ok
Journal_of_Neuroscience_Research,10.1002_jnr.70098,10.1002/jnr.70098,2025,1,3,3.0,ok
Molecular_Ecology,10.1111_j.1365-294x.2005.02441.x,10.1111/j.1365-294x.2005.02441.x,2005,21,65,3.095,ok
Molecular_Ecology,10.1111_j.1365-294x.2005.02445.x,10.1111/j.1365-294x.2005.02445.x,2005,21,127,6.048,ok
Molecular_Ecology,10.1111_j.1365-294x.2005.02448.x,10.1111/j.1365-294x.2005.02448.x,2005,21,174,8.286,ok
Molecular_Ecology,10.1111_j.1365-294x.2005.02453.x,10.1111/j.1365-294x.2005.02453.x,2005,21,67,3.19,ok
Molecular_Ecology,10.1111_j.1365-294x.2005.02458.x,10.1111/j.1365-294x.2005.02458.x,2005,21,10,0.476,ok
Molecular_Ecology,10.1111_j.1365-294x.2005.02459.x,10.1111/j.1365-294x.2005.02459.x,2005,21,19,0.905,ok
Molecular_Ecology,10.1111_j.1365-294x.2005.02477.x,10.1111/j.1365-294x.2005.02477.x,2005,21,60,2.857,ok
Molecular_Ecology,10.1111_j.1365-294x.2005.02484.x,10.1111/j.1365-294x.2005.02484.x,2005,21,98,4.667,ok
Molecular_Ecology,10.1111_j.1365-294x.2005.02498.x,10.1111/j.1365-294x.2005.02498.x,2005,21,98,4.667,ok
Molecular_Ecology,10.1111_j.1365-294x.2005.02528.x,10.1111/j.1365-294x.2005.02528.x,2005,21,73,3.476,ok
Molecular_Ecology,10.1111_j.1365-294x.2005.02559.x,10.1111/j.1365-294x.2005.02559.x,2005,21,40,1.905,ok
Molecular_Ecology,10.1111_j.1365-294x.2005.02566.x,10.1111/j.1365-294x.2005.02566.x,2005,21,132,6.286,ok
Molecular_Ecology,10.1111_j.1365-294x.2005.02589.x,10.1111/j.1365-294x.2005.02589.x,2005,21,73,3.476,ok
Molecular_Ecology,10.1111_j.1365-294x.2005.02632.x,10.1111/j.1365-294x.2005.02632.x,2005,21,197,9.381,ok
Molecular_Ecology,10.1111_j.1365-294x.2005.02633.x,10.1111/j.1365-294x.2005.02633.x,2005,21,91,4.333,ok
Molecular_Ecology,10.1111_j.1365-294x.2005.02634.x,10.1111/j.1365-294x.2005.02634.x,2005,21,90,4.286,ok
Molecular_Ecology,10.1111_j.1365-294x.2005.02642.x,10.1111/j.1365-294x.2005.02642.x,2005,21,11,0.524,ok
Molecular_Ecology,10.1111_j.1365-294x.2005.02667.x,10.1111/j.1365-294x.2005.02667.x,2005,21,38,1.81,ok
Molecular_Ecology,10.1111_j.1365-294x.2005.02719.x,10.1111/j.1365-294x.2005.02719.x,2005,21,72,3.429,ok
Molecular_Ecology,10.1111_j.1365-294x.2005.02726.x,10.1111/j.1365-294x.2005.02726.x,2005,21,57,2.714,ok
Molecular_Ecology,10.1111_j.1365-294x.2005.02730.x,10.1111/j.1365-294x.2005.02730.x,2005,21,127,6.048,ok
Molecular_Ecology,10.1111_j.1365-294x.2005.02733.x,10.1111/j.1365-294x.2005.02733.x,2005,21,33,1.571,ok
Molecular_Ecology,10.1111_j.1365-294x.2005.02741.x,10.1111/j.1365-294x.2005.02741.x,2005,21,66,3.143,ok
Molecular_Ecology,10.1111_j.1365-294x.2009.04444.x,10.1111/j.1365-294x.2009.04444.x,2010,16,81,5.062,ok
Molecular_Ecology,10.1111_j.1365-294x.2009.04520.x,10.1111/j.1365-294x.2009.04520.x,2010,16,74,4.625,ok
Molecular_Ecology,10.1111_j.1365-294x.2010.04534.x,10.1111/j.1365-294x.2010.04534.x,2010,16,147,9.188,ok
Molecular_Ecology,10.1111_j.1365-294x.2010.04536.x,10.1111/j.1365-294x.2010.04536.x,2010,16,2,0.125,ok
Molecular_Ecology,10.1111_j.1365-294x.2010.04583.x,10.1111/j.1365-294x.2010.04583.x,2010,16,20,1.25,ok
Molecular_Ecology,10.1111_j.1365-294x.2010.04584.x,10.1111/j.1365-294x.2010.04584.x,2010,16,47,2.938,ok
Molecular_Ecology,10.1111_j.1365-294x.2010.04591.x,10.1111/j.1365-294x.2010.04591.x,2010,16,18,1.125,ok
Molecular_Ecology,10.1111_j.1365-294x.2010.04611.x,10.1111/j.1365-294x.2010.04611.x,2010,16,84,5.25,ok
Molecular_Ecology,10.1111_j.1365-294x.2010.04630.x,10.1111/j.1365-294x.2010.04630.x,2010,16,41,2.562,ok
Molecular_Ecology,10.1111_j.1365-294x.2010.04667.x,10.1111/j.1365-294x.2010.04667.x,2010,16,17,1.062,ok
Molecular_Ecology,10.1111_j.1365-294x.2010.04688.x,10.1111/j.1365-294x.2010.04688.x,2010,16,1051,65.688,ok
Molecular_Ecology,10.1111_j.1365-294x.2010.04694.x,10.1111/j.1365-294x.2010.04694.x,2010,16,125,7.812,ok
Molecular_Ecology,10.1111_j.1365-294x.2010.04700.x,10.1111/j.1365-294x.2010.04700.x,2010,16,27,1.688,ok
Molecular_Ecology,10.1111_j.1365-294x.2010.04752.x,10.1111/j.1365-294x.2010.04752.x,2010,16,25,1.562,ok
Molecular_Ecology,10.1111_j.1365-294x.2010.04788.x,10.1111/j.1365-294x.2010.04788.x,2010,16,69,4.312,ok
Molecular_Ecology,10.1111_j.1365-294x.2010.04791.x,10.1111/j.1365-294x.2010.04791.x,2010,16,181,11.312,ok
Molecular_Ecology,10.1111_j.1365-294x.2010.04795.x,10.1111/j.1365-294x.2010.04795.x,2010,16,40,2.5,ok
Molecular_Ecology,10.1111_j.1365-294x.2010.04812.x,10.1111/j.1365-294x.2010.04812.x,2010,16,6,0.375,ok
Molecular_Ecology,10.1111_j.1365-294x.2010.04817.x,10.1111/j.1365-294x.2010.04817.x,2010,16,43,2.688,ok
Molecular_Ecology,10.1111_j.1365-294x.2010.04822.x,10.1111/j.1365-294x.2010.04822.x,2010,16,125,7.812,ok
Molecular_Ecology,10.1111_j.1365-294x.2010.04824.x,10.1111/j.1365-294x.2010.04824.x,2010,16,50,3.125,ok
Molecular_Ecology,10.1111_j.1365-294x.2010.04896.x,10.1111/j.1365-294x.2010.04896.x,2010,16,27,1.688,ok
Molecular_Ecology,10.1111_mec.13030,10.1111/mec.13030,2015,11,18,1.636,ok
Molecular_Ecology,10.1111_mec.13042,10.1111/mec.13042,2015,11,35,3.182,ok
Molecular_Ecology,10.1111_mec.13051,10.1111/mec.13051,2015,11,192,17.455,ok
Molecular_Ecology,10.1111_mec.13061,10.1111/mec.13061,2015,11,73,6.636,ok
Molecular_Ecology,10.1111_mec.13065,10.1111/mec.13065,2015,11,42,3.818,ok
Molecular_Ecology,10.1111_mec.13072,10.1111/mec.13072,2015,11,44,4.0,ok
Molecular_Ecology,10.1111_mec.13087,10.1111/mec.13087,2015,11,196,17.818,ok
Molecular_Ecology,10.1111_mec.13099,10.1111/mec.13099,2015,11,45,4.091,ok
Molecular_Ecology,10.1111_mec.13150,10.1111/mec.13150,2015,11,124,11.273,ok
Molecular_Ecology,10.1111_mec.13154,10.1111/mec.13154,2015,11,195,17.727,ok
Molecular_Ecology,10.1111_mec.13168,10.1111/mec.13168,2015,11,87,7.909,ok
Molecular_Ecology,10.1111_mec.13229,10.1111/mec.13229,2015,11,22,2.0,ok
Molecular_Ecology,10.1111_mec.13310,10.1111/mec.13310,2015,11,33,3.0,ok
Molecular_Ecology,10.1111_mec.13314,10.1111/mec.13314,2015,11,86,7.818,ok
Molecular_Ecology,10.1111_mec.13319,10.1111/mec.13319,2015,11,119,10.818,ok
Molecular_Ecology,10.1111_mec.13400,10.1111/mec.13400,2015,11,289,26.273,ok
Molecular_Ecology,10.1111_mec.13409,10.1111/mec.13409,2015,11,111,10.091,ok
Molecular_Ecology,10.1111_mec.13435,10.1111/mec.13435,2015,11,52,4.727,ok
Molecular_Ecology,10.1111_mec.13444,10.1111/mec.13444,2015,11,75,6.818,ok
Molecular_Ecology,10.1111_mec.13479,10.1111/mec.13479,2015,11,58,5.273,ok
Molecular_Ecology,10.1111_mec.15326,10.1111/mec.15326,2020,6,31,5.167,ok
Molecular_Ecology,10.1111_mec.15337,10.1111/mec.15337,2020,6,111,18.5,ok
Molecular_Ecology,10.1111_mec.15350,10.1111/mec.15350,2020,6,48,8.0,ok
Molecular_Ecology,10.1111_mec.15383,10.1111/mec.15383,2020,6,18,3.0,ok
Molecular_Ecology,10.1111_mec.15396,10.1111/mec.15396,2020,6,25,4.167,ok
Molecular_Ecology,10.1111_mec.15424,10.1111/mec.15424,2020,6,40,6.667,ok
Molecular_Ecology,10.1111_mec.15428,10.1111/mec.15428,2020,6,197,32.833,ok
Molecular_Ecology,10.1111_mec.15436,10.1111/mec.15436,2020,6,2,0.333,ok
Molecular_Ecology,10.1111_mec.15454,10.1111/mec.15454,2020,6,65,10.833,ok
Molecular_Ecology,10.1111_mec.15462,10.1111/mec.15462,2020,6,50,8.333,ok
Molecular_Ecology,10.1111_mec.15475,10.1111/mec.15475,2020,6,26,4.333,ok
Molecular_Ecology,10.1111_mec.15493,10.1111/mec.15493,2020,6,36,6.0,ok
Molecular_Ecology,10.1111_mec.15526,10.1111/mec.15526,2020,6,79,13.167,ok
Molecular_Ecology,10.1111_mec.15559,10.1111/mec.15559,2020,6,33,5.5,ok
Molecular_Ecology,10.1111_mec.15562,10.1111/mec.15562,2020,6,27,4.5,ok
Molecular_Ecology,10.1111_mec.15568,10.1111/mec.15568,2020,6,12,2.0,ok
Molecular_Ecology,10.1111_mec.15577,10.1111/mec.15577,2020,6,3,0.5,ok
Molecular_Ecology,10.1111_mec.15578,10.1111/mec.15578,2020,6,3,0.5,ok
Molecular_Ecology,10.1111_mec.15596,10.1111/mec.15596,2020,6,50,8.333,ok
Molecular_Ecology,10.1111_mec.15617,10.1111/mec.15617,2020,6,33,5.5,ok
Molecular_Ecology,10.1111_mec.15668,10.1111/mec.15668,2020,6,34,5.667,ok
Molecular_Ecology,10.1111_mec.15697,10.1111/mec.15697,2020,6,4,0.667,ok
Molecular_Ecology,10.1111_mec.17640,10.1111/mec.17640,2025,1,5,5.0,ok
Molecular_Ecology,10.1111_mec.17659,10.1111/mec.17659,2025,1,2,2.0,ok
Molecular_Ecology,10.1111_mec.17661,10.1111/mec.17661,2025,1,3,3.0,ok
Molecular_Ecology,10.1111_mec.17662,10.1111/mec.17662,2025,1,8,8.0,ok
Molecular_Ecology,10.1111_mec.17679,10.1111/mec.17679,2025,1,0,0.0,ok
Molecular_Ecology,10.1111_mec.17718,10.1111/mec.17718,2025,1,5,5.0,ok
Molecular_Ecology,10.1111_mec.17730,10.1111/mec.17730,2025,1,10,10.0,ok
Molecular_Ecology,10.1111_mec.17735,10.1111/mec.17735,2025,1,4,4.0,ok
Molecular_Ecology,10.1111_mec.17752,10.1111/mec.17752,2025,1,1,1.0,ok
Molecular_Ecology,10.1111_mec.17756,10.1111/mec.17756,2025,1,9,9.0,ok
Molecular_Ecology,10.1111_mec.17757,10.1111/mec.17757,2025,1,5,5.0,ok
Molecular_Ecology,10.1111_mec.17762,10.1111/mec.17762,2025,1,13,13.0,ok
Molecular_Ecology,10.1111_mec.17773,10.1111/mec.17773,2025,1,4,4.0,ok
Molecular_Ecology,10.1111_mec.70013,10.1111/mec.70013,2025,1,4,4.0,ok
Molecular_Ecology,10.1111_mec.70019,10.1111/mec.70019,2025,1,7,7.0,ok
Molecular_Ecology,10.1111_mec.70028,10.1111/mec.70028,2025,1,3,3.0,ok
Molecular_Ecology,10.1111_mec.70046,10.1111/mec.70046,2025,1,7,7.0,ok
Molecular_Ecology,10.1111_mec.70076,10.1111/mec.70076,2025,1,1,1.0,ok
Molecular_Ecology,10.1111_mec.70084,10.1111/mec.70084,2025,1,1,1.0,ok
Molecular_Ecology,10.1111_mec.70149,10.1111/mec.70149,2025,1,1,1.0,ok
Molecular_Ecology,10.1111_mec.70151,10.1111/mec.70151,2025,1,0,0.0,ok
Molecular_Ecology,10.1111_mec.70159,10.1111/mec.70159,2025,1,0,0.0,ok
Molecular_Ecology,10.1111_mec.70186,10.1111/mec.70186,2025,1,1,1.0,ok
Molecular_Microbiology,10.1111_j.1365-2958.2004.04465.x,10.1111/j.1365-2958.2004.04465.x,2005,21,196,9.333,ok
Molecular_Microbiology,10.1111_j.1365-2958.2004.04474.x,10.1111/j.1365-2958.2004.04474.x,2005,21,114,5.429,ok
Molecular_Microbiology,10.1111_j.1365-2958.2004.04529.x,10.1111/j.1365-2958.2004.04529.x,2005,21,75,3.571,ok
Molecular_Microbiology,10.1111_j.1365-2958.2005.04417.x,10.1111/j.1365-2958.2005.04417.x,2005,21,6,0.286,ok
Molecular_Microbiology,10.1111_j.1365-2958.2005.04473.x,10.1111/j.1365-2958.2005.04473.x,2005,21,83,3.952,ok
Molecular_Microbiology,10.1111_j.1365-2958.2005.04480.x,10.1111/j.1365-2958.2005.04480.x,2005,21,7,0.333,ok
Molecular_Microbiology,10.1111_j.1365-2958.2005.04485.x,10.1111/j.1365-2958.2005.04485.x,2005,21,95,4.524,ok
Molecular_Microbiology,10.1111_j.1365-2958.2005.04494.x,10.1111/j.1365-2958.2005.04494.x,2005,21,26,1.238,ok
Molecular_Microbiology,10.1111_j.1365-2958.2005.04514.x,10.1111/j.1365-2958.2005.04514.x,2005,21,71,3.381,ok
Molecular_Microbiology,10.1111_j.1365-2958.2005.04534.x,10.1111/j.1365-2958.2005.04534.x,2005,21,106,5.048,ok
Molecular_Microbiology,10.1111_j.1365-2958.2005.04545.x,10.1111/j.1365-2958.2005.04545.x,2005,21,79,3.762,ok
Molecular_Microbiology,10.1111_j.1365-2958.2005.04555.x,10.1111/j.1365-2958.2005.04555.x,2005,21,115,5.476,ok
Molecular_Microbiology,10.1111_j.1365-2958.2005.04567.x,10.1111/j.1365-2958.2005.04567.x,2005,21,108,5.143,ok
Molecular_Microbiology,10.1111_j.1365-2958.2005.04571.x,10.1111/j.1365-2958.2005.04571.x,2005,21,101,4.81,ok
Molecular_Microbiology,10.1111_j.1365-2958.2005.04582.x,10.1111/j.1365-2958.2005.04582.x,2005,21,33,1.571,ok
Molecular_Microbiology,10.1111_j.1365-2958.2005.04605.x,10.1111/j.1365-2958.2005.04605.x,2005,21,189,9.0,ok
Molecular_Microbiology,10.1111_j.1365-2958.2005.04607.x,10.1111/j.1365-2958.2005.04607.x,2005,21,17,0.81,ok
Molecular_Microbiology,10.1111_j.1365-2958.2005.04638.x,10.1111/j.1365-2958.2005.04638.x,2005,21,80,3.81,ok
Molecular_Microbiology,10.1111_j.1365-2958.2005.04653.x,10.1111/j.1365-2958.2005.04653.x,2005,21,87,4.143,ok
Molecular_Microbiology,10.1111_j.1365-2958.2005.04661.x,10.1111/j.1365-2958.2005.04661.x,2005,21,53,2.524,ok
Molecular_Microbiology,10.1111_j.1365-2958.2005.04691.x,10.1111/j.1365-2958.2005.04691.x,2005,21,76,3.619,ok
Molecular_Microbiology,10.1111_j.1365-2958.2005.04700.x,10.1111/j.1365-2958.2005.04700.x,2005,21,135,6.429,ok
Molecular_Microbiology,10.1111_j.1365-2958.2005.04726.x,10.1111/j.1365-2958.2005.04726.x,2005,21,7,0.333,ok
Molecular_Microbiology,10.1111_j.1365-2958.2005.04744.x,10.1111/j.1365-2958.2005.04744.x,2005,21,105,5.0,ok
Molecular_Microbiology,10.1111_j.1365-2958.2005.04763.x,10.1111/j.1365-2958.2005.04763.x,2005,21,41,1.952,ok
Molecular_Microbiology,10.1111_j.1365-2958.2005.04780.x,10.1111/j.1365-2958.2005.04780.x,2005,21,104,4.952,ok
Molecular_Microbiology,10.1111_j.1365-2958.2005.04802.x,10.1111/j.1365-2958.2005.04802.x,2005,21,118,5.619,ok
Molecular_Microbiology,10.1111_j.1365-2958.2005.04815.x,10.1111/j.1365-2958.2005.04815.x,2005,21,16,0.762,ok
Molecular_Microbiology,10.1111_j.1365-2958.2005.04819.x,10.1111/j.1365-2958.2005.04819.x,2005,21,85,4.048,ok
Molecular_Microbiology,10.1111_j.1365-2958.2005.04820.x,10.1111/j.1365-2958.2005.04820.x,2005,21,28,1.333,ok
Molecular_Microbiology,10.1111_j.1365-2958.2005.04840.x,10.1111/j.1365-2958.2005.04840.x,2005,21,51,2.429,ok
Molecular_Microbiology,10.1111_j.1365-2958.2005.04858.x,10.1111/j.1365-2958.2005.04858.x,2005,21,122,5.81,ok
Molecular_Microbiology,10.1111_j.1365-2958.2005.04862.x,10.1111/j.1365-2958.2005.04862.x,2005,21,55,2.619,ok
Molecular_Microbiology,10.1111_j.1365-2958.2005.04887.x,10.1111/j.1365-2958.2005.04887.x,2005,21,106,5.048,ok
Molecular_Microbiology,10.1111_j.1365-2958.2005.04891.x,10.1111/j.1365-2958.2005.04891.x,2005,21,65,3.095,ok
Molecular_Microbiology,10.1111_j.1365-2958.2005.04902.x,10.1111/j.1365-2958.2005.04902.x,2005,21,331,15.762,ok
Molecular_Microbiology,10.1111_j.1365-2958.2009.06957.x,10.1111/j.1365-2958.2009.06957.x,2010,16,124,7.75,ok
Molecular_Microbiology,10.1111_j.1365-2958.2009.06965.x,10.1111/j.1365-2958.2009.06965.x,2010,16,46,2.875,ok
Molecular_Microbiology,10.1111_j.1365-2958.2009.06969.x,10.1111/j.1365-2958.2009.06969.x,2010,16,234,14.625,ok
Molecular_Microbiology,10.1111_j.1365-2958.2009.06989.x,10.1111/j.1365-2958.2009.06989.x,2010,16,87,5.438,ok
Molecular_Microbiology,10.1111_j.1365-2958.2009.06999.x,10.1111/j.1365-2958.2009.06999.x,2010,16,82,5.125,ok
Molecular_Microbiology,10.1111_j.1365-2958.2009.07000.x,10.1111/j.1365-2958.2009.07000.x,2010,16,30,1.875,ok
Molecular_Microbiology,10.1111_j.1365-2958.2009.07002.x,10.1111/j.1365-2958.2009.07002.x,2010,16,73,4.562,ok
Molecular_Microbiology,10.1111_j.1365-2958.2009.07016.x,10.1111/j.1365-2958.2009.07016.x,2010,16,16,1.0,ok
Molecular_Microbiology,10.1111_j.1365-2958.2009.07019.x,10.1111/j.1365-2958.2009.07019.x,2010,16,50,3.125,ok
Molecular_Microbiology,10.1111_j.1365-2958.2010.07048.x,10.1111/j.1365-2958.2010.07048.x,2010,16,72,4.5,ok
Molecular_Microbiology,10.1111_j.1365-2958.2010.07057.x,10.1111/j.1365-2958.2010.07057.x,2010,16,30,1.875,ok
Molecular_Microbiology,10.1111_j.1365-2958.2010.07070.x,10.1111/j.1365-2958.2010.07070.x,2010,16,69,4.312,ok
Molecular_Microbiology,10.1111_j.1365-2958.2010.07077.x,10.1111/j.1365-2958.2010.07077.x,2010,16,51,3.188,ok
Molecular_Microbiology,10.1111_j.1365-2958.2010.07100.x,10.1111/j.1365-2958.2010.07100.x,2010,16,25,1.562,ok
Molecular_Microbiology,10.1111_j.1365-2958.2010.07144.x,10.1111/j.1365-2958.2010.07144.x,2010,16,31,1.938,ok
Molecular_Microbiology,10.1111_j.1365-2958.2010.07164.x,10.1111/j.1365-2958.2010.07164.x,2010,16,88,5.5,ok
Molecular_Microbiology,10.1111_j.1365-2958.2010.07191.x,10.1111/j.1365-2958.2010.07191.x,2010,16,84,5.25,ok
Molecular_Microbiology,10.1111_j.1365-2958.2010.07199.x,10.1111/j.1365-2958.2010.07199.x,2010,16,70,4.375,ok
Molecular_Microbiology,10.1111_j.1365-2958.2010.07201.x,10.1111/j.1365-2958.2010.07201.x,2010,16,116,7.25,ok
Molecular_Microbiology,10.1111_j.1365-2958.2010.07205.x,10.1111/j.1365-2958.2010.07205.x,2010,16,94,5.875,ok
Molecular_Microbiology,10.1111_j.1365-2958.2010.07213.x,10.1111/j.1365-2958.2010.07213.x,2010,16,70,4.375,ok
Molecular_Microbiology,10.1111_j.1365-2958.2010.07220.x,10.1111/j.1365-2958.2010.07220.x,2010,16,69,4.312,ok
Molecular_Microbiology,10.1111_j.1365-2958.2010.07227.x,10.1111/j.1365-2958.2010.07227.x,2010,16,57,3.562,ok
Molecular_Microbiology,10.1111_j.1365-2958.2010.07296.x,10.1111/j.1365-2958.2010.07296.x,2010,16,79,4.938,ok
Molecular_Microbiology,10.1111_j.1365-2958.2010.07301.x,10.1111/j.1365-2958.2010.07301.x,2010,16,66,4.125,ok
Molecular_Microbiology,10.1111_j.1365-2958.2010.07306.x,10.1111/j.1365-2958.2010.07306.x,2010,16,75,4.688,ok
Molecular_Microbiology,10.1111_j.1365-2958.2010.07307.x,10.1111/j.1365-2958.2010.07307.x,2010,16,225,14.062,ok
Molecular_Microbiology,10.1111_j.1365-2958.2010.07310.x,10.1111/j.1365-2958.2010.07310.x,2010,16,89,5.562,ok
Molecular_Microbiology,10.1111_j.1365-2958.2010.07349.x,10.1111/j.1365-2958.2010.07349.x,2010,16,10,0.625,ok
Molecular_Microbiology,10.1111_j.1365-2958.2010.07360.x,10.1111/j.1365-2958.2010.07360.x,2010,16,93,5.812,ok
Molecular_Microbiology,10.1111_j.1365-2958.2010.07382.x,10.1111/j.1365-2958.2010.07382.x,2010,16,47,2.938,ok
Molecular_Microbiology,10.1111_j.1365-2958.2010.07384.x,10.1111/j.1365-2958.2010.07384.x,2010,16,100,6.25,ok
Molecular_Microbiology,10.1111_j.1365-2958.2010.07394.x,10.1111/j.1365-2958.2010.07394.x,2010,16,55,3.438,ok
Molecular_Microbiology,10.1111_j.1365-2958.2010.07395.x,10.1111/j.1365-2958.2010.07395.x,2010,16,24,1.5,ok
Molecular_Microbiology,10.1111_j.1365-2958.2010.07406.x,10.1111/j.1365-2958.2010.07406.x,2010,16,87,5.438,ok
Molecular_Microbiology,10.1111_j.1365-2958.2010.07410.x,10.1111/j.1365-2958.2010.07410.x,2010,16,43,2.688,ok
Molecular_Microbiology,10.1111_mmi.12900,10.1111/mmi.12900,2015,11,19,1.727,ok
Molecular_Microbiology,10.1111_mmi.12918,10.1111/mmi.12918,2015,11,133,12.091,ok
Molecular_Microbiology,10.1111_mmi.12922,10.1111/mmi.12922,2015,11,20,1.818,ok
Molecular_Microbiology,10.1111_mmi.12923,10.1111/mmi.12923,2015,11,30,2.727,ok
Molecular_Microbiology,10.1111_mmi.12936,10.1111/mmi.12936,2015,11,22,2.0,ok
Molecular_Microbiology,10.1111_mmi.12950,10.1111/mmi.12950,2015,11,11,1.0,ok
Molecular_Microbiology,10.1111_mmi.12959,10.1111/mmi.12959,2015,11,24,2.182,ok
Molecular_Microbiology,10.1111_mmi.12976,10.1111/mmi.12976,2015,11,11,1.0,ok
Molecular_Microbiology,10.1111_mmi.12993,10.1111/mmi.12993,2015,11,64,5.818,ok
Molecular_Microbiology,10.1111_mmi.13004,10.1111/mmi.13004,2015,11,36,3.273,ok
Molecular_Microbiology,10.1111_mmi.13010,10.1111/mmi.13010,2015,11,73,6.636,ok
Molecular_Microbiology,10.1111_mmi.13013,10.1111/mmi.13013,2015,11,16,1.455,ok
Molecular_Microbiology,10.1111_mmi.13018,10.1111/mmi.13018,2015,11,81,7.364,ok
Molecular_Microbiology,10.1111_mmi.13019,10.1111/mmi.13019,2015,11,82,7.455,ok
Molecular_Microbiology,10.1111_mmi.13022,10.1111/mmi.13022,2015,11,59,5.364,ok
Molecular_Microbiology,10.1111_mmi.13030,10.1111/mmi.13030,2015,11,54,4.909,ok
Molecular_Microbiology,10.1111_mmi.13046,10.1111/mmi.13046,2015,11,29,2.636,ok
Molecular_Microbiology,10.1111_mmi.13049,10.1111/mmi.13049,2015,11,39,3.545,ok
Molecular_Microbiology,10.1111_mmi.13060,10.1111/mmi.13060,2015,11,94,8.545,ok
Molecular_Microbiology,10.1111_mmi.13063,10.1111/mmi.13063,2015,11,7,0.636,ok
Molecular_Microbiology,10.1111_mmi.13086,10.1111/mmi.13086,2015,11,34,3.091,ok
Molecular_Microbiology,10.1111_mmi.13088,10.1111/mmi.13088,2015,11,56,5.091,ok
Molecular_Microbiology,10.1111_mmi.13112,10.1111/mmi.13112,2015,11,21,1.909,ok
Molecular_Microbiology,10.1111_mmi.13119,10.1111/mmi.13119,2015,11,42,3.818,ok
Molecular_Microbiology,10.1111_mmi.13120,10.1111/mmi.13120,2015,11,61,5.545,ok
Molecular_Microbiology,10.1111_mmi.13121,10.1111/mmi.13121,2015,11,75,6.818,ok
Molecular_Microbiology,10.1111_mmi.13145,10.1111/mmi.13145,2015,11,117,10.636,ok
Molecular_Microbiology,10.1111_mmi.13160,10.1111/mmi.13160,2015,11,30,2.727,ok
Molecular_Microbiology,10.1111_mmi.13172,10.1111/mmi.13172,2015,11,46,4.182,ok
Molecular_Microbiology,10.1111_mmi.14460,10.1111/mmi.14460,2020,6,18,3.0,ok
Molecular_Microbiology,10.1111_mmi.14461,10.1111/mmi.14461,2020,6,85,14.167,ok
Molecular_Microbiology,10.1111_mmi.14474,10.1111/mmi.14474,2020,6,70,11.667,ok
Molecular_Microbiology,10.1111_mmi.14477,10.1111/mmi.14477,2020,6,18,3.0,ok
Molecular_Microbiology,10.1111_mmi.14484,10.1111/mmi.14484,2020,6,8,1.333,ok
Molecular_Microbiology,10.1111_mmi.14489,10.1111/mmi.14489,2020,6,14,2.333,ok
Molecular_Microbiology,10.1111_mmi.14498,10.1111/mmi.14498,2020,6,28,4.667,ok
Molecular_Microbiology,10.1111_mmi.14500,10.1111/mmi.14500,2020,6,15,2.5,ok
Molecular_Microbiology,10.1111_mmi.14507,10.1111/mmi.14507,2020,6,27,4.5,ok
Molecular_Microbiology,10.1111_mmi.14508,10.1111/mmi.14508,2020,6,25,4.167,ok
Molecular_Microbiology,10.1111_mmi.14511,10.1111/mmi.14511,2020,6,39,6.5,ok
Molecular_Microbiology,10.1111_mmi.14512,10.1111/mmi.14512,2020,6,58,9.667,ok
Molecular_Microbiology,10.1111_mmi.14515,10.1111/mmi.14515,2020,6,12,2.0,ok
Molecular_Microbiology,10.1111_mmi.14516,10.1111/mmi.14516,2020,6,33,5.5,ok
Molecular_Microbiology,10.1111_mmi.14522,10.1111/mmi.14522,2020,6,240,40.0,ok
Molecular_Microbiology,10.1111_mmi.14530,10.1111/mmi.14530,2020,6,29,4.833,ok
Molecular_Microbiology,10.1111_mmi.14532,10.1111/mmi.14532,2020,6,1,0.167,ok
Molecular_Microbiology,10.1111_mmi.14559,10.1111/mmi.14559,2020,6,32,5.333,ok
Molecular_Microbiology,10.1111_mmi.14577,10.1111/mmi.14577,2020,6,8,1.333,ok
Molecular_Microbiology,10.1111_mmi.14583,10.1111/mmi.14583,2020,6,23,3.833,ok
Molecular_Microbiology,10.1111_mmi.14588,10.1111/mmi.14588,2020,6,17,2.833,ok
Molecular_Microbiology,10.1111_mmi.14594,10.1111/mmi.14594,2020,6,54,9.0,ok
Molecular_Microbiology,10.1111_mmi.15338,10.1111/mmi.15338,2025,1,3,3.0,ok
Molecular_Microbiology,10.1111_mmi.15339,10.1111/mmi.15339,2025,1,1,1.0,ok
Molecular_Microbiology,10.1111_mmi.15340,10.1111/mmi.15340,2025,1,4,4.0,ok
Molecular_Microbiology,10.1111_mmi.15343,10.1111/mmi.15343,2025,1,2,2.0,ok
Molecular_Microbiology,10.1111_mmi.15345,10.1111/mmi.15345,2025,1,3,3.0,ok
Molecular_Microbiology,10.1111_mmi.15346,10.1111/mmi.15346,2025,1,2,2.0,ok
Molecular_Microbiology,10.1111_mmi.15348,10.1111/mmi.15348,2025,1,2,2.0,ok
Molecular_Microbiology,10.1111_mmi.15350,10.1111/mmi.15350,2025,1,13,13.0,ok
Molecular_Microbiology,10.1111_mmi.15355,10.1111/mmi.15355,2025,1,0,0.0,ok
Molecular_Microbiology,10.1111_mmi.15356,10.1111/mmi.15356,2025,1,2,2.0,ok
Molecular_Microbiology,10.1111_mmi.15357,10.1111/mmi.15357,2025,1,0,0.0,ok
Molecular_Microbiology,10.1111_mmi.15359,10.1111/mmi.15359,2025,1,1,1.0,ok
Molecular_Microbiology,10.1111_mmi.15360,10.1111/mmi.15360,2025,1,0,0.0,ok
Molecular_Microbiology,10.1111_mmi.15361,10.1111/mmi.15361,2025,1,1,1.0,ok
Molecular_Microbiology,10.1111_mmi.15369,10.1111/mmi.15369,2025,1,1,1.0,ok
Molecular_Microbiology,10.1111_mmi.15370,10.1111/mmi.15370,2025,1,16,16.0,ok
Molecular_Microbiology,10.1111_mmi.15373,10.1111/mmi.15373,2025,1,5,5.0,ok
Molecular_Microbiology,10.1111_mmi.15376,10.1111/mmi.15376,2025,1,2,2.0,ok
Molecular_Microbiology,10.1111_mmi.15377,10.1111/mmi.15377,2025,1,1,1.0,ok
Molecular_Microbiology,10.1111_mmi.15378,10.1111/mmi.15378,2025,1,1,1.0,ok
Molecular_Microbiology,10.1111_mmi.70000,10.1111/mmi.70000,2025,1,13,13.0,ok
Molecular_Microbiology,10.1111_mmi.70002,10.1111/mmi.70002,2025,1,3,3.0,ok
Molecular_Microbiology,10.1111_mmi.70006,10.1111/mmi.70006,2025,1,1,1.0,ok
Molecular_Microbiology,10.1111_mmi.70008,10.1111/mmi.70008,2025,1,5,5.0,ok
Molecular_Microbiology,10.1111_mmi.70012,10.1111/mmi.70012,2025,1,0,0.0,ok
Molecular_Microbiology,10.1111_mmi.70014,10.1111/mmi.70014,2025,1,2,2.0,ok
Molecular_Microbiology,10.1111_mmi.70016,10.1111/mmi.70016,2025,1,2,2.0,ok
Molecular_Microbiology,10.1111_mmi.70020,10.1111/mmi.70020,2025,1,2,2.0,ok
Molecular_Microbiology,10.1111_mmi.70024,10.1111/mmi.70024,2025,1,2,2.0,ok
Molecular_Microbiology,10.1111_mmi.70030,10.1111/mmi.70030,2025,1,2,2.0,ok
