journal,paper_id
Cancer,10.1002_cncr.20745
Cancer,10.1002_cncr.20771
Cancer,10.1002_cncr.20792
Cancer,10.1002_cncr.20795
Cancer,10.1002_cncr.20871
Cancer,10.1002_cncr.20887
Cancer,10.1002_cncr.20902
Cancer,10.1002_cncr.20903
Cancer,10.1002_cncr.20914
Cancer,10.1002_cncr.20915
Cancer,10.1002_cncr.20935
Cancer,10.1002_cncr.20945
Cancer,10.1002_cncr.20949
Cancer,10.1002_cncr.20951
Cancer,10.1002_cncr.21003
Cancer,10.1002_cncr.21030
Cancer,10.1002_cncr.21048
Cancer,10.1002_cncr.21054
Cancer,10.1002_cncr.21118
Cancer,10.1002_cncr.21156
Cancer,10.1002_cncr.21169
Cancer,10.1002_cncr.21184
Cancer,10.1002_cncr.21256
Cancer,10.1002_cncr.21259
Cancer,10.1002_cncr.21265
Cancer,10.1002_cncr.21266
Cancer,10.1002_cncr.21303
Cancer,10.1002_cncr.21313
Cancer,10.1002_cncr.21331
Cancer,10.1002_cncr.21334
Cancer,10.1002_cncr.21344
Cancer,10.1002_cncr.21347
Cancer,10.1002_cncr.21373
Cancer,10.1002_cncr.21394
Cancer,10.1002_cncr.21462
Cancer,10.1002_cncr.21485
Cancer,10.1002_cncr.21496
Cancer,10.1002_cncr.21504
Cancer,10.1002_cncr.21574
Cancer,10.1002_cncr.21589
Cancer,10.1002_cncr.24794
Cancer,10.1002_cncr.24857
Cancer,10.1002_cncr.24862
Cancer,10.1002_cncr.24877
Cancer,10.1002_cncr.24884
Cancer,10.1002_cncr.24887
Cancer,10.1002_cncr.24900
Cancer,10.1002_cncr.24917
Cancer,10.1002_cncr.24925
Cancer,10.1002_cncr.24943
Cancer,10.1002_cncr.24946
Cancer,10.1002_cncr.24973
Cancer,10.1002_cncr.24991
Cancer,10.1002_cncr.24992
Cancer,10.1002_cncr.25016
Cancer,10.1002_cncr.25028
Cancer,10.1002_cncr.25047
Cancer,10.1002_cncr.25125
Cancer,10.1002_cncr.25142
Cancer,10.1002_cncr.25170
Cancer,10.1002_cncr.25180
Cancer,10.1002_cncr.25207
Cancer,10.1002_cncr.25209
Cancer,10.1002_cncr.25211
Cancer,10.1002_cncr.25239
Cancer,10.1002_cncr.25280
Cancer,10.1002_cncr.25366
Cancer,10.1002_cncr.25411
Cancer,10.1002_cncr.25414
Cancer,10.1002_cncr.25417
Cancer,10.1002_cncr.25426
Cancer,10.1002_cncr.25454
Cancer,10.1002_cncr.25486
Cancer,10.1002_cncr.25561
Cancer,10.1002_cncr.2820710206
Cancer,10.1002_cncr.29235
Cancer,10.1002_cncr.29238
Cancer,10.1002_cncr.29288
Cancer,10.1002_cncr.29297
Cancer,10.1002_cncr.29302
Cancer,10.1002_cncr.29309
Cancer,10.1002_cncr.29325
Cancer,10.1002_cncr.29334
Cancer,10.1002_cncr.29338
Cancer,10.1002_cncr.29350
Cancer,10.1002_cncr.29379
Cancer,10.1002_cncr.29389
Cancer,10.1002_cncr.29400
Cancer,10.1002_cncr.29402
Cancer,10.1002_cncr.29408
Cancer,10.1002_cncr.29409
Cancer,10.1002_cncr.29415
Cancer,10.1002_cncr.29425
Cancer,10.1002_cncr.29461
Cancer,10.1002_cncr.29478
Cancer,10.1002_cncr.29482
Cancer,10.1002_cncr.29488
Cancer,10.1002_cncr.29494
Cancer,10.1002_cncr.29513
Cancer,10.1002_cncr.29539
Cancer,10.1002_cncr.29548
Cancer,10.1002_cncr.29604
Cancer,10.1002_cncr.29642
Cancer,10.1002_cncr.29757
Cancer,10.1002_cncr.32678
Cancer,10.1002_cncr.32693
Cancer,10.1002_cncr.32743
Cancer,10.1002_cncr.32785
Cancer,10.1002_cncr.32792
Cancer,10.1002_cncr.32794
Cancer,10.1002_cncr.32807
Cancer,10.1002_cncr.32808
Cancer,10.1002_cncr.32812
Cancer,10.1002_cncr.32815
Cancer,10.1002_cncr.32851
Cancer,10.1002_cncr.32901
Cancer,10.1002_cncr.32921
Cancer,10.1002_cncr.32926
Cancer,10.1002_cncr.32976
Cancer,10.1002_cncr.32996
Cancer,10.1002_cncr.33041
Cancer,10.1002_cncr.33050
Cancer,10.1002_cncr.33054
Cancer,10.1002_cncr.33069
Cancer,10.1002_cncr.33072
Cancer,10.1002_cncr.33078
Cancer,10.1002_cncr.33110
Cancer,10.1002_cncr.33181
Cancer,10.1002_cncr.33196
Cancer,10.1002_cncr.33210
Cancer,10.1002_cncr.33233
Cancer,10.1002_cncr.33277
Cancer,10.1002_cncr.35677
Cancer,10.1002_cncr.35686
Cancer,10.1002_cncr.35694
Cancer,10.1002_cncr.35707
Cancer,10.1002_cncr.35744
Cancer,10.1002_cncr.35761
Cancer,10.1002_cncr.35771
Cancer,10.1002_cncr.35774
Cancer,10.1002_cncr.35780
Cancer,10.1002_cncr.35793
Cancer,10.1002_cncr.35799
Cancer,10.1002_cncr.35801
Cancer,10.1002_cncr.35836
Cancer,10.1002_cncr.35845
Cancer,10.1002_cncr.35870
Cancer,10.1002_cncr.35898
Cancer,10.1002_cncr.35914
Cancer,10.1002_cncr.35918
Cancer,10.1002_cncr.35929
Cancer,10.1002_cncr.35946
Cancer,10.1002_cncr.70002
Cancer,10.1002_cncr.70028
Cancer,10.1002_cncr.70038
Cancer,10.1002_cncr.70064
Cancer,10.1002_cncr.70085
Cancer,10.1002_cncr.70093
Cancer,10.1002_cncr.70133
Cancer,10.1002_cncr.70157
Cancer,10.1002_cncr.70168
Cancer,10.1002_cncr.70204
Cancer,10.1002_cncr.70211
Clinical_Genetics,10.1111_cge.12534
Clinical_Genetics,10.1111_cge.12536
Clinical_Genetics,10.1111_cge.12548
Clinical_Genetics,10.1111_cge.12550
Clinical_Genetics,10.1111_cge.12551
Clinical_Genetics,10.1111_cge.12552
Clinical_Genetics,10.1111_cge.12553
Clinical_Genetics,10.1111_cge.12557
Clinical_Genetics,10.1111_cge.12560
Clinical_Genetics,10.1111_cge.12561
Clinical_Genetics,10.1111_cge.12563
Clinical_Genetics,10.1111_cge.12568
Clinical_Genetics,10.1111_cge.12580
Clinical_Genetics,10.1111_cge.12583
Clinical_Genetics,10.1111_cge.12584
Clinical_Genetics,10.1111_cge.12611
Clinical_Genetics,10.1111_cge.12615
Clinical_Genetics,10.1111_cge.12624
Clinical_Genetics,10.1111_cge.12634
Clinical_Genetics,10.1111_cge.12637
Clinical_Genetics,10.1111_cge.12681
Clinical_Genetics,10.1111_cge.13691
Clinical_Genetics,10.1111_cge.13694
Clinical_Genetics,10.1111_cge.13700
Clinical_Genetics,10.1111_cge.13702
Clinical_Genetics,10.1111_cge.13705
Clinical_Genetics,10.1111_cge.13712
Clinical_Genetics,10.1111_cge.13722
Clinical_Genetics,10.1111_cge.13731
Clinical_Genetics,10.1111_cge.13736
Clinical_Genetics,10.1111_cge.13738
Clinical_Genetics,10.1111_cge.13739
Clinical_Genetics,10.1111_cge.13740
Clinical_Genetics,10.1111_cge.13756
Clinical_Genetics,10.1111_cge.13765
Clinical_Genetics,10.1111_cge.13773
Clinical_Genetics,10.1111_cge.13793
Clinical_Genetics,10.1111_cge.13801
Clinical_Genetics,10.1111_cge.13804
Clinical_Genetics,10.1111_cge.13812
Clinical_Genetics,10.1111_cge.13813
Clinical_Genetics,10.1111_cge.13814
Clinical_Genetics,10.1111_cge.13822
Clinical_Genetics,10.1111_cge.13824
Clinical_Genetics,10.1111_cge.13826
Clinical_Genetics,10.1111_cge.13834
Clinical_Genetics,10.1111_cge.14692
Clinical_Genetics,10.1111_cge.14697
Clinical_Genetics,10.1111_cge.14698
Clinical_Genetics,10.1111_cge.14703
Clinical_Genetics,10.1111_cge.14709
Clinical_Genetics,10.1111_cge.14713
Clinical_Genetics,10.1111_cge.14719
Clinical_Genetics,10.1111_cge.14725
Clinical_Genetics,10.1111_cge.14737
Clinical_Genetics,10.1111_cge.14744
Clinical_Genetics,10.1111_cge.14746
Clinical_Genetics,10.1111_cge.14748
Clinical_Genetics,10.1111_cge.14764
Clinical_Genetics,10.1111_cge.14769
Clinical_Genetics,10.1111_cge.14773
Clinical_Genetics,10.1111_cge.14774
Clinical_Genetics,10.1111_cge.14778
Clinical_Genetics,10.1111_cge.14782
Clinical_Genetics,10.1111_cge.14783
Clinical_Genetics,10.1111_cge.70007
Clinical_Genetics,10.1111_cge.70025
Clinical_Genetics,10.1111_cge.70054
Clinical_Genetics,10.1111_cge.70066
Clinical_Genetics,10.1111_j.1399-0004.2004.00400.x
Clinical_Genetics,10.1111_j.1399-0004.2005.00401.x
Clinical_Genetics,10.1111_j.1399-0004.2005.00406.x
Clinical_Genetics,10.1111_j.1399-0004.2005.00413.x
Clinical_Genetics,10.1111_j.1399-0004.2005.00415.x
Clinical_Genetics,10.1111_j.1399-0004.2005.00419.x
Clinical_Genetics,10.1111_j.1399-0004.2005.00424.x
Clinical_Genetics,10.1111_j.1399-0004.2005.00425.x
Clinical_Genetics,10.1111_j.1399-0004.2005.00445.x
Clinical_Genetics,10.1111_j.1399-0004.2005.00450.x
Clinical_Genetics,10.1111_j.1399-0004.2005.00455.x
Clinical_Genetics,10.1111_j.1399-0004.2005.00461.x
Clinical_Genetics,10.1111_j.1399-0004.2005.00469.x
Clinical_Genetics,10.1111_j.1399-0004.2005.00471.x
Clinical_Genetics,10.1111_j.1399-0004.2005.00480.x
Clinical_Genetics,10.1111_j.1399-0004.2005.00483.x
Clinical_Genetics,10.1111_j.1399-0004.2005.00504.x
Clinical_Genetics,10.1111_j.1399-0004.2005.00527.x
Clinical_Genetics,10.1111_j.1399-0004.2005.0430a.x
Clinical_Genetics,10.1111_j.1399-0004.2005.0453a.x
Clinical_Genetics,10.1111_j.1399-0004.2005.0473b.x
Clinical_Genetics,10.1111_j.1399-0004.2005.0473d.x
Clinical_Genetics,10.1111_j.1399-0004.2005.0479b.x
Clinical_Genetics,10.1111_j.1399-0004.2005.0526b.x
Clinical_Genetics,10.1111_j.1399-0004.2005.0526c.x
Clinical_Genetics,10.1111_j.1399-0004.2009.01302.x
Clinical_Genetics,10.1111_j.1399-0004.2009.01315.x
Clinical_Genetics,10.1111_j.1399-0004.2009.01325.x
Clinical_Genetics,10.1111_j.1399-0004.2009.01329.x
Clinical_Genetics,10.1111_j.1399-0004.2009.01343.x
Clinical_Genetics,10.1111_j.1399-0004.2009.01357.x
Clinical_Genetics,10.1111_j.1399-0004.2009.01365_3.x
Clinical_Genetics,10.1111_j.1399-0004.2009.01366_1.x
Clinical_Genetics,10.1111_j.1399-0004.2010.01370.x
Clinical_Genetics,10.1111_j.1399-0004.2010.01374.x
Clinical_Genetics,10.1111_j.1399-0004.2010.01380.x
Clinical_Genetics,10.1111_j.1399-0004.2010.01388.x
Clinical_Genetics,10.1111_j.1399-0004.2010.01391.x
Clinical_Genetics,10.1111_j.1399-0004.2010.01397.x
Clinical_Genetics,10.1111_j.1399-0004.2010.01403.x
Clinical_Genetics,10.1111_j.1399-0004.2010.01404.x
Clinical_Genetics,10.1111_j.1399-0004.2010.01417.x
Clinical_Genetics,10.1111_j.1399-0004.2010.01424.x
Clinical_Genetics,10.1111_j.1399-0004.2010.01452_3.x
Clinical_Genetics,10.1111_j.1399-0004.2010.01530_2.x
Clinical_Genetics,10.1111_j.1399-0004.2010.01530_3.x
Clinical_Genetics,10.1111_j.1399-0004.2010.01559.x
Clinical_Genetics,10.1111_j.1399-0004.2010.01566.x
Clinical_Genetics,10.1111_j.1399-0004.2010.01571.x
Clinical_Genetics,10.1111_j.1399-0004.2010.01584.x
Developmental_Dynamics,10.1002_dvdy.143
Developmental_Dynamics,10.1002_dvdy.147
Developmental_Dynamics,10.1002_dvdy.150
Developmental_Dynamics,10.1002_dvdy.158
Developmental_Dynamics,10.1002_dvdy.160
Developmental_Dynamics,10.1002_dvdy.174
Developmental_Dynamics,10.1002_dvdy.175
Developmental_Dynamics,10.1002_dvdy.176
Developmental_Dynamics,10.1002_dvdy.179
Developmental_Dynamics,10.1002_dvdy.180
Developmental_Dynamics,10.1002_dvdy.181
Developmental_Dynamics,10.1002_dvdy.183
Developmental_Dynamics,10.1002_dvdy.195
Developmental_Dynamics,10.1002_dvdy.20225
Developmental_Dynamics,10.1002_dvdy.20227
Developmental_Dynamics,10.1002_dvdy.20254
Developmental_Dynamics,10.1002_dvdy.20288
Developmental_Dynamics,10.1002_dvdy.20290
Developmental_Dynamics,10.1002_dvdy.20291
Developmental_Dynamics,10.1002_dvdy.20307
Developmental_Dynamics,10.1002_dvdy.20313
Developmental_Dynamics,10.1002_dvdy.20318
Developmental_Dynamics,10.1002_dvdy.20322
Developmental_Dynamics,10.1002_dvdy.20345
Developmental_Dynamics,10.1002_dvdy.20348
Developmental_Dynamics,10.1002_dvdy.20359
Developmental_Dynamics,10.1002_dvdy.20364
Developmental_Dynamics,10.1002_dvdy.20382
Developmental_Dynamics,10.1002_dvdy.20391
Developmental_Dynamics,10.1002_dvdy.20409
Developmental_Dynamics,10.1002_dvdy.20434
Developmental_Dynamics,10.1002_dvdy.20435
Developmental_Dynamics,10.1002_dvdy.20436
Developmental_Dynamics,10.1002_dvdy.20444
Developmental_Dynamics,10.1002_dvdy.20454
Developmental_Dynamics,10.1002_dvdy.20464
Developmental_Dynamics,10.1002_dvdy.20470
Developmental_Dynamics,10.1002_dvdy.20474
Developmental_Dynamics,10.1002_dvdy.20494
Developmental_Dynamics,10.1002_dvdy.20502
Developmental_Dynamics,10.1002_dvdy.20503
Developmental_Dynamics,10.1002_dvdy.20506
Developmental_Dynamics,10.1002_dvdy.20508
Developmental_Dynamics,10.1002_dvdy.20554
Developmental_Dynamics,10.1002_dvdy.20560
Developmental_Dynamics,10.1002_dvdy.20563
Developmental_Dynamics,10.1002_dvdy.20581
Developmental_Dynamics,10.1002_dvdy.20625
Developmental_Dynamics,10.1002_dvdy.208
Developmental_Dynamics,10.1002_dvdy.212
Developmental_Dynamics,10.1002_dvdy.213
Developmental_Dynamics,10.1002_dvdy.215
Developmental_Dynamics,10.1002_dvdy.218
Developmental_Dynamics,10.1002_dvdy.22161
Developmental_Dynamics,10.1002_dvdy.22172
Developmental_Dynamics,10.1002_dvdy.22186
Developmental_Dynamics,10.1002_dvdy.22189
Developmental_Dynamics,10.1002_dvdy.22190
Developmental_Dynamics,10.1002_dvdy.22192
Developmental_Dynamics,10.1002_dvdy.222
Developmental_Dynamics,10.1002_dvdy.22206
Developmental_Dynamics,10.1002_dvdy.22213
Developmental_Dynamics,10.1002_dvdy.22214
Developmental_Dynamics,10.1002_dvdy.22220
Developmental_Dynamics,10.1002_dvdy.22238
Developmental_Dynamics,10.1002_dvdy.22253
Developmental_Dynamics,10.1002_dvdy.22255
Developmental_Dynamics,10.1002_dvdy.22264
Developmental_Dynamics,10.1002_dvdy.22265
Developmental_Dynamics,10.1002_dvdy.22270
Developmental_Dynamics,10.1002_dvdy.22277
Developmental_Dynamics,10.1002_dvdy.22281
Developmental_Dynamics,10.1002_dvdy.22302
Developmental_Dynamics,10.1002_dvdy.22305
Developmental_Dynamics,10.1002_dvdy.22316
Developmental_Dynamics,10.1002_dvdy.22317
Developmental_Dynamics,10.1002_dvdy.22325
Developmental_Dynamics,10.1002_dvdy.22328
Developmental_Dynamics,10.1002_dvdy.22344
Developmental_Dynamics,10.1002_dvdy.22356
Developmental_Dynamics,10.1002_dvdy.22374
Developmental_Dynamics,10.1002_dvdy.224
Developmental_Dynamics,10.1002_dvdy.22428
Developmental_Dynamics,10.1002_dvdy.22433
Developmental_Dynamics,10.1002_dvdy.22434
Developmental_Dynamics,10.1002_dvdy.22442
Developmental_Dynamics,10.1002_dvdy.22468
Developmental_Dynamics,10.1002_dvdy.22484
Developmental_Dynamics,10.1002_dvdy.234
Developmental_Dynamics,10.1002_dvdy.24192
Developmental_Dynamics,10.1002_dvdy.242
Developmental_Dynamics,10.1002_dvdy.24232
Developmental_Dynamics,10.1002_dvdy.24243
Developmental_Dynamics,10.1002_dvdy.24248
Developmental_Dynamics,10.1002_dvdy.24252
Developmental_Dynamics,10.1002_dvdy.24255
Developmental_Dynamics,10.1002_dvdy.24256
Developmental_Dynamics,10.1002_dvdy.24265
Developmental_Dynamics,10.1002_dvdy.24274
Developmental_Dynamics,10.1002_dvdy.24277
Developmental_Dynamics,10.1002_dvdy.24281
Developmental_Dynamics,10.1002_dvdy.24282
Developmental_Dynamics,10.1002_dvdy.24284
Developmental_Dynamics,10.1002_dvdy.24286
Developmental_Dynamics,10.1002_dvdy.24288
Developmental_Dynamics,10.1002_dvdy.24303
Developmental_Dynamics,10.1002_dvdy.24305
Developmental_Dynamics,10.1002_dvdy.24306
Developmental_Dynamics,10.1002_dvdy.24312
Developmental_Dynamics,10.1002_dvdy.24315
Developmental_Dynamics,10.1002_dvdy.24316
Developmental_Dynamics,10.1002_dvdy.24317
Developmental_Dynamics,10.1002_dvdy.24321
Developmental_Dynamics,10.1002_dvdy.24322
Developmental_Dynamics,10.1002_dvdy.24336
Developmental_Dynamics,10.1002_dvdy.24337
Developmental_Dynamics,10.1002_dvdy.24338
Developmental_Dynamics,10.1002_dvdy.70000
Developmental_Dynamics,10.1002_dvdy.70001
Developmental_Dynamics,10.1002_dvdy.70008
Developmental_Dynamics,10.1002_dvdy.70015
Developmental_Dynamics,10.1002_dvdy.70028
Developmental_Dynamics,10.1002_dvdy.70041
Developmental_Dynamics,10.1002_dvdy.70051
Developmental_Dynamics,10.1002_dvdy.70090
Developmental_Dynamics,10.1002_dvdy.70108
Developmental_Dynamics,10.1002_dvdy.763
Developmental_Dynamics,10.1002_dvdy.765
Developmental_Dynamics,10.1002_dvdy.766
Developmental_Dynamics,10.1002_dvdy.771
Ecology,001-10.1890_05-0195
Ecology,003-10.1890_04-1400
Ecology,007-10.1890_04-1920
Ecology,009-10.1890_03-0290
Ecology,010-10.1890_03-3187
Ecology,011-10.1890_09-1849
Ecology,012-10.1890_04-1237
Ecology,012-10.1890_09-0339
Ecology,013-10.1890_08-1868.1
Ecology,014-10.1890_05-0479
Ecology,014-10.1890_08-1375.1
Ecology,015-10.1890_0012-9658-91.6.1869
Ecology,015-10.1890_04-1122
Ecology,016-10.1890_04-1078
Ecology,016-10.1890_09-0332.1
Ecology,017-10.1890_04-1710
Ecology,018-10.1890_04-0410
Ecology,018-10.1890_09-0543.1
Ecology,019-10.1890_10-0807.1
Ecology,020-10.1890_04-1700
Ecology,021-10.1890_09-1849
Ecology,022-10.1890_09-0339
Ecology,023-10.1890_08-1868.1
Ecology,024-10.1890_08-1375.1
Ecology,025-10.1890_0012-9658-91.6.1869
Ecology,026-10.1890_09-0332.1
Ecology,028-10.1890_09-0543.1
Ecology,029-10.1890_10-0807.1
Ecology,032-10.1890_09-0017.1
Ecology,033-10.1890_09-0330.1
Ecology,034-10.1890_08-1634.1
Ecology,035-10.1890_09-1236.1
Ecology,036-10.1890_09-1968.1
Ecology,038-10.1890_08-2317.1
Ecology,039-10.1890_08-2323
Ecology,040-10.1890_09-0554.1
Ecology,042-10.1890_14-1526.1
Ecology,043-10.1890_15-0300.1
Ecology,044-10.1890_14-1531.1
Ecology,045-10.1890_14-1311.1
Ecology,047-10.1890_14-0487.1
Ecology,048-10.1890_14-0774.1
Ecology,049-10.1890_14-0595.1
Ecology,050-10.1890_14-1124.1
Ecology,051-10.1890_14-0391.1
Ecology,053-10.1890_14-1687.1
Ecology,054-10.1890_14-0550.1
Ecology,055-10.1890_14-2205.1
Ecology,056-10.1890_15-0188.1
Ecology,057-10.1890_14-0014.1
Ecology,058-10.1890_14-2228.1
Ecology,059-10.1890_14-1538.1
Ecology,060-10.1890_14-1992.1
Ecology,062-10.1890_15-0191.1
Ecology,081-10.1002_ecy.70070
Ecology,10.1002_ecy.2015.96.10.i
Ecology,10.1002_ecy.2015.96.11.i
Ecology,10.1002_ecy.2015.96.2.i
Ecology,10.1002_ecy.2015.96.4.i
Ecology,10.1002_ecy.2015.96.5.i
Ecology,10.1002_ecy.2015.96.9.i
Ecology,10.1002_ecy.2969
Ecology,10.1002_ecy.2986
Ecology,10.1002_ecy.2995
Ecology,10.1002_ecy.3004
Ecology,10.1002_ecy.3008
Ecology,10.1002_ecy.3032
Ecology,10.1002_ecy.3045
Ecology,10.1002_ecy.3047
Ecology,10.1002_ecy.3051
Ecology,10.1002_ecy.3062
Ecology,10.1002_ecy.3066
Ecology,10.1002_ecy.3075
Ecology,10.1002_ecy.3084
Ecology,10.1002_ecy.3085
Ecology,10.1002_ecy.3094
Ecology,10.1002_ecy.3106
Ecology,10.1002_ecy.3117
Ecology,10.1002_ecy.3125
Ecology,10.1002_ecy.3129
Ecology,10.1002_ecy.3136
Ecology,10.1002_ecy.3139
Ecology,10.1002_ecy.3145
Ecology,10.1002_ecy.3151
Ecology,10.1002_ecy.3153
Ecology,10.1002_ecy.3157
Ecology,10.1002_ecy.3158
Ecology,10.1002_ecy.3159
Ecology,10.1002_ecy.3161
Ecology,10.1002_ecy.3167
Ecology,10.1002_ecy.3175
Ecology,10.1002_ecy.3177
Ecology,10.1002_ecy.3185
Ecology,10.1002_ecy.3186
Ecology,10.1002_ecy.3188
Ecology,10.1002_ecy.4519
Ecology,10.1002_ecy.4521
Ecology,10.1002_ecy.70013
Ecology,10.1002_ecy.70024
Ecology,10.1002_ecy.70028
Ecology,10.1002_ecy.70051
Ecology,10.1002_ecy.70058
Ecology,10.1002_ecy.70068
Ecology,10.1002_ecy.70107
Ecology,10.1002_ecy.70109
Ecology,10.1002_ecy.70110
Ecology,10.1002_ecy.70111
Ecology,10.1002_ecy.70129
Ecology,10.1002_ecy.70133
Ecology,10.1002_ecy.70138
Ecology,10.1002_ecy.70143
Ecology,10.1002_ecy.70161
Ecology,10.1002_ecy.70164
Ecology,10.1002_ecy.70172
Ecology,10.1002_ecy.70181
Ecology,10.1002_ecy.70182
Ecology,10.1002_ecy.70183
Ecology,10.1002_ecy.70185
Ecology,10.1002_ecy.70203
Ecology,10.1002_ecy.70213
Ecology,10.1002_ecy.70216
Ecology,10.1002_ecy.70219
Ecology,10.1002_ecy.70224
Ecology,10.1002_ecy.70232
Ecology,10.1002_ecy.70238
Ecology,10.1002_ecy.70240
Ecology,10.1002_ecy.70256
Ecology,10.1002_ecy.70258
Ecology,Ecology - 2000 - Fox - MATERNAL EFFECTS MEDIATE HOST EXPANSION IN ASEED-FEEDING BEETLE
Ecology,Ecology - 2000 - Herrera - FLOWER-TO-SEEDLING CONSEQUENCES OF DIFFERENT POLLINATION REGIMES IN AN INSECT-POLLINATED SHRUB
Ecology,Ecology - 2000 - Knops - DYNAMICS OF SOIL NITROGEN AND CARBON ACCUMULATION FOR 61 YEARS AFTER AGRICULTURAL ABANDONMENT
Ecology,Ecology - 2000 - Mothershead - FITNESS IMPACTS OF HERBIVORY THROUGH INDIRECT EFFECTS ON PLANT POLLINATOR INTERACTIONS IN
Ecology,Ecology - 2000 - Mutikainen - HERBIVORE RESISTANCE IN BETULA PENDULA  EFFECT OF FERTILIZATION  DEFOLIATION  AND PLANT
Ecology,Ecology - 2000 - Oedekoven - PLANT QUALITY AND SPIDER PREDATION AFFECTS GRASSHOPPERS  ACRIDIDAE   FOOD-QUALITY-DEPENDENT
Ecology,Ecology - 2000 - Sirotnak - DIRECT AND INDIRECT EFFECTS OF HERBIVORES ON NITROGEN DYNAMICS  VOLES IN RIPARIAN AREAS
Ecology,Ecology - 2000 - Sterner - CARBON  NITROGEN  AND PHOSPHORUS STOICHIOMETRY OF CYPRINID FISHES
Ecology,Ecology - 2000 - Woods - DYNAMICS IN LATE-SUCCESSIONAL HEMLOCK HARDWOOD FORESTS OVER THREE DECADES
Ecology,Ecology - 2005 - Briggs - INVESTIGATING THE POPULATION-LEVEL EFFECTS OF CHYTRIDIOMYCOSIS  AN EMERGING INFECTIOUS DISEASE OF
Ecology,Ecology - 2005 - Daszak - AMPHIBIAN POPULATION DECLINES AT SAVANNAH RIVER SITE ARE LINKED TO CLIMATE  NOT CHYTRIDIOMYCOSIS
Ecology,Ecology - 2005 - Gamfeldt - INCREASING INTRASPECIFIC DIVERSITY ENHANCES SETTLING SUCCESS IN A MARINE INVERTEBRATE
Ecology,Ecology - 2005 - Goodwin - LIMITED DISPERSAL AND HETEROGENEOUS PREDATION RISK SYNERGISTICALLY ENHANCE PERSISTENCE OF RARE
Ecology,Ecology - 2005 - Holle - ECOLOGICAL RESISTANCE TO BIOLOGICAL INVASION OVERWHELMED BY PROPAGULE PRESSURE
Ecology,Ecology - 2005 - Lehmann-Ziebarth - EVOLUTION OF PERIODICITY IN PERIODICAL CICADAS
Ecology,Ecology - 2005 - Morris - ENVIRONMENTAL FORCING AND THE COMPETITIVE DYNAMICS OF A GUILD OF CACTUS-TENDING ANT MUTUALISTS
Ecology,Ecology - 2005 - Mouquet - CONSERVING COMMUNITY MODULES  A CASE STUDY OF THE ENDANGERED LYCAENID BUTTERFLY MACULINEA ALCON
Ecology,Ecology - 2005 - Shea - CONTEXT-DEPENDENT BIOLOGICAL CONTROL OF AN INVASIVE THISTLE
Ecology,Ecology - 2005 - Styrsky - JUVENILE MORTALITY INCREASES WITH CLUTCH SIZE IN A NEOTROPICAL BIRD
Ecology,Ecology - 2010 - Biswas - Disturbance effects on species diversity and functional diversity in riparian and upland plant
Ecology,Ecology - 2010 - Bj%C3%B8rnstad - Geographic variation in North American gypsy moth cycles  subharmonics  generalist predators 
Ecology,Ecology - 2010 - Bricker - Small-mammal seed predation limits the recruitment and abundance of two perennial grassland
Ecology,Ecology - 2010 - Bridgeland - A conditional trophic cascade  Birds benefit faster growing trees with strong links between
Ecology,Ecology - 2010 - Kay - Nutrition and interference competition have interactive effects on the behavior and performance of
Ecology,Ecology - 2010 - Latty - Food quality and the risk of light exposure affect patch-choice decisions in the slime mold
Ecology,Ecology - 2010 - Lively - Parasite virulence  host life history  and the costs and benefits of sex
Ecology,Ecology - 2010 - Passy - A distinct latitudinal gradient of diatom diversity is linked to resource supply
Ecology,Ecology - 2010 - Royo - Pervasive interactions between ungulate browsers and disturbance regimes promote temperate forest
Ecology,Ecology - 2010 - Wootton - Experimental species removal alters ecological dynamics in a natural ecosystem
Ecology,Ecology - 2015 - Castorani - Connectivity structures local population dynamics  a long-term empirical test in a large
Ecology,Ecology - 2015 - Haslem - Landscape properties mediate the homogenization of bird assemblages during climatic extremes
Ecology,Ecology - 2015 - Jardine - Reconciling the role of organic matter pathways in aquatic food webs by measuring multiple
Ecology,Ecology - 2015 - Kenkel - Fine-scale environmental specialization of reef-building corals might be limiting reef recovery
Ecology,Ecology - 2015 - Leibold - Species sorting and patch dynamics in harlequin metacommunities affect the relative importance
Ecology,Ecology - 2015 - Petraitis - Variation in recruitment and the establishment of alternative community states
Ecology,Ecology - 2015 - Uszko - When is a type III functional response stabilizing  Theory and practice of predicting plankton
Ecology,Ecology - 2019 - Castorani - Disturbance size and frequency mediate the coexistence of benthic spatial competitors
Ecology,Ecology - 2019 - Dobson - Effects of earthworms and white-tailed deer on roots  arbuscular mycorrhizae  and forest seedling
Ecology,Ecology - 2019 - Giejsztowt - Climate change and invasion may synergistically affect native plant reproduction
Ecology,Ecology - 2019 - Hoffmann - Better lucky than good  How savanna trees escape the fire trap in a variable world
Ecology,Ecology - 2019 - Journ%C3%A9 - Correlative climatic niche models predict real and virtual species distributions equally well
Ecology,Ecology - 2019 - Reinke - Joint estimation of growth and survival from mark recapture data to improve estimates of
Ecology,Ecology - 2019 - Roberts - Comparison of distance-based and model-based ordinations
Ecology,Ecology - 2019 - Wilber - Inferring seasonal infection risk at population and regional scales from serology samples
Ecology,Ecology - 2024 - Searle - Demographic rescue falters when pathogens are present
Ecology,Ecology - 2024 - Strier - Abrupt demographic change affects projected population size  Implications for an endangered
Ecology,Ecology - 2024 - Yip - An insect pheromone primes tolerance of herbivory in goldenrod plants
Ecology,Ecology - 2024 - Zhang - Complex interactive responses of biodiversity to multiple environmental drivers
Ecology,Ecology - 2024 - Zhou - Energy transfer efficiency rather than productivity determines the strength of aquatic trophic
Ecology,Ecology - 2025 - Fahey - Canopy complexity drives positive effects of tree diversity on productivity in two tree diversity
Ecology,Ecology - 2025 - Tang - Ecological and anthropogenic drivers of local extinction and colonization of giant pandas over the
Ecology,Ecology - 2025 - Tian - Assessing the seasonality of foliar nutrient concentrations in woody plants
Ecology,Ecology - 2025 - Zhang - Do wood-boring beetles influence the flammability of deadwood
Molecular_Ecology,10.1111_j.1365-294x.2005.02441.x
Molecular_Ecology,10.1111_j.1365-294x.2005.02445.x
Molecular_Ecology,10.1111_j.1365-294x.2005.02448.x
Molecular_Ecology,10.1111_j.1365-294x.2005.02453.x
Molecular_Ecology,10.1111_j.1365-294x.2005.02458.x
Molecular_Ecology,10.1111_j.1365-294x.2005.02459.x
Molecular_Ecology,10.1111_j.1365-294x.2005.02477.x
Molecular_Ecology,10.1111_j.1365-294x.2005.02484.x
Molecular_Ecology,10.1111_j.1365-294x.2005.02498.x
Molecular_Ecology,10.1111_j.1365-294x.2005.02528.x
Molecular_Ecology,10.1111_j.1365-294x.2005.02559.x
Molecular_Ecology,10.1111_j.1365-294x.2005.02566.x
Molecular_Ecology,10.1111_j.1365-294x.2005.02589.x
Molecular_Ecology,10.1111_j.1365-294x.2005.02632.x
Molecular_Ecology,10.1111_j.1365-294x.2005.02633.x
Molecular_Ecology,10.1111_j.1365-294x.2005.02634.x
Molecular_Ecology,10.1111_j.1365-294x.2005.02642.x
Molecular_Ecology,10.1111_j.1365-294x.2005.02667.x
Molecular_Ecology,10.1111_j.1365-294x.2005.02719.x
Molecular_Ecology,10.1111_j.1365-294x.2005.02726.x
Molecular_Ecology,10.1111_j.1365-294x.2005.02730.x
Molecular_Ecology,10.1111_j.1365-294x.2005.02733.x
Molecular_Ecology,10.1111_j.1365-294x.2005.02741.x
Molecular_Ecology,10.1111_j.1365-294x.2009.04444.x
Molecular_Ecology,10.1111_j.1365-294x.2009.04520.x
Molecular_Ecology,10.1111_j.1365-294x.2010.04534.x
Molecular_Ecology,10.1111_j.1365-294x.2010.04536.x
Molecular_Ecology,10.1111_j.1365-294x.2010.04583.x
Molecular_Ecology,10.1111_j.1365-294x.2010.04584.x
Molecular_Ecology,10.1111_j.1365-294x.2010.04591.x
Molecular_Ecology,10.1111_j.1365-294x.2010.04611.x
Molecular_Ecology,10.1111_j.1365-294x.2010.04630.x
Molecular_Ecology,10.1111_j.1365-294x.2010.04667.x
Molecular_Ecology,10.1111_j.1365-294x.2010.04688.x
Molecular_Ecology,10.1111_j.1365-294x.2010.04694.x
Molecular_Ecology,10.1111_j.1365-294x.2010.04700.x
Molecular_Ecology,10.1111_j.1365-294x.2010.04752.x
Molecular_Ecology,10.1111_j.1365-294x.2010.04788.x
Molecular_Ecology,10.1111_j.1365-294x.2010.04791.x
Molecular_Ecology,10.1111_j.1365-294x.2010.04795.x
Molecular_Ecology,10.1111_j.1365-294x.2010.04812.x
Molecular_Ecology,10.1111_j.1365-294x.2010.04817.x
Molecular_Ecology,10.1111_j.1365-294x.2010.04822.x
Molecular_Ecology,10.1111_j.1365-294x.2010.04824.x
Molecular_Ecology,10.1111_j.1365-294x.2010.04896.x
Molecular_Ecology,10.1111_mec.13030
Molecular_Ecology,10.1111_mec.13042
Molecular_Ecology,10.1111_mec.13051
Molecular_Ecology,10.1111_mec.13061
Molecular_Ecology,10.1111_mec.13065
Molecular_Ecology,10.1111_mec.13072
Molecular_Ecology,10.1111_mec.13087
Molecular_Ecology,10.1111_mec.13099
Molecular_Ecology,10.1111_mec.13150
Molecular_Ecology,10.1111_mec.13154
Molecular_Ecology,10.1111_mec.13168
Molecular_Ecology,10.1111_mec.13229
Molecular_Ecology,10.1111_mec.13310
Molecular_Ecology,10.1111_mec.13314
Molecular_Ecology,10.1111_mec.13319
Molecular_Ecology,10.1111_mec.13400
Molecular_Ecology,10.1111_mec.13409
Molecular_Ecology,10.1111_mec.13435
Molecular_Ecology,10.1111_mec.13444
Molecular_Ecology,10.1111_mec.13479
Molecular_Ecology,10.1111_mec.15326
Molecular_Ecology,10.1111_mec.15337
Molecular_Ecology,10.1111_mec.15350
Molecular_Ecology,10.1111_mec.15383
Molecular_Ecology,10.1111_mec.15396
Molecular_Ecology,10.1111_mec.15424
Molecular_Ecology,10.1111_mec.15428
Molecular_Ecology,10.1111_mec.15436
Molecular_Ecology,10.1111_mec.15454
Molecular_Ecology,10.1111_mec.15462
Molecular_Ecology,10.1111_mec.15475
Molecular_Ecology,10.1111_mec.15493
Molecular_Ecology,10.1111_mec.15526
Molecular_Ecology,10.1111_mec.15559
Molecular_Ecology,10.1111_mec.15562
Molecular_Ecology,10.1111_mec.15568
Molecular_Ecology,10.1111_mec.15577
Molecular_Ecology,10.1111_mec.15578
Molecular_Ecology,10.1111_mec.15596
Molecular_Ecology,10.1111_mec.15617
Molecular_Ecology,10.1111_mec.15668
Molecular_Ecology,10.1111_mec.15697
Molecular_Ecology,10.1111_mec.17640
Molecular_Ecology,10.1111_mec.17659
Molecular_Ecology,10.1111_mec.17661
Molecular_Ecology,10.1111_mec.17662
Molecular_Ecology,10.1111_mec.17679
Molecular_Ecology,10.1111_mec.17718
Molecular_Ecology,10.1111_mec.17730
Molecular_Ecology,10.1111_mec.17735
Molecular_Ecology,10.1111_mec.17752
Molecular_Ecology,10.1111_mec.17756
Molecular_Ecology,10.1111_mec.17757
Molecular_Ecology,10.1111_mec.17762
Molecular_Ecology,10.1111_mec.17773
Molecular_Ecology,10.1111_mec.70013
Molecular_Ecology,10.1111_mec.70019
Molecular_Ecology,10.1111_mec.70028
Molecular_Ecology,10.1111_mec.70046
Molecular_Ecology,10.1111_mec.70076
Molecular_Ecology,10.1111_mec.70084
Molecular_Ecology,10.1111_mec.70149
Molecular_Ecology,10.1111_mec.70151
Molecular_Ecology,10.1111_mec.70159
Molecular_Ecology,10.1111_mec.70186
Journal_of_Neuroscience_Research,10.1002_jnr.20379
Journal_of_Neuroscience_Research,10.1002_jnr.20393
Journal_of_Neuroscience_Research,10.1002_jnr.20405
Journal_of_Neuroscience_Research,10.1002_jnr.20420
Journal_of_Neuroscience_Research,10.1002_jnr.20423
Journal_of_Neuroscience_Research,10.1002_jnr.20438
Journal_of_Neuroscience_Research,10.1002_jnr.20445
Journal_of_Neuroscience_Research,10.1002_jnr.20464
Journal_of_Neuroscience_Research,10.1002_jnr.20480
Journal_of_Neuroscience_Research,10.1002_jnr.20493
Journal_of_Neuroscience_Research,10.1002_jnr.20498
Journal_of_Neuroscience_Research,10.1002_jnr.20508
Journal_of_Neuroscience_Research,10.1002_jnr.20511
Journal_of_Neuroscience_Research,10.1002_jnr.20518
Journal_of_Neuroscience_Research,10.1002_jnr.20521
Journal_of_Neuroscience_Research,10.1002_jnr.20529
Journal_of_Neuroscience_Research,10.1002_jnr.20541
Journal_of_Neuroscience_Research,10.1002_jnr.20547
Journal_of_Neuroscience_Research,10.1002_jnr.20572
Journal_of_Neuroscience_Research,10.1002_jnr.20576
Journal_of_Neuroscience_Research,10.1002_jnr.20584
Journal_of_Neuroscience_Research,10.1002_jnr.20589
Journal_of_Neuroscience_Research,10.1002_jnr.20618
Journal_of_Neuroscience_Research,10.1002_jnr.20619
Journal_of_Neuroscience_Research,10.1002_jnr.20620
Journal_of_Neuroscience_Research,10.1002_jnr.20623
Journal_of_Neuroscience_Research,10.1002_jnr.20624
Journal_of_Neuroscience_Research,10.1002_jnr.20645
Journal_of_Neuroscience_Research,10.1002_jnr.20657
Journal_of_Neuroscience_Research,10.1002_jnr.20665
Journal_of_Neuroscience_Research,10.1002_jnr.20686
Journal_of_Neuroscience_Research,10.1002_jnr.20691
Journal_of_Neuroscience_Research,10.1002_jnr.22323
Journal_of_Neuroscience_Research,10.1002_jnr.22338
Journal_of_Neuroscience_Research,10.1002_jnr.22340
Journal_of_Neuroscience_Research,10.1002_jnr.22345
Journal_of_Neuroscience_Research,10.1002_jnr.22354
Journal_of_Neuroscience_Research,10.1002_jnr.22355
Journal_of_Neuroscience_Research,10.1002_jnr.22363
Journal_of_Neuroscience_Research,10.1002_jnr.22366
Journal_of_Neuroscience_Research,10.1002_jnr.22371
Journal_of_Neuroscience_Research,10.1002_jnr.22375
Journal_of_Neuroscience_Research,10.1002_jnr.22379
Journal_of_Neuroscience_Research,10.1002_jnr.22395
Journal_of_Neuroscience_Research,10.1002_jnr.22397
Journal_of_Neuroscience_Research,10.1002_jnr.22398
Journal_of_Neuroscience_Research,10.1002_jnr.22402
Journal_of_Neuroscience_Research,10.1002_jnr.22418
Journal_of_Neuroscience_Research,10.1002_jnr.22421
Journal_of_Neuroscience_Research,10.1002_jnr.22422
Journal_of_Neuroscience_Research,10.1002_jnr.22433
Journal_of_Neuroscience_Research,10.1002_jnr.22439
Journal_of_Neuroscience_Research,10.1002_jnr.22444
Journal_of_Neuroscience_Research,10.1002_jnr.22450
Journal_of_Neuroscience_Research,10.1002_jnr.22454
Journal_of_Neuroscience_Research,10.1002_jnr.22460
Journal_of_Neuroscience_Research,10.1002_jnr.22463
Journal_of_Neuroscience_Research,10.1002_jnr.22465
Journal_of_Neuroscience_Research,10.1002_jnr.22466
Journal_of_Neuroscience_Research,10.1002_jnr.22467
Journal_of_Neuroscience_Research,10.1002_jnr.22469
Journal_of_Neuroscience_Research,10.1002_jnr.22473
Journal_of_Neuroscience_Research,10.1002_jnr.22491
Journal_of_Neuroscience_Research,10.1002_jnr.22492
Journal_of_Neuroscience_Research,10.1002_jnr.22495
Journal_of_Neuroscience_Research,10.1002_jnr.22499
Journal_of_Neuroscience_Research,10.1002_jnr.22504
Journal_of_Neuroscience_Research,10.1002_jnr.22513
Journal_of_Neuroscience_Research,10.1002_jnr.22519
Journal_of_Neuroscience_Research,10.1002_jnr.22528
Journal_of_Neuroscience_Research,10.1002_jnr.23538
Journal_of_Neuroscience_Research,10.1002_jnr.23541
Journal_of_Neuroscience_Research,10.1002_jnr.23543
Journal_of_Neuroscience_Research,10.1002_jnr.23546
Journal_of_Neuroscience_Research,10.1002_jnr.23547
Journal_of_Neuroscience_Research,10.1002_jnr.23549
Journal_of_Neuroscience_Research,10.1002_jnr.23551
Journal_of_Neuroscience_Research,10.1002_jnr.23556
Journal_of_Neuroscience_Research,10.1002_jnr.23561
Journal_of_Neuroscience_Research,10.1002_jnr.23568
Journal_of_Neuroscience_Research,10.1002_jnr.23571
Journal_of_Neuroscience_Research,10.1002_jnr.23572
Journal_of_Neuroscience_Research,10.1002_jnr.23573
Journal_of_Neuroscience_Research,10.1002_jnr.23580
Journal_of_Neuroscience_Research,10.1002_jnr.23583
Journal_of_Neuroscience_Research,10.1002_jnr.23585
Journal_of_Neuroscience_Research,10.1002_jnr.23589
Journal_of_Neuroscience_Research,10.1002_jnr.23590
Journal_of_Neuroscience_Research,10.1002_jnr.23593
Journal_of_Neuroscience_Research,10.1002_jnr.23594
Journal_of_Neuroscience_Research,10.1002_jnr.23595
Journal_of_Neuroscience_Research,10.1002_jnr.23596
Journal_of_Neuroscience_Research,10.1002_jnr.23599
Journal_of_Neuroscience_Research,10.1002_jnr.23602
Journal_of_Neuroscience_Research,10.1002_jnr.23609
Journal_of_Neuroscience_Research,10.1002_jnr.23612
Journal_of_Neuroscience_Research,10.1002_jnr.23618
Journal_of_Neuroscience_Research,10.1002_jnr.23619
Journal_of_Neuroscience_Research,10.1002_jnr.23621
Journal_of_Neuroscience_Research,10.1002_jnr.23626
Journal_of_Neuroscience_Research,10.1002_jnr.23631
Journal_of_Neuroscience_Research,10.1002_jnr.23666
Journal_of_Neuroscience_Research,10.1002_jnr.24579
Journal_of_Neuroscience_Research,10.1002_jnr.24590
Journal_of_Neuroscience_Research,10.1002_jnr.24597
Journal_of_Neuroscience_Research,10.1002_jnr.24601
Journal_of_Neuroscience_Research,10.1002_jnr.24609
Journal_of_Neuroscience_Research,10.1002_jnr.24619
Journal_of_Neuroscience_Research,10.1002_jnr.24630
Journal_of_Neuroscience_Research,10.1002_jnr.24637
Journal_of_Neuroscience_Research,10.1002_jnr.24639
Journal_of_Neuroscience_Research,10.1002_jnr.24649
Journal_of_Neuroscience_Research,10.1002_jnr.24651
Journal_of_Neuroscience_Research,10.1002_jnr.24665
Journal_of_Neuroscience_Research,10.1002_jnr.24677
Journal_of_Neuroscience_Research,10.1002_jnr.24684
Journal_of_Neuroscience_Research,10.1002_jnr.24687
Journal_of_Neuroscience_Research,10.1002_jnr.24692
Journal_of_Neuroscience_Research,10.1002_jnr.24698
Journal_of_Neuroscience_Research,10.1002_jnr.24711
Journal_of_Neuroscience_Research,10.1002_jnr.24713
Journal_of_Neuroscience_Research,10.1002_jnr.24717
Journal_of_Neuroscience_Research,10.1002_jnr.70016
Journal_of_Neuroscience_Research,10.1002_jnr.70022
Journal_of_Neuroscience_Research,10.1002_jnr.70027
Journal_of_Neuroscience_Research,10.1002_jnr.70043
Journal_of_Neuroscience_Research,10.1002_jnr.70044
Journal_of_Neuroscience_Research,10.1002_jnr.70050
Journal_of_Neuroscience_Research,10.1002_jnr.70051
Journal_of_Neuroscience_Research,10.1002_jnr.70052
Journal_of_Neuroscience_Research,10.1002_jnr.70053
Journal_of_Neuroscience_Research,10.1002_jnr.70055
Journal_of_Neuroscience_Research,10.1002_jnr.70061
Journal_of_Neuroscience_Research,10.1002_jnr.70062
Journal_of_Neuroscience_Research,10.1002_jnr.70065
Journal_of_Neuroscience_Research,10.1002_jnr.70070
Journal_of_Neuroscience_Research,10.1002_jnr.70071
Journal_of_Neuroscience_Research,10.1002_jnr.70078
Journal_of_Neuroscience_Research,10.1002_jnr.70081
Journal_of_Neuroscience_Research,10.1002_jnr.70083
Journal_of_Neuroscience_Research,10.1002_jnr.70088
Journal_of_Neuroscience_Research,10.1002_jnr.70090
Journal_of_Neuroscience_Research,10.1002_jnr.70091
Journal_of_Neuroscience_Research,10.1002_jnr.70092
Journal_of_Neuroscience_Research,10.1002_jnr.70093
Journal_of_Neuroscience_Research,10.1002_jnr.70094
Journal_of_Neuroscience_Research,10.1002_jnr.70098
Molecular_Microbiology,10.1111_j.1365-2958.2004.04465.x
Molecular_Microbiology,10.1111_j.1365-2958.2004.04474.x
Molecular_Microbiology,10.1111_j.1365-2958.2004.04529.x
Molecular_Microbiology,10.1111_j.1365-2958.2005.04417.x
Molecular_Microbiology,10.1111_j.1365-2958.2005.04473.x
Molecular_Microbiology,10.1111_j.1365-2958.2005.04480.x
Molecular_Microbiology,10.1111_j.1365-2958.2005.04485.x
Molecular_Microbiology,10.1111_j.1365-2958.2005.04494.x
Molecular_Microbiology,10.1111_j.1365-2958.2005.04514.x
Molecular_Microbiology,10.1111_j.1365-2958.2005.04534.x
Molecular_Microbiology,10.1111_j.1365-2958.2005.04545.x
Molecular_Microbiology,10.1111_j.1365-2958.2005.04555.x
Molecular_Microbiology,10.1111_j.1365-2958.2005.04567.x
Molecular_Microbiology,10.1111_j.1365-2958.2005.04571.x
Molecular_Microbiology,10.1111_j.1365-2958.2005.04582.x
Molecular_Microbiology,10.1111_j.1365-2958.2005.04605.x
Molecular_Microbiology,10.1111_j.1365-2958.2005.04607.x
Molecular_Microbiology,10.1111_j.1365-2958.2005.04638.x
Molecular_Microbiology,10.1111_j.1365-2958.2005.04653.x
Molecular_Microbiology,10.1111_j.1365-2958.2005.04661.x
Molecular_Microbiology,10.1111_j.1365-2958.2005.04691.x
Molecular_Microbiology,10.1111_j.1365-2958.2005.04700.x
Molecular_Microbiology,10.1111_j.1365-2958.2005.04726.x
Molecular_Microbiology,10.1111_j.1365-2958.2005.04744.x
Molecular_Microbiology,10.1111_j.1365-2958.2005.04763.x
Molecular_Microbiology,10.1111_j.1365-2958.2005.04780.x
Molecular_Microbiology,10.1111_j.1365-2958.2005.04802.x
Molecular_Microbiology,10.1111_j.1365-2958.2005.04815.x
Molecular_Microbiology,10.1111_j.1365-2958.2005.04819.x
Molecular_Microbiology,10.1111_j.1365-2958.2005.04820.x
Molecular_Microbiology,10.1111_j.1365-2958.2005.04840.x
Molecular_Microbiology,10.1111_j.1365-2958.2005.04858.x
Molecular_Microbiology,10.1111_j.1365-2958.2005.04862.x
Molecular_Microbiology,10.1111_j.1365-2958.2005.04887.x
Molecular_Microbiology,10.1111_j.1365-2958.2005.04891.x
Molecular_Microbiology,10.1111_j.1365-2958.2005.04902.x
Molecular_Microbiology,10.1111_j.1365-2958.2009.06957.x
Molecular_Microbiology,10.1111_j.1365-2958.2009.06965.x
Molecular_Microbiology,10.1111_j.1365-2958.2009.06969.x
Molecular_Microbiology,10.1111_j.1365-2958.2009.06989.x
Molecular_Microbiology,10.1111_j.1365-2958.2009.06999.x
Molecular_Microbiology,10.1111_j.1365-2958.2009.07000.x
Molecular_Microbiology,10.1111_j.1365-2958.2009.07002.x
Molecular_Microbiology,10.1111_j.1365-2958.2009.07016.x
Molecular_Microbiology,10.1111_j.1365-2958.2009.07019.x
Molecular_Microbiology,10.1111_j.1365-2958.2010.07048.x
Molecular_Microbiology,10.1111_j.1365-2958.2010.07057.x
Molecular_Microbiology,10.1111_j.1365-2958.2010.07070.x
Molecular_Microbiology,10.1111_j.1365-2958.2010.07077.x
Molecular_Microbiology,10.1111_j.1365-2958.2010.07100.x
Molecular_Microbiology,10.1111_j.1365-2958.2010.07144.x
Molecular_Microbiology,10.1111_j.1365-2958.2010.07164.x
Molecular_Microbiology,10.1111_j.1365-2958.2010.07191.x
Molecular_Microbiology,10.1111_j.1365-2958.2010.07199.x
Molecular_Microbiology,10.1111_j.1365-2958.2010.07201.x
Molecular_Microbiology,10.1111_j.1365-2958.2010.07205.x
Molecular_Microbiology,10.1111_j.1365-2958.2010.07213.x
Molecular_Microbiology,10.1111_j.1365-2958.2010.07220.x
Molecular_Microbiology,10.1111_j.1365-2958.2010.07227.x
Molecular_Microbiology,10.1111_j.1365-2958.2010.07296.x
Molecular_Microbiology,10.1111_j.1365-2958.2010.07301.x
Molecular_Microbiology,10.1111_j.1365-2958.2010.07306.x
Molecular_Microbiology,10.1111_j.1365-2958.2010.07307.x
Molecular_Microbiology,10.1111_j.1365-2958.2010.07310.x
Molecular_Microbiology,10.1111_j.1365-2958.2010.07349.x
Molecular_Microbiology,10.1111_j.1365-2958.2010.07360.x
Molecular_Microbiology,10.1111_j.1365-2958.2010.07382.x
Molecular_Microbiology,10.1111_j.1365-2958.2010.07384.x
Molecular_Microbiology,10.1111_j.1365-2958.2010.07394.x
Molecular_Microbiology,10.1111_j.1365-2958.2010.07395.x
Molecular_Microbiology,10.1111_j.1365-2958.2010.07406.x
Molecular_Microbiology,10.1111_j.1365-2958.2010.07410.x
Molecular_Microbiology,10.1111_mmi.12900
Molecular_Microbiology,10.1111_mmi.12918
Molecular_Microbiology,10.1111_mmi.12922
Molecular_Microbiology,10.1111_mmi.12923
Molecular_Microbiology,10.1111_mmi.12936
Molecular_Microbiology,10.1111_mmi.12950
Molecular_Microbiology,10.1111_mmi.12959
Molecular_Microbiology,10.1111_mmi.12976
Molecular_Microbiology,10.1111_mmi.12993
Molecular_Microbiology,10.1111_mmi.13004
Molecular_Microbiology,10.1111_mmi.13010
Molecular_Microbiology,10.1111_mmi.13013
Molecular_Microbiology,10.1111_mmi.13018
Molecular_Microbiology,10.1111_mmi.13019
Molecular_Microbiology,10.1111_mmi.13022
Molecular_Microbiology,10.1111_mmi.13030
Molecular_Microbiology,10.1111_mmi.13046
Molecular_Microbiology,10.1111_mmi.13049
Molecular_Microbiology,10.1111_mmi.13060
Molecular_Microbiology,10.1111_mmi.13063
Molecular_Microbiology,10.1111_mmi.13086
Molecular_Microbiology,10.1111_mmi.13088
Molecular_Microbiology,10.1111_mmi.13112
Molecular_Microbiology,10.1111_mmi.13119
Molecular_Microbiology,10.1111_mmi.13120
Molecular_Microbiology,10.1111_mmi.13121
Molecular_Microbiology,10.1111_mmi.13145
Molecular_Microbiology,10.1111_mmi.13160
Molecular_Microbiology,10.1111_mmi.13172
Molecular_Microbiology,10.1111_mmi.14460
Molecular_Microbiology,10.1111_mmi.14461
Molecular_Microbiology,10.1111_mmi.14474
Molecular_Microbiology,10.1111_mmi.14477
Molecular_Microbiology,10.1111_mmi.14484
Molecular_Microbiology,10.1111_mmi.14489
Molecular_Microbiology,10.1111_mmi.14491
Molecular_Microbiology,10.1111_mmi.14498
Molecular_Microbiology,10.1111_mmi.14500
Molecular_Microbiology,10.1111_mmi.14507
Molecular_Microbiology,10.1111_mmi.14508
Molecular_Microbiology,10.1111_mmi.14511
Molecular_Microbiology,10.1111_mmi.14512
Molecular_Microbiology,10.1111_mmi.14515
Molecular_Microbiology,10.1111_mmi.14516
Molecular_Microbiology,10.1111_mmi.14522
Molecular_Microbiology,10.1111_mmi.14530
Molecular_Microbiology,10.1111_mmi.14532
Molecular_Microbiology,10.1111_mmi.14559
Molecular_Microbiology,10.1111_mmi.14577
Molecular_Microbiology,10.1111_mmi.14583
Molecular_Microbiology,10.1111_mmi.14588
Molecular_Microbiology,10.1111_mmi.14594
Molecular_Microbiology,10.1111_mmi.15338
Molecular_Microbiology,10.1111_mmi.15339
Molecular_Microbiology,10.1111_mmi.15340
Molecular_Microbiology,10.1111_mmi.15343
Molecular_Microbiology,10.1111_mmi.15345
Molecular_Microbiology,10.1111_mmi.15346
Molecular_Microbiology,10.1111_mmi.15348
Molecular_Microbiology,10.1111_mmi.15350
Molecular_Microbiology,10.1111_mmi.15355
Molecular_Microbiology,10.1111_mmi.15356
Molecular_Microbiology,10.1111_mmi.15357
Molecular_Microbiology,10.1111_mmi.15359
Molecular_Microbiology,10.1111_mmi.15360
Molecular_Microbiology,10.1111_mmi.15361
Molecular_Microbiology,10.1111_mmi.15369
Molecular_Microbiology,10.1111_mmi.15370
Molecular_Microbiology,10.1111_mmi.15373
Molecular_Microbiology,10.1111_mmi.15376
Molecular_Microbiology,10.1111_mmi.15377
Molecular_Microbiology,10.1111_mmi.15378
Molecular_Microbiology,10.1111_mmi.70000
Molecular_Microbiology,10.1111_mmi.70002
Molecular_Microbiology,10.1111_mmi.70006
Molecular_Microbiology,10.1111_mmi.70008
Molecular_Microbiology,10.1111_mmi.70012
Molecular_Microbiology,10.1111_mmi.70014
Molecular_Microbiology,10.1111_mmi.70016
Molecular_Microbiology,10.1111_mmi.70020
Molecular_Microbiology,10.1111_mmi.70024
Molecular_Microbiology,10.1111_mmi.70030
